#ifndef LEX_BOOT_SCREEN_H
#define LEX_BOOT_SCREEN_H

#include <Arduino.h>

static const uint16_t LEX_BOOT_WIDTH = 320;
static const uint16_t LEX_BOOT_HEIGHT = 240;
static const uint16_t lex_boot_screen[] PROGMEM = {
  0x0000, 0x0000, 0x0000, 0x0000, 0x0000, 0x0000, 0x0000, 0x0000, 0x0000, 0x0000, 0x0000, 0x0000,
  0x0000, 0x0000, 0x0000, 0x0000, 0x0000, 0x0000, 0x0000, 0x0000, 0x0000, 0x0000, 0x0000, 0x0000,
  0x0000, 0x0000, 0x0000, 0x0000, 0x0000, 0x0000, 0x0000, 0x0000, 0x0000, 0x0000, 0x0000, 0x0000,
  0x0000, 0x0000, 0x0000, 0x0000, 0x0000, 0x0000, 0x0000, 0x0000, 0x0000, 0x0000, 0x0000, 0x0000,
  0x0000, 0x0000, 0x0000, 0x0000, 0x0000, 0x0000, 0x0000, 0x0000, 0x0000, 0x0000, 0x0000, 0x0000,
  0x0000, 0x0000, 0x0000, 0x0000, 0x0000, 0x0000, 0x0000, 0x0000, 0x0000, 0x0000, 0x0000, 0x0000,
  0x0000, 0x0000, 0x0000, 0x0000, 0x0000, 0x0000, 0x0000, 0x0000, 0x0000, 0x0000, 0x0000, 0x0000,
  0x0000, 0x0000, 0x0000, 0x0000, 0x0000, 0x0000, 0x0000, 0x0000, 0x0000, 0x0000, 0x0000, 0x0000,
  0x0000, 0x0000, 0x0000, 0x0000, 0x0000, 0x0000, 0x0000, 0x0000, 0x0000, 0x0000, 0x0000, 0x0000,
  0x0000, 0x0000, 0x0000, 0x0000, 0x0000, 0x0000, 0x0000, 0x0000, 0x0000, 0x0000, 0x0000, 0x0000,
  0x0000, 0x0000, 0x0000, 0x0000, 0x0000, 0x0000, 0x0000, 0x0000, 0x0000, 0x0000, 0x0000, 0x0000,
  0x0000, 0x0000, 0x0000, 0x0000, 0x0000, 0x0000, 0x0000, 0x0000, 0x0000, 0x0000, 0x0000, 0x0000,
  0x0000, 0x0000, 0x0000, 0x0000, 0x0000, 0x0000, 0x0000, 0x0000, 0x0000, 0x0000, 0x0000, 0x0000,
  0x0000, 0x0000, 0x0000, 0x0000, 0x0000, 0x0000, 0x0000, 0x0000, 0x0000, 0x0000, 0x0000, 0x0000,
  0x0000, 0x0000, 0x0000, 0x0000, 0x0000, 0x0000, 0x0000, 0x0000, 0x0000, 0x0000, 0x0000, 0x0000,
  0x0000, 0x0000, 0x0000, 0x0000, 0x0000, 0x0000, 0x0000, 0x0000, 0x0000, 0x0000, 0x0000, 0x0000,
  0x0000, 0x0000, 0x0000, 0x0000, 0x0000, 0x0000, 0x0000, 0x0000, 0x0000, 0x0000, 0x0000, 0x0000,
  0x0000, 0x0000, 0x0000, 0x0000, 0x0000, 0x0000, 0x0000, 0x0000, 0x0000, 0x0000, 0x0000, 0x0000,
  0x0000, 0x0000, 0x0000, 0x0000, 0x0000, 0x0000, 0x0000, 0x0000, 0x0000, 0x0000, 0x0000, 0x0000,
  0x0000, 0x0000, 0x0000, 0x0000, 0x0000, 0x0000, 0x0000, 0x0000, 0x0000, 0x0000, 0x0000, 0x0000,
  0x0000, 0x0000, 0x0000, 0x0000, 0x0000, 0x0000, 0x0000, 0x0000, 0x0000, 0x0000, 0x0000, 0x0000,
  0x0000, 0x0000, 0x0000, 0x0000, 0x0000, 0x0000, 0x0000, 0x0000, 0x0000, 0x0000, 0x0000, 0x0000,
  0x0000, 0x0000, 0x0000, 0x0000, 0x0000, 0x0000, 0x0000, 0x0000, 0x0000, 0x0000, 0x0000, 0x0000,
  0x0000, 0x0000, 0x0000, 0x0000, 0x0000, 0x0000, 0x0000, 0x0000, 0x0000, 0x0000, 0x0000, 0x0000,
  0x0000, 0x0000, 0x0000, 0x0000, 0x0000, 0x0000, 0x0000, 0x0000, 0x0000, 0x0000, 0x0000, 0x0000,
  0x0000, 0x0000, 0x0000, 0x0000, 0x0000, 0x0000, 0x0000, 0x0000, 0x0000, 0x0000, 0x0000, 0x0000,
  0x0000, 0x0000, 0x0000, 0x0000, 0x0000, 0x0000, 0x0000, 0x0000, 0x0000, 0x0000, 0x0000, 0x0000,
  0x0000, 0x0000, 0x0000, 0x0000, 0x0000, 0x0000, 0x0000, 0x0000, 0x0000, 0x0000, 0x0000, 0x0000,
  0x0000, 0x0000, 0x0000, 0x0000, 0x0000, 0x0000, 0x0000, 0x0000, 0x0000, 0x0000, 0x0000, 0x0000,
  0x0000, 0x0000, 0x0000, 0x0000, 0x0000, 0x0000, 0x0000, 0x0000, 0x0000, 0x0000, 0x0000, 0x0000,
  0x0000, 0x0000, 0x0000, 0x0000, 0x0000, 0x0000, 0x0000, 0x0000, 0x0000, 0x0000, 0x0000, 0x0000,
  0x0000, 0x0000, 0x0000, 0x0000, 0x0000, 0x0000, 0x0000, 0x0000, 0x0000, 0x0000, 0x0000, 0x0000,
  0x0000, 0x0000, 0x0000, 0x0000, 0x0000, 0x0000, 0x0000, 0x0000, 0x0000, 0x0000, 0x0000, 0x0000,
  0x0000, 0x0000, 0x0000, 0x0000, 0x0000, 0x0000, 0x0000, 0x0000, 0x0000, 0x0000, 0x0000, 0x0000,
  0x0000, 0x0000, 0x0000, 0x0000, 0x0000, 0x0000, 0x0000, 0x0000, 0x0000, 0x0000, 0x0000, 0x0000,
  0x0000, 0x0000, 0x0000, 0x0000, 0x0000, 0x0000, 0x0000, 0x0000, 0x0000, 0x0000, 0x0000, 0x0000,
  0x0000, 0x0000, 0x0000, 0x0000, 0x0000, 0x0000, 0x0000, 0x0000, 0x0000, 0x0000, 0x0000, 0x0000,
  0x0000, 0x0000, 0x0000, 0x0000, 0x0000, 0x0000, 0x0000, 0x0000, 0x0000, 0x0000, 0x0000, 0x0000,
  0x0000, 0x0000, 0x0000, 0x0000, 0x0000, 0x0000, 0x0000, 0x0000, 0x0000, 0x0000, 0x0000, 0x0000,
  0x0000, 0x0000, 0x0000, 0x0000, 0x0000, 0x0000, 0x0000, 0x0000, 0x0000, 0x0000, 0x0000, 0x0000,
  0x0000, 0x0000, 0x0000, 0x0000, 0x0000, 0x0000, 0x0000, 0x0000, 0x0000, 0x0000, 0x0000, 0x0000,
  0x0000, 0x0000, 0x0000, 0x0000, 0x0000, 0x0000, 0x0000, 0x0000, 0x0000, 0x0000, 0x0000, 0x0000,
  0x0000, 0x0000, 0x0000, 0x0000, 0x0000, 0x0000, 0x0000, 0x0000, 0x0000, 0x0000, 0x0000, 0x0000,
  0x0000, 0x0000, 0x0000, 0x0000, 0x0000, 0x0000, 0x0000, 0x0000, 0x0000, 0x0000, 0x0000, 0x0000,
  0x0000, 0x0000, 0x0000, 0x0000, 0x0000, 0x0000, 0x0000, 0x0000, 0x0000, 0x0000, 0x0000, 0x0000,
  0x0000, 0x0000, 0x0000, 0x0000, 0x0000, 0x0000, 0x0000, 0x0000, 0x0000, 0x0000, 0x0000, 0x0000,
  0x0000, 0x0000, 0x0000, 0x0000, 0x0000, 0x0000, 0x0000, 0x0000, 0x0000, 0x0000, 0x0000, 0x0000,
  0x0000, 0x0000, 0x0000, 0x0000, 0x0000, 0x0000, 0x0000, 0x0000, 0x0000, 0x0000, 0x0000, 0x0000,
  0x0000, 0x0000, 0x0000, 0x0000, 0x0000, 0x0000, 0x0000, 0x0000, 0x0000, 0x0000, 0x0000, 0x0000,
  0x0000, 0x0000, 0x0000, 0x0000, 0x0000, 0x0000, 0x0000, 0x0000, 0x0000, 0x0000, 0x0000, 0x0000,
  0x0000, 0x0000, 0x0000, 0x0000, 0x0000, 0x0000, 0x0000, 0x0000, 0x0000, 0x0000, 0x0000, 0x0000,
  0x0000, 0x0000, 0x0000, 0x0000, 0x0000, 0x0000, 0x0000, 0x0000, 0x0000, 0x0000, 0x0000, 0x0000,
  0x0000, 0x0000, 0x0000, 0x0000, 0x0000, 0x0000, 0x0000, 0x0000, 0x0000, 0x0000, 0x0000, 0x0000,
  0x0000, 0x0000, 0x0000, 0x0000, 0x0000, 0x0000, 0x0000, 0x0000, 0x0000, 0x0000, 0x0000, 0x0000,
  0x0000, 0x0000, 0x0000, 0x0000, 0x0000, 0x0000, 0x0000, 0x0000, 0x0000, 0x0000, 0x0000, 0x0000,
  0x0000, 0x0000, 0x0000, 0x0000, 0x0000, 0x0000, 0x0000, 0x0000, 0x0000, 0x0000, 0x0000, 0x0000,
  0x0000, 0x0000, 0x0000, 0x0000, 0x0000, 0x0000, 0x0000, 0x0000, 0x0000, 0x0000, 0x0000, 0x0000,
  0x0000, 0x0000, 0x0000, 0x0000, 0x0000, 0x0000, 0x0000, 0x0000, 0x0000, 0x0000, 0x0000, 0x0000,
  0x0000, 0x0000, 0x0000, 0x0000, 0x0000, 0x0000, 0x0000, 0x0000, 0x0000, 0x0000, 0x0000, 0x0000,
  0x0000, 0x0000, 0x0000, 0x0000, 0x0000, 0x0000, 0x0000, 0x0000, 0x0000, 0x0000, 0x0000, 0x0000,
  0x0000, 0x0000, 0x0000, 0x0000, 0x0000, 0x0000, 0x0000, 0x0000, 0x0000, 0x0000, 0x0000, 0x0000,
  0x0000, 0x0000, 0x0000, 0x0000, 0x0000, 0x0000, 0x0000, 0x0000, 0x0000, 0x0000, 0x0000, 0x0000,
  0x0000, 0x0000, 0x0000, 0x0000, 0x0000, 0x0000, 0x0000, 0x0000, 0x0000, 0x0000, 0x0000, 0x0000,
  0x0000, 0x0000, 0x0000, 0x0000, 0x0000, 0x0000, 0x0000, 0x0000, 0x0000, 0x0000, 0x0000, 0x0000,
  0x0000, 0x0000, 0x0000, 0x0000, 0x0000, 0x0000, 0x0000, 0x0000, 0x0000, 0x0000, 0x0000, 0x0000,
  0x0000, 0x0000, 0x0000, 0x0000, 0x0000, 0x0000, 0x0000, 0x0000, 0x0000, 0x0000, 0x0000, 0x0000,
  0x0000, 0x0000, 0x0000, 0x0000, 0x0000, 0x0000, 0x0000, 0x0000, 0x0000, 0x0000, 0x0000, 0x0000,
  0x0000, 0x0000, 0x0000, 0x0000, 0x0000, 0x0000, 0x0000, 0x0000, 0x0000, 0x0000, 0x0000, 0x0000,
  0x0000, 0x0000, 0x0000, 0x0000, 0x0000, 0x0000, 0x0000, 0x0000, 0x0000, 0x0000, 0x0000, 0x0000,
  0x0000, 0x0000, 0x0000, 0x0000, 0x0000, 0x0000, 0x0000, 0x0000, 0x0000, 0x0000, 0x0000, 0x0000,
  0x0000, 0x0000, 0x0000, 0x0000, 0x0000, 0x0000, 0x0000, 0x0000, 0x0000, 0x0000, 0x0000, 0x0000,
  0x0000, 0x0000, 0x0000, 0x0000, 0x0000, 0x0000, 0x0000, 0x0000, 0x0000, 0x0000, 0x0000, 0x0000,
  0x0000, 0x0000, 0x0000, 0x0000, 0x0000, 0x0000, 0x0000, 0x0000, 0x0000, 0x0000, 0x0000, 0x0000,
  0x0000, 0x0000, 0x0000, 0x0000, 0x0000, 0x0000, 0x0000, 0x0000, 0x0000, 0x0000, 0x0000, 0x0000,
  0x0000, 0x0000, 0x0000, 0x0000, 0x0000, 0x0000, 0x0000, 0x0000, 0x0000, 0x0000, 0x0000, 0x0000,
  0x0000, 0x0000, 0x0000, 0x0000, 0x0000, 0x0000, 0x0000, 0x0000, 0x0000, 0x0000, 0x0000, 0x0000,
  0x0000, 0x0000, 0x0000, 0x0000, 0x0000, 0x0000, 0x0000, 0x0000, 0x0000, 0x0000, 0x0000, 0x0000,
  0x0000, 0x0000, 0x0000, 0x0000, 0x0000, 0x0000, 0x0000, 0x0000, 0x0000, 0x0000, 0x0000, 0x0000,
  0x0000, 0x0000, 0x0000, 0x0000, 0x0000, 0x0000, 0x0000, 0x0000, 0x0000, 0x0000, 0x0000, 0x0000,
  0x0000, 0x0000, 0x0000, 0x0000, 0x0000, 0x0000, 0x0000, 0x0000, 0x0000, 0x0000, 0x0000, 0x0000,
  0x0000, 0x0000, 0x0000, 0x0000, 0x0000, 0x0000, 0x0000, 0x0000, 0x0000, 0x0000, 0x0000, 0x0000,
  0x0000, 0x0000, 0x0000, 0x0000, 0x0000, 0x0000, 0x0000, 0x0000, 0x0000, 0x0000, 0x0000, 0x0000,
  0x0000, 0x0000, 0x0000, 0x0000, 0x0000, 0x0000, 0x0000, 0x0000, 0x0000, 0x0000, 0x0000, 0x0000,
  0x0000, 0x0000, 0x0000, 0x0000, 0x0000, 0x0000, 0x0000, 0x0000, 0x0000, 0x0000, 0x0000, 0x0000,
  0x0000, 0x0000, 0x0000, 0x0000, 0x0000, 0x0000, 0x0000, 0x0000, 0x0000, 0x0000, 0x0000, 0x0000,
  0x0000, 0x0000, 0x0000, 0x0000, 0x0000, 0x0000, 0x0000, 0x0000, 0x0000, 0x0000, 0x0000, 0x0000,
  0x0000, 0x0000, 0x0000, 0x0000, 0x0000, 0x0000, 0x0000, 0x0000, 0x0000, 0x0000, 0x0000, 0x0000,
  0x0000, 0x0000, 0x0000, 0x0000, 0x0000, 0x0000, 0x0000, 0x0000, 0x0000, 0x0000, 0x0000, 0x0000,
  0x0000, 0x0000, 0x0000, 0x0000, 0x0000, 0x0000, 0x0000, 0x0000, 0x0000, 0x0000, 0x0000, 0x0000,
  0x0000, 0x0000, 0x0000, 0x0000, 0x0000, 0x0000, 0x0000, 0x0000, 0x0000, 0x0000, 0x0000, 0x0000,
  0x0000, 0x0000, 0x0000, 0x0000, 0x0000, 0x0000, 0x0000, 0x0000, 0x0000, 0x0000, 0x0000, 0x0000,
  0x0000, 0x0000, 0x0000, 0x0000, 0x0000, 0x0000, 0x0000, 0x0000, 0x0000, 0x0000, 0x0000, 0x0000,
  0x0000, 0x0000, 0x0000, 0x0000, 0x0000, 0x0000, 0x0000, 0x0000, 0x0000, 0x0000, 0x0000, 0x0000,
  0x0000, 0x0000, 0x0000, 0x0000, 0x0000, 0x0000, 0x0000, 0x0000, 0x0000, 0x0000, 0x0000, 0x0000,
  0x0000, 0x0000, 0x0000, 0x0000, 0x0000, 0x0000, 0x0000, 0x0000, 0x0000, 0x0000, 0x0000, 0x0000,
  0x0000, 0x0000, 0x0000, 0x0000, 0x0000, 0x0000, 0x0000, 0x0000, 0x0000, 0x0000, 0x0000, 0x0000,
  0x0000, 0x0000, 0x0000, 0x0000, 0x0000, 0x0000, 0x0000, 0x0000, 0x0000, 0x0000, 0x0000, 0x0000,
  0x0000, 0x0000, 0x0000, 0x0000, 0x0000, 0x0000, 0x0000, 0x0000, 0x0000, 0x0000, 0x0000, 0x0000,
  0x0000, 0x0000, 0x0000, 0x0000, 0x0000, 0x0000, 0x0000, 0x0000, 0x0000, 0x0000, 0x0000, 0x0000,
  0x0000, 0x0000, 0x0000, 0x0000, 0x0000, 0x0000, 0x0000, 0x0000, 0x0000, 0x0000, 0x0000, 0x0000,
  0x0000, 0x0000, 0x0000, 0x0000, 0x0000, 0x0000, 0x0000, 0x0000, 0x0000, 0x0000, 0x0000, 0x0000,
  0x0000, 0x0000, 0x0000, 0x0000, 0x0000, 0x0000, 0x0000, 0x0000, 0x0000, 0x0000, 0x0000, 0x0000,
  0x0000, 0x0000, 0x0000, 0x0000, 0x0000, 0x0000, 0x0000, 0x0000, 0x0000, 0x0000, 0x0000, 0x0000,
  0x0000, 0x0000, 0x0000, 0x0000, 0x0000, 0x0000, 0x0000, 0x0000, 0x0000, 0x0000, 0x0000, 0x0000,
  0x0000, 0x0000, 0x0000, 0x0000, 0x0000, 0x0000, 0x0000, 0x0000, 0x0000, 0x0000, 0x0000, 0x0000,
  0x0000, 0x0000, 0x0000, 0x0000, 0x0000, 0x0000, 0x0000, 0x0000, 0x0000, 0x0000, 0x0000, 0x0000,
  0x0000, 0x0000, 0x0000, 0x0000, 0x0000, 0x0000, 0x0000, 0x0000, 0x0000, 0x0000, 0x0000, 0x0000,
  0x0000, 0x0000, 0x0000, 0x0000, 0x0000, 0x0000, 0x0000, 0x0000, 0x0000, 0x0000, 0x0000, 0x0000,
  0x0000, 0x0000, 0x0000, 0x0000, 0x0000, 0x0000, 0x0000, 0x0000, 0x0000, 0x0000, 0x0000, 0x0000,
  0x0000, 0x0000, 0x0000, 0x0000, 0x0000, 0x0000, 0x0000, 0x0000, 0x0000, 0x0000, 0x0000, 0x0000,
  0x0000, 0x0000, 0x0000, 0x0000, 0x0000, 0x0000, 0x0000, 0x0000, 0x0000, 0x0000, 0x0000, 0x0000,
  0x0000, 0x0000, 0x0000, 0x0000, 0x0000, 0x0000, 0x0000, 0x0000, 0x0000, 0x0000, 0x0000, 0x0000,
  0x0000, 0x0000, 0x0000, 0x0000, 0x0000, 0x0000, 0x0000, 0x0000, 0x0000, 0x0000, 0x0000, 0x0000,
  0x0000, 0x0000, 0x0000, 0x0000, 0x0000, 0x0000, 0x0000, 0x0000, 0x0000, 0x0000, 0x0000, 0x0000,
  0x0000, 0x0000, 0x0000, 0x0000, 0x0000, 0x0000, 0x0000, 0x0000, 0x0000, 0x0000, 0x0000, 0x0000,
  0x0000, 0x0000, 0x0000, 0x0000, 0x0000, 0x0000, 0x0000, 0x0000, 0x0000, 0x0000, 0x0000, 0x0000,
  0x0000, 0x0000, 0x0000, 0x0000, 0x0000, 0x0000, 0x0000, 0x0000, 0x0000, 0x0000, 0x0000, 0x0000,
  0x0000, 0x0000, 0x0000, 0x0000, 0x0000, 0x0000, 0x0000, 0x0000, 0x0000, 0x0000, 0x0000, 0x0000,
  0x0000, 0x0000, 0x0000, 0x0000, 0x0000, 0x0000, 0x0000, 0x0000, 0x0000, 0x0000, 0x0000, 0x0000,
  0x0000, 0x0000, 0x0000, 0x0000, 0x0000, 0x0000, 0x0000, 0x0000, 0x0000, 0x0000, 0x0000, 0x0000,
  0x0000, 0x0000, 0x0000, 0x0000, 0x0000, 0x0000, 0x0000, 0x0000, 0x0000, 0x0000, 0x0000, 0x0000,
  0x0000, 0x0000, 0x0000, 0x0000, 0x0000, 0x0000, 0x0000, 0x0000, 0x0000, 0x0000, 0x0000, 0x0000,
  0x0000, 0x0000, 0x0000, 0x0000, 0x0000, 0x0000, 0x0000, 0x0000, 0x0000, 0x0000, 0x0000, 0x0000,
  0x0000, 0x0000, 0x0000, 0x0000, 0x0000, 0x0000, 0x0000, 0x0000, 0x0000, 0x0000, 0x0000, 0x0000,
  0x0000, 0x0000, 0x0000, 0x0000, 0x0000, 0x0000, 0x0000, 0x0000, 0x0000, 0x0000, 0x0000, 0x0000,
  0x0000, 0x0000, 0x0000, 0x0000, 0x0000, 0x0000, 0x0000, 0x0000, 0x0000, 0x0000, 0x0000, 0x0000,
  0x0000, 0x0000, 0x0000, 0x0000, 0x0000, 0x0000, 0x0000, 0x0000, 0x0000, 0x0000, 0x0000, 0x0000,
  0x0000, 0x0000, 0x0000, 0x0000, 0x0000, 0x0000, 0x0000, 0x0000, 0x0000, 0x0000, 0x0000, 0x0000,
  0x0000, 0x0000, 0x0000, 0x0000, 0x0000, 0x0000, 0x0000, 0x0000, 0x0000, 0x0000, 0x0000, 0x0000,
  0x0000, 0x0000, 0x0000, 0x0000, 0x0000, 0x0000, 0x0000, 0x0000, 0x0000, 0x0000, 0x0000, 0x0000,
  0x0000, 0x0000, 0x0000, 0x0000, 0x0000, 0x0000, 0x0000, 0x0000, 0x0000, 0x0000, 0x0000, 0x0000,
  0x0000, 0x0000, 0x0000, 0x0000, 0x0000, 0x0000, 0x0000, 0x0000, 0x0000, 0x0000, 0x0000, 0x0000,
  0x0000, 0x0000, 0x0000, 0x0000, 0x0000, 0x0000, 0x0000, 0x0000, 0x0000, 0x0000, 0x0000, 0x0000,
  0x0000, 0x0000, 0x0000, 0x0000, 0x0000, 0x0000, 0x0000, 0x0000, 0x0000, 0x0000, 0x0000, 0x0000,
  0x0000, 0x0000, 0x0000, 0x0000, 0x0000, 0x0000, 0x0000, 0x0000, 0x0000, 0x0000, 0x0000, 0x0000,
  0x0000, 0x0000, 0x0000, 0x0000, 0x0000, 0x0000, 0x0000, 0x0000, 0x0000, 0x0000, 0x0000, 0x0000,
  0x0000, 0x0000, 0x0000, 0x0000, 0x0000, 0x0000, 0x0000, 0x0000, 0x0000, 0x0000, 0x0000, 0x0000,
  0x0000, 0x0000, 0x0000, 0x0000, 0x0000, 0x0000, 0x0000, 0x0000, 0x0000, 0x0000, 0x0000, 0x0000,
  0x0000, 0x0000, 0x0000, 0x0000, 0x0000, 0x0000, 0x0000, 0x0000, 0x0000, 0x0000, 0x0000, 0x0000,
  0x0000, 0x0000, 0x0000, 0x0000, 0x0000, 0x0000, 0x0000, 0x0000, 0x0000, 0x0000, 0x0000, 0x0000,
  0x0000, 0x0000, 0x0000, 0x0000, 0x0000, 0x0000, 0x0000, 0x0000, 0x0000, 0x0000, 0x0000, 0x0000,
  0x0000, 0x0000, 0x0000, 0x0000, 0x0000, 0x0000, 0x0000, 0x0000, 0x0000, 0x0000, 0x0000, 0x0000,
  0x0000, 0x0000, 0x0000, 0x0000, 0x0000, 0x0000, 0x0000, 0x0000, 0x0000, 0x0000, 0x0000, 0x0000,
  0x0000, 0x0000, 0x0000, 0x0000, 0x0000, 0x0000, 0x0000, 0x0000, 0x0000, 0x0000, 0x0000, 0x0000,
  0x0000, 0x0000, 0x0000, 0x0000, 0x0000, 0x0000, 0x0000, 0x0000, 0x0000, 0x0000, 0x0000, 0x0000,
  0x0000, 0x0000, 0x0000, 0x0000, 0x0000, 0x0000, 0x0000, 0x0000, 0x0000, 0x0000, 0x0000, 0x0000,
  0x0000, 0x0000, 0x0000, 0x0000, 0x0000, 0x0000, 0x0000, 0x0000, 0x0000, 0x0000, 0x0000, 0x0000,
  0x0000, 0x0000, 0x0000, 0x0000, 0x0000, 0x0000, 0x0000, 0x0000, 0x0000, 0x0000, 0x0000, 0x0000,
  0x0000, 0x0000, 0x0000, 0x0000, 0x0000, 0x0000, 0x0000, 0x0000, 0x0000, 0x0000, 0x0000, 0x0000,
  0x0000, 0x0000, 0x0000, 0x0000, 0x0000, 0x0000, 0x0000, 0x0000, 0x0000, 0x0000, 0x0000, 0x0000,
  0x0000, 0x0000, 0x0000, 0x0000, 0x0000, 0x0000, 0x0000, 0x0000, 0x0000, 0x0000, 0x0000, 0x0000,
  0x0000, 0x0000, 0x0000, 0x0000, 0x0000, 0x0000, 0x0000, 0x0000, 0x0000, 0x0000, 0x0000, 0x0000,
  0x0000, 0x0000, 0x0000, 0x0000, 0x0000, 0x0000, 0x0000, 0x0000, 0x0000, 0x0000, 0x0000, 0x0000,
  0x0000, 0x0000, 0x0000, 0x0000, 0x0000, 0x0000, 0x0000, 0x0000, 0x0000, 0x0000, 0x0000, 0x0000,
  0x0000, 0x0000, 0x0000, 0x0000, 0x0000, 0x0000, 0x0000, 0x0000, 0x0000, 0x0000, 0x0000, 0x0000,
  0x0000, 0x0000, 0x0000, 0x0000, 0x0000, 0x0000, 0x0000, 0x0000, 0x0000, 0x0000, 0x0000, 0x0000,
  0x0000, 0x0000, 0x0000, 0x0000, 0x0000, 0x0000, 0x0000, 0x0000, 0x0000, 0x0000, 0x0000, 0x0000,
  0x0000, 0x0000, 0x0000, 0x0000, 0x0000, 0x0000, 0x0000, 0x0000, 0x0000, 0x0000, 0x0000, 0x0000,
  0x0000, 0x0000, 0x0000, 0x0000, 0x0000, 0x0000, 0x0000, 0x0000, 0x0000, 0x0000, 0x0000, 0x0000,
  0x0000, 0x0000, 0x0000, 0x0000, 0x0000, 0x0000, 0x0000, 0x0000, 0x0000, 0x0000, 0x0000, 0x0000,
  0x0000, 0x0000, 0x0000, 0x0000, 0x0000, 0x0000, 0x0000, 0x0000, 0x0000, 0x0000, 0x0000, 0x0000,
  0x0000, 0x0000, 0x0000, 0x0000, 0x0000, 0x0000, 0x0000, 0x0000, 0x0000, 0x0000, 0x0000, 0x0000,
  0x0000, 0x0000, 0x0000, 0x0000, 0x0000, 0x0000, 0x0000, 0x0000, 0x0000, 0x0000, 0x0000, 0x0000,
  0x0000, 0x0000, 0x0000, 0x0000, 0x0000, 0x0000, 0x0000, 0x0000, 0x0000, 0x0000, 0x0000, 0x0000,
  0x0000, 0x0000, 0x0000, 0x0000, 0x0000, 0x0000, 0x0000, 0x0000, 0x0000, 0x0000, 0x0000, 0x0000,
  0x0000, 0x0000, 0x0000, 0x0000, 0x0000, 0x0000, 0x0000, 0x0000, 0x0000, 0x0000, 0x0000, 0x0000,
  0x0000, 0x0000, 0x0000, 0x0000, 0x0000, 0x0000, 0x0000, 0x0000, 0x0000, 0x0000, 0x0000, 0x0000,
  0x0000, 0x0000, 0x0000, 0x0000, 0x0000, 0x0000, 0x0000, 0x0000, 0x0000, 0x0000, 0x0000, 0x0000,
  0x0000, 0x0000, 0x0000, 0x0000, 0x0000, 0x0000, 0x0000, 0x0000, 0x0000, 0x0000, 0x0000, 0x0000,
  0x0000, 0x0000, 0x0000, 0x0000, 0x0000, 0x0000, 0x0000, 0x0000, 0x0000, 0x0000, 0x0000, 0x0000,
  0x0000, 0x0000, 0x0000, 0x0000, 0x0000, 0x0000, 0x0000, 0x0000, 0x0000, 0x0000, 0x0000, 0x0000,
  0x0000, 0x0000, 0x0000, 0x0000, 0x0000, 0x0000, 0x0000, 0x0000, 0x0000, 0x0000, 0x0000, 0x0000,
  0x0000, 0x0000, 0x0000, 0x0000, 0x0000, 0x0000, 0x0000, 0x0000, 0x0000, 0x0000, 0x0000, 0x0000,
  0x0000, 0x0000, 0x0000, 0x0000, 0x0000, 0x0000, 0x0000, 0x0000, 0x0000, 0x0000, 0x0000, 0x0000,
  0x0000, 0x0000, 0x0000, 0x0000, 0x0000, 0x0000, 0x0000, 0x0000, 0x0000, 0x0000, 0x0000, 0x0000,
  0x0000, 0x0000, 0x0000, 0x0000, 0x0000, 0x0000, 0x0000, 0x0000, 0x0000, 0x0000, 0x0000, 0x0000,
  0x0000, 0x0000, 0x0000, 0x0000, 0x0000, 0x0000, 0x0000, 0x0000, 0x0000, 0x0000, 0x0000, 0x0000,
  0x0000, 0x0000, 0x0000, 0x0000, 0x0000, 0x0000, 0x0000, 0x0000, 0x0000, 0x0000, 0x0000, 0x0000,
  0x0000, 0x0000, 0x0000, 0x0000, 0x0000, 0x0000, 0x0000, 0x0000, 0x0000, 0x0000, 0x0000, 0x0000,
  0x0000, 0x0000, 0x0000, 0x0000, 0x0000, 0x0000, 0x0000, 0x0000, 0x0000, 0x0000, 0x0000, 0x0000,
  0x0000, 0x0000, 0x0000, 0x0000, 0x0000, 0x0000, 0x0000, 0x0000, 0x0000, 0x0000, 0x0000, 0x0000,
  0x0000, 0x0000, 0x0000, 0x0000, 0x0000, 0x0000, 0x0000, 0x0000, 0x0000, 0x0000, 0x0000, 0x0000,
  0x0000, 0x0000, 0x0000, 0x0000, 0x0000, 0x0000, 0x0000, 0x0000, 0x0000, 0x0000, 0x0000, 0x0000,
  0x0000, 0x0000, 0x0000, 0x0000, 0x0000, 0x0000, 0x0000, 0x0000, 0x0000, 0x0000, 0x0000, 0x0000,
  0x0000, 0x0000, 0x0000, 0x0000, 0x0000, 0x0000, 0x0000, 0x0000, 0x0000, 0x0000, 0x0000, 0x0000,
  0x0000, 0x0000, 0x0000, 0x0000, 0x0000, 0x0000, 0x0000, 0x0000, 0x0000, 0x0000, 0x0000, 0x0000,
  0x0000, 0x0000, 0x0000, 0x0000, 0x0000, 0x0000, 0x0000, 0x0000, 0x0000, 0x0000, 0x0000, 0x0000,
  0x0000, 0x0000, 0x0000, 0x0000, 0x0000, 0x0000, 0x0000, 0x0000, 0x0000, 0x0000, 0x0000, 0x0000,
  0x0000, 0x0000, 0x0000, 0x0000, 0x0000, 0x0000, 0x0000, 0x0000, 0x0000, 0x0000, 0x0000, 0x0000,
  0x0000, 0x0000, 0x0000, 0x0000, 0x0000, 0x0000, 0x0000, 0x0000, 0x0000, 0x0000, 0x0000, 0x0000,
  0x0000, 0x0000, 0x0000, 0x0000, 0x0000, 0x0000, 0x0000, 0x0000, 0x0000, 0x0000, 0x0000, 0x0000,
  0x0000, 0x0000, 0x0000, 0x0000, 0x0000, 0x0000, 0x0000, 0x0000, 0x0000, 0x0000, 0x0000, 0x0000,
  0x0000, 0x0000, 0x0000, 0x0000, 0x0000, 0x0000, 0x0000, 0x0000, 0x0000, 0x0000, 0x0000, 0x0000,
  0x0000, 0x0000, 0x0000, 0x0000, 0x0000, 0x0000, 0x0000, 0x0000, 0x0000, 0x0000, 0x0000, 0x0000,
  0x0000, 0x0000, 0x0000, 0x0000, 0x0000, 0x0000, 0x0000, 0x0000, 0x0000, 0x0000, 0x0000, 0x0000,
  0x0000, 0x0000, 0x0000, 0x0000, 0x0000, 0x0000, 0x0000, 0x0000, 0x0000, 0x0000, 0x0000, 0x0000,
  0x0000, 0x0000, 0x0000, 0x0000, 0x0000, 0x0000, 0x0000, 0x0000, 0x0000, 0x0000, 0x0000, 0x0000,
  0x0000, 0x0000, 0x0000, 0x0000, 0x0000, 0x0000, 0x0000, 0x0000, 0x0000, 0x0000, 0x0000, 0x0000,
  0x0000, 0x0000, 0x0000, 0x0000, 0x0000, 0x0000, 0x0000, 0x0000, 0x0000, 0x0000, 0x0000, 0x0000,
  0x0000, 0x0000, 0x0000, 0x0000, 0x0000, 0x0000, 0x0000, 0x0000, 0x0000, 0x0000, 0x0000, 0x0000,
  0x0000, 0x0000, 0x0000, 0x0000, 0x0000, 0x0000, 0x0000, 0x0000, 0x0000, 0x0000, 0x0000, 0x0000,
  0x0000, 0x0000, 0x0000, 0x0000, 0x0000, 0x0000, 0x0000, 0x0000, 0x0000, 0x0000, 0x0000, 0x0000,
  0x0000, 0x0000, 0x0000, 0x0000, 0x0000, 0x0000, 0x0000, 0x0000, 0x0000, 0x0000, 0x0000, 0x0000,
  0x0000, 0x0000, 0x0000, 0x0000, 0x0000, 0x0000, 0x0000, 0x0000, 0x0000, 0x0000, 0x0000, 0x0000,
  0x0000, 0x0000, 0x0000, 0x0000, 0x0000, 0x0000, 0x0000, 0x0000, 0x0000, 0x0000, 0x0000, 0x0000,
  0x0000, 0x0000, 0x0000, 0x0000, 0x0000, 0x0000, 0x0000, 0x0000, 0x0000, 0x0000, 0x0000, 0x0000,
  0x0000, 0x0000, 0x0000, 0x0000, 0x0000, 0x0000, 0x0000, 0x0000, 0x0000, 0x0000, 0x0000, 0x0000,
  0x0000, 0x0000, 0x0000, 0x0000, 0x0000, 0x0000, 0x0000, 0x0000, 0x0000, 0x0000, 0x0000, 0x0000,
  0x0000, 0x0000, 0x0000, 0x0000, 0x0000, 0x0000, 0x0000, 0x0000, 0x0000, 0x0000, 0x0000, 0x0000,
  0x0000, 0x0000, 0x0000, 0x0000, 0x0000, 0x0000, 0x0000, 0x0000, 0x0000, 0x0000, 0x0000, 0x0000,
  0x0000, 0x0000, 0x0000, 0x0000, 0x0000, 0x0000, 0x0000, 0x0000, 0x0000, 0x0000, 0x0000, 0x0000,
  0x0000, 0x0000, 0x0000, 0x0000, 0x0000, 0x0000, 0x0000, 0x0000, 0x0000, 0x0000, 0x0000, 0x0000,
  0x0000, 0x0000, 0x0000, 0x0000, 0x0000, 0x0000, 0x0000, 0x0000, 0x0000, 0x0000, 0x0000, 0x0000,
  0x0000, 0x0000, 0x0000, 0x0000, 0x0000, 0x0000, 0x0000, 0x0000, 0x0000, 0x0000, 0x0000, 0x0000,
  0x0000, 0x0000, 0x0000, 0x0000, 0x0000, 0x0000, 0x0000, 0x0000, 0x0000, 0x0000, 0x0000, 0x0000,
  0x0000, 0x0000, 0x0000, 0x0000, 0x0000, 0x0000, 0x0000, 0x0000, 0x0000, 0x0000, 0x0000, 0x0000,
  0x0000, 0x0000, 0x0000, 0x0000, 0x0000, 0x0000, 0x0000, 0x0000, 0x0000, 0x0000, 0x0000, 0x0000,
  0x0000, 0x0000, 0x0000, 0x0000, 0x0000, 0x0000, 0x0000, 0x0000, 0x0000, 0x0000, 0x0000, 0x0000,
  0x0000, 0x0000, 0x0000, 0x0000, 0x0000, 0x0000, 0x0000, 0x0000, 0x0000, 0x0000, 0x0000, 0x0000,
  0x0000, 0x0000, 0x0000, 0x0000, 0x0000, 0x0000, 0x0000, 0x0000, 0x0000, 0x0000, 0x0000, 0x0000,
  0x0000, 0x0000, 0x0000, 0x0000, 0x0000, 0x0000, 0x0000, 0x0000, 0x0000, 0x0000, 0x0000, 0x0000,
  0x0000, 0x0000, 0x0000, 0x0000, 0x0000, 0x0000, 0x0000, 0x0000, 0x0000, 0x0000, 0x0000, 0x0000,
  0x0000, 0x0000, 0x0000, 0x0000, 0x0000, 0x0000, 0x0000, 0x0000, 0x0000, 0x0000, 0x0000, 0x0000,
  0x0000, 0x0000, 0x0000, 0x0000, 0x0000, 0x0000, 0x0000, 0x0000, 0x0000, 0x0000, 0x0000, 0x0000,
  0x0000, 0x0000, 0x0000, 0x0000, 0x0000, 0x0000, 0x0000, 0x0000, 0x0000, 0x0000, 0x0000, 0x0000,
  0x0000, 0x0000, 0x0000, 0x0000, 0x0000, 0x0000, 0x0000, 0x0000, 0x0000, 0x0000, 0x0000, 0x0000,
  0x0000, 0x0000, 0x0000, 0x0000, 0x0000, 0x0000, 0x0000, 0x0000, 0x0000, 0x0000, 0x0000, 0x0000,
  0x0000, 0x0000, 0x0000, 0x0000, 0x0000, 0x0000, 0x0000, 0x0000, 0x0000, 0x0000, 0x0000, 0x0000,
  0x0000, 0x0000, 0x0000, 0x0000, 0x0000, 0x0000, 0x0000, 0x0000, 0x0000, 0x0000, 0x0000, 0x0000,
  0x0000, 0x0000, 0x0000, 0x0000, 0x0000, 0x0000, 0x0000, 0x0000, 0x0000, 0x0000, 0x0000, 0x0000,
  0x0000, 0x0000, 0x0000, 0x0000, 0x0000, 0x0000, 0x0000, 0x0000, 0x0000, 0x0000, 0x0000, 0x0000,
  0x0000, 0x0000, 0x0000, 0x0000, 0x0000, 0x0000, 0x0000, 0x0000, 0x0000, 0x0000, 0x0000, 0x0000,
  0x0000, 0x0000, 0x0000, 0x0000, 0x0000, 0x0000, 0x0000, 0x0000, 0x0000, 0x0000, 0x0000, 0x0000,
  0x0000, 0x0000, 0x0000, 0x0000, 0x0000, 0x0000, 0x0000, 0x0000, 0x0000, 0x0000, 0x0000, 0x0000,
  0x0000, 0x0000, 0x0000, 0x0000, 0x0000, 0x0000, 0x0000, 0x0000, 0x0000, 0x0000, 0x0000, 0x0000,
  0x0000, 0x0000, 0x0000, 0x0000, 0x0000, 0x0000, 0x0000, 0x0000, 0x0000, 0x0000, 0x0000, 0x0000,
  0x0000, 0x0000, 0x0000, 0x0000, 0x0000, 0x0000, 0x0000, 0x0000, 0x0000, 0x0000, 0x0000, 0x0000,
  0x0000, 0x0000, 0x0000, 0x0000, 0x0000, 0x0000, 0x0000, 0x0000, 0x0000, 0x0000, 0x0000, 0x0000,
  0x0000, 0x0000, 0x0000, 0x0000, 0x0000, 0x0000, 0x0000, 0x0000, 0x0000, 0x0000, 0x0000, 0x0000,
  0x0000, 0x0000, 0x0000, 0x0000, 0x0000, 0x0000, 0x0000, 0x0000, 0x0000, 0x0000, 0x0000, 0x0000,
  0x0000, 0x0000, 0x0000, 0x0000, 0x0000, 0x0000, 0x0000, 0x0000, 0x0000, 0x0000, 0x0000, 0x0000,
  0x0000, 0x0000, 0x0000, 0x0000, 0x0000, 0x0000, 0x0000, 0x0000, 0x0000, 0x0000, 0x0000, 0x0000,
  0x0000, 0x0000, 0x0000, 0x0000, 0x0000, 0x0000, 0x0000, 0x0000, 0x0000, 0x0000, 0x0000, 0x0000,
  0x0000, 0x0000, 0x0000, 0x0000, 0x0000, 0x0000, 0x0000, 0x0000, 0x0000, 0x0000, 0x0000, 0x0000,
  0x0000, 0x0000, 0x0000, 0x0000, 0x0000, 0x0000, 0x0000, 0x0000, 0x0000, 0x0000, 0x0000, 0x0000,
  0x0000, 0x0000, 0x0000, 0x0000, 0x0000, 0x0000, 0x0000, 0x0000, 0x0000, 0x0000, 0x0000, 0x0000,
  0x0000, 0x0000, 0x0000, 0x0000, 0x0000, 0x0000, 0x0000, 0x0000, 0x0000, 0x0000, 0x0000, 0x0000,
  0x0000, 0x0000, 0x0000, 0x0000, 0x0000, 0x0000, 0x0000, 0x0000, 0x0000, 0x0000, 0x0000, 0x0000,
  0x0000, 0x0000, 0x0000, 0x0000, 0x0000, 0x0000, 0x0000, 0x0000, 0x0000, 0x0000, 0x0000, 0x0000,
  0x0000, 0x0000, 0x0000, 0x0000, 0x0000, 0x0000, 0x0000, 0x0000, 0x0000, 0x0000, 0x0000, 0x0000,
  0x0000, 0x0000, 0x0000, 0x0000, 0x0000, 0x0000, 0x0000, 0x0000, 0x0000, 0x0000, 0x0000, 0x0000,
  0x0000, 0x0000, 0x0000, 0x0000, 0x0000, 0x0000, 0x0000, 0x0000, 0x0000, 0x0000, 0x0000, 0x0000,
  0x0000, 0x0000, 0x0000, 0x0000, 0x0000, 0x0000, 0x0000, 0x0000, 0x0000, 0x0000, 0x0000, 0x0000,
  0x0000, 0x0000, 0x0000, 0x0000, 0x0000, 0x0000, 0x0000, 0x0000, 0x0000, 0x0000, 0x0000, 0x0000,
  0x0000, 0x0000, 0x0000, 0x0000, 0x0000, 0x0000, 0x0000, 0x0000, 0x0000, 0x0000, 0x0000, 0x0000,
  0x0000, 0x0000, 0x0000, 0x0000, 0x0000, 0x0000, 0x0000, 0x0000, 0x0000, 0x0000, 0x0000, 0x0000,
  0x0000, 0x0000, 0x0000, 0x0000, 0x0000, 0x0000, 0x0000, 0x0000, 0x0000, 0x0000, 0x0000, 0x0000,
  0x0000, 0x0000, 0x0000, 0x0000, 0x0000, 0x0000, 0x0000, 0x0000, 0x0000, 0x0000, 0x0000, 0x0000,
  0x0000, 0x0000, 0x0000, 0x0000, 0x0000, 0x0000, 0x0000, 0x0000, 0x0000, 0x0000, 0x0000, 0x0000,
  0x0000, 0x0000, 0x0000, 0x0000, 0x0000, 0x0000, 0x0000, 0x0000, 0x0000, 0x0000, 0x0000, 0x0000,
  0x0000, 0x0000, 0x0000, 0x0000, 0x0000, 0x0000, 0x0000, 0x0000, 0x0000, 0x0000, 0x0000, 0x0000,
  0x0000, 0x0000, 0x0000, 0x0000, 0x0000, 0x0000, 0x0000, 0x0000, 0x0000, 0x0000, 0x0000, 0x0000,
  0x0000, 0x0000, 0x0000, 0x0000, 0x0000, 0x0000, 0x0000, 0x0000, 0x0000, 0x0000, 0x0000, 0x0000,
  0x0000, 0x0000, 0x0000, 0x0000, 0x0000, 0x0000, 0x0000, 0x0000, 0x0000, 0x0000, 0x0000, 0x0000,
  0x0000, 0x0000, 0x0000, 0x0000, 0x0000, 0x0000, 0x0000, 0x0000, 0x0000, 0x0000, 0x0000, 0x0000,
  0x0000, 0x0000, 0x0000, 0x0000, 0x0000, 0x0000, 0x0000, 0x0000, 0x0000, 0x0000, 0x0000, 0x0000,
  0x0000, 0x0000, 0x0000, 0x0000, 0x0000, 0x0000, 0x0000, 0x0000, 0x0000, 0x0000, 0x0000, 0x0000,
  0x0000, 0x0000, 0x0000, 0x0000, 0x0000, 0x0000, 0x0000, 0x0000, 0x0000, 0x0000, 0x0000, 0x0000,
  0x0000, 0x0000, 0x0000, 0x0000, 0x0000, 0x0000, 0x0000, 0x0000, 0x0000, 0x0000, 0x0000, 0x0000,
  0x0000, 0x0000, 0x0000, 0x0000, 0x0000, 0x0000, 0x0000, 0x0000, 0x0000, 0x0000, 0x0000, 0x0000,
  0x0000, 0x0000, 0x0000, 0x0000, 0x0000, 0x0000, 0x0000, 0x0000, 0x0000, 0x0000, 0x0000, 0x0000,
  0x0000, 0x0000, 0x0000, 0x0000, 0x0000, 0x0000, 0x0000, 0x0000, 0x0000, 0x0000, 0x0000, 0x0000,
  0x0000, 0x0000, 0x0000, 0x0000, 0x0000, 0x0000, 0x0000, 0x0000, 0x0000, 0x0000, 0x0000, 0x0000,
  0x0000, 0x0000, 0x0000, 0x0000, 0x0000, 0x0000, 0x0000, 0x0000, 0x0000, 0x0000, 0x0000, 0x0000,
  0x0000, 0x0000, 0x0000, 0x0000, 0x0000, 0x0000, 0x0000, 0x0000, 0x0000, 0x0000, 0x0000, 0x0000,
  0x0000, 0x0000, 0x0000, 0x0000, 0x0000, 0x0000, 0x0000, 0x0000, 0x0000, 0x0000, 0x0000, 0x0000,
  0x0000, 0x0000, 0x0000, 0x0000, 0x0000, 0x0000, 0x0000, 0x0000, 0x0000, 0x0000, 0x0000, 0x0000,
  0x0000, 0x0000, 0x0000, 0x0000, 0x0000, 0x0000, 0x0000, 0x0000, 0x0000, 0x0000, 0x0000, 0x0000,
  0x0000, 0x0000, 0x0000, 0x0000, 0x0000, 0x0000, 0x0000, 0x0000, 0x0000, 0x0000, 0x0000, 0x0000,
  0x0000, 0x0000, 0x0000, 0x0000, 0x0000, 0x0000, 0x0000, 0x0000, 0x0000, 0x0000, 0x0000, 0x0000,
  0x0000, 0x0000, 0x0000, 0x0000, 0x0000, 0x0000, 0x0000, 0x0000, 0x0000, 0x0000, 0x0000, 0x0000,
  0x0000, 0x0000, 0x0000, 0x0000, 0x0000, 0x0000, 0x0000, 0x0000, 0x0000, 0x0000, 0x0000, 0x0000,
  0x0000, 0x0000, 0x0000, 0x0000, 0x0000, 0x0000, 0x0000, 0x0000, 0x0000, 0x0000, 0x0000, 0x0000,
  0x0000, 0x0000, 0x0000, 0x0000, 0x0000, 0x0000, 0x0000, 0x0000, 0x0000, 0x0000, 0x0000, 0x0000,
  0x0000, 0x0000, 0x0000, 0x0000, 0x0000, 0x0000, 0x0000, 0x0000, 0x0000, 0x0000, 0x0000, 0x0000,
  0x0000, 0x0000, 0x0000, 0x0000, 0x0000, 0x0000, 0x0000, 0x0000, 0x0000, 0x0000, 0x0000, 0x0000,
  0x0000, 0x0000, 0x0000, 0x0000, 0x0000, 0x0000, 0x0000, 0x0000, 0x0000, 0x0000, 0x0000, 0x0000,
  0x0000, 0x0000, 0x0000, 0x0000, 0x0000, 0x0000, 0x0000, 0x0000, 0x0000, 0x0000, 0x0000, 0x0000,
  0x0000, 0x0000, 0x0000, 0x0000, 0x0000, 0x0000, 0x0000, 0x0000, 0x0000, 0x0000, 0x0000, 0x0000,
  0x0000, 0x0000, 0x0000, 0x0000, 0x0000, 0x0000, 0x0000, 0x0000, 0x0000, 0x0000, 0x0000, 0x0000,
  0x0000, 0x0000, 0x0000, 0x0000, 0x0000, 0x0000, 0x0000, 0x0000, 0x0000, 0x0000, 0x0000, 0x0000,
  0x0000, 0x0000, 0x0000, 0x0000, 0x0000, 0x0000, 0x0000, 0x0000, 0x0000, 0x0000, 0x0000, 0x0000,
  0x0000, 0x0000, 0x0000, 0x0000, 0x0000, 0x0000, 0x0000, 0x0000, 0x0000, 0x0000, 0x0000, 0x0000,
  0x0000, 0x0000, 0x0000, 0x0000, 0x0000, 0x0000, 0x0000, 0x0000, 0x0000, 0x0000, 0x0000, 0x0000,
  0x0000, 0x0000, 0x0000, 0x0000, 0x0000, 0x0000, 0x0000, 0x0000, 0x0000, 0x0000, 0x0000, 0x0000,
  0x0000, 0x0000, 0x0000, 0x0000, 0x0000, 0x0000, 0x0000, 0x0000, 0x0000, 0x0000, 0x0000, 0x0000,
  0x0000, 0x0000, 0x0000, 0x0000, 0x0000, 0x0000, 0x0000, 0x0000, 0x0000, 0x0000, 0x0000, 0x0000,
  0x0000, 0x0000, 0x0000, 0x0000, 0x0000, 0x0000, 0x0000, 0x0000, 0x0000, 0x0000, 0x0000, 0x0000,
  0x0000, 0x0000, 0x0000, 0x0000, 0x0000, 0x0000, 0x0000, 0x0000, 0x0000, 0x0000, 0x0000, 0x0000,
  0x0000, 0x0000, 0x0000, 0x0000, 0x0000, 0x0000, 0x0000, 0x0000, 0x0000, 0x0000, 0x0000, 0x0000,
  0x0000, 0x0000, 0x0000, 0x0000, 0x0000, 0x0000, 0x0000, 0x0000, 0x0000, 0x0000, 0x0000, 0x0000,
  0x0000, 0x0000, 0x0000, 0x0000, 0x0000, 0x0000, 0x0000, 0x0000, 0x0000, 0x0000, 0x0000, 0x0000,
  0x0000, 0x0000, 0x0000, 0x0000, 0x0000, 0x0000, 0x0000, 0x0000, 0x0000, 0x0000, 0x0000, 0x0000,
  0x0000, 0x0000, 0x0000, 0x0000, 0x0000, 0x0000, 0x0000, 0x0000, 0x0000, 0x0000, 0x0000, 0x0000,
  0x0000, 0x0000, 0x0000, 0x0000, 0x0000, 0x0000, 0x0000, 0x0000, 0x0000, 0x0000, 0x0000, 0x0000,
  0x0000, 0x0000, 0x0000, 0x0000, 0x0000, 0x0000, 0x0000, 0x0000, 0x0000, 0x0000, 0x0000, 0x0000,
  0x0000, 0x0000, 0x0000, 0x0000, 0x0000, 0x0000, 0x0000, 0x0000, 0x0000, 0x0000, 0x0020, 0x0000,
  0x0000, 0x0000, 0x0000, 0x0000, 0x0000, 0x0000, 0x0000, 0x0000, 0x0000, 0x0000, 0x0000, 0x0000,
  0x0000, 0x0000, 0x0000, 0x0000, 0x0000, 0x0000, 0x0000, 0x0000, 0x0000, 0x0000, 0x0000, 0x0000,
  0x0000, 0x0000, 0x0000, 0x0000, 0x0000, 0x0000, 0x0000, 0x0000, 0x0000, 0x0000, 0x0000, 0x0000,
  0x0000, 0x0000, 0x0000, 0x0000, 0x0000, 0x0000, 0x0000, 0x0000, 0x0000, 0x0000, 0x0000, 0x0000,
  0x0000, 0x0000, 0x0000, 0x0000, 0x0000, 0x0000, 0x0000, 0x0000, 0x0000, 0x0000, 0x0000, 0x0000,
  0x0000, 0x0000, 0x0000, 0x0000, 0x0000, 0x0000, 0x0000, 0x0000, 0x0000, 0x0000, 0x0000, 0x0000,
  0x0000, 0x0000, 0x0000, 0x0000, 0x0000, 0x0000, 0x0000, 0x0000, 0x0000, 0x0000, 0x0000, 0x0000,
  0x0000, 0x0000, 0x0000, 0x0000, 0x0000, 0x0000, 0x0000, 0x0000, 0x0000, 0x0000, 0x0000, 0x0000,
  0x0000, 0x0000, 0x0000, 0x0000, 0x0000, 0x0000, 0x0000, 0x0000, 0x0000, 0x0000, 0x0000, 0x0000,
  0x0000, 0x0000, 0x0000, 0x0000, 0x0000, 0x0000, 0x0000, 0x0000, 0x0000, 0x0000, 0x0000, 0x0000,
  0x0000, 0x0000, 0x0000, 0x0000, 0x0000, 0x0000, 0x0000, 0x0000, 0x0000, 0x0000, 0x0000, 0x0000,
  0x0000, 0x0000, 0x0000, 0x0000, 0x0000, 0x0000, 0x0000, 0x0000, 0x0000, 0x0000, 0x0000, 0x0000,
  0x0000, 0x0000, 0x0000, 0x0000, 0x0000, 0x0000, 0x0000, 0x0000, 0x0000, 0x0000, 0x0000, 0x0000,
  0x0000, 0x0000, 0x0000, 0x0000, 0x0000, 0x0000, 0x0000, 0x0000, 0x0000, 0x0000, 0x0000, 0x0000,
  0x0000, 0x0000, 0x0000, 0x0000, 0x0000, 0x0000, 0x0000, 0x0000, 0x0000, 0x0000, 0x0000, 0x0000,
  0x0000, 0x0000, 0x0000, 0x0000, 0x0000, 0x0000, 0x0000, 0x0000, 0x0000, 0x0000, 0x0000, 0x0000,
  0x0000, 0x0000, 0x0000, 0x0000, 0x0000, 0x0000, 0x0000, 0x0000, 0x0000, 0x0000, 0x0000, 0x0000,
  0x0000, 0x0000, 0x0000, 0x0000, 0x0000, 0x0000, 0x0000, 0x0000, 0x0000, 0x0000, 0x0000, 0x0000,
  0x0000, 0x0000, 0x0000, 0x0000, 0x0000, 0x0000, 0x0000, 0x0000, 0x0000, 0x0000, 0x0000, 0x0000,
  0x0000, 0x0000, 0x0000, 0x0000, 0x0000, 0x0000, 0x0000, 0x0000, 0x0000, 0x0000, 0x0000, 0x0000,
  0x0000, 0x0000, 0x0000, 0x0000, 0x0000, 0x0000, 0x0000, 0x0000, 0x0000, 0x0000, 0x0000, 0x0000,
  0x0000, 0x0000, 0x0000, 0x0000, 0x0000, 0x0000, 0x0000, 0x0000, 0x0000, 0x0000, 0x0000, 0x0000,
  0x0000, 0x0000, 0x0000, 0x0000, 0x0000, 0x0000, 0x0000, 0x0000, 0x0000, 0x0000, 0x0000, 0x0000,
  0x0000, 0x0000, 0x0000, 0x0000, 0x0000, 0x0000, 0x0000, 0x0000, 0x0000, 0x0000, 0x0000, 0x0000,
  0x0000, 0x0000, 0x0000, 0x0000, 0x0000, 0x0000, 0x0000, 0x0000, 0x0000, 0x0000, 0x0000, 0x0000,
  0x0000, 0x0000, 0x0000, 0x0000, 0x0000, 0x0000, 0x0000, 0x0000, 0x0000, 0x0000, 0x0000, 0x0000,
  0x0000, 0x0000, 0x0000, 0x2943, 0x2964, 0x0000, 0x0000, 0x0000, 0x0000, 0x0000, 0x0000, 0x0000,
  0x0000, 0x0000, 0x0000, 0x0000, 0x0000, 0x0000, 0x0000, 0x0000, 0x0000, 0x0000, 0x0000, 0x0000,
  0x0000, 0x0000, 0x0000, 0x0000, 0x0000, 0x0000, 0x0000, 0x0000, 0x0000, 0x0000, 0x0000, 0x0000,
  0x0000, 0x0000, 0x0000, 0x0000, 0x0000, 0x0000, 0x0000, 0x0000, 0x0000, 0x0000, 0x0000, 0x0000,
  0x0000, 0x0000, 0x0000, 0x0000, 0x0000, 0x0000, 0x0000, 0x0000, 0x0000, 0x0000, 0x0000, 0x0000,
  0x0000, 0x0000, 0x0000, 0x0000, 0x0000, 0x0000, 0x0000, 0x0000, 0x0000, 0x0000, 0x0000, 0x0000,
  0x0000, 0x0000, 0x0000, 0x0000, 0x0000, 0x0000, 0x0000, 0x0000, 0x0000, 0x0000, 0x0000, 0x0000,
  0x0000, 0x0000, 0x0000, 0x0000, 0x0000, 0x0000, 0x0000, 0x0000, 0x0000, 0x0000, 0x0000, 0x0000,
  0x0000, 0x0000, 0x0000, 0x0000, 0x0000, 0x0000, 0x0000, 0x0000, 0x0000, 0x0000, 0x0000, 0x0000,
  0x0000, 0x0000, 0x0000, 0x0000, 0x0000, 0x0000, 0x0000, 0x0000, 0x0000, 0x0000, 0x0000, 0x0000,
  0x0000, 0x0000, 0x0000, 0x0000, 0x0000, 0x0000, 0x0000, 0x0000, 0x0000, 0x0000, 0x0000, 0x0000,
  0x0000, 0x0000, 0x0000, 0x0000, 0x0000, 0x0000, 0x0000, 0x0000, 0x0000, 0x0000, 0x0000, 0x0000,
  0x0000, 0x0000, 0x0000, 0x0000, 0x0000, 0x0000, 0x0000, 0x0000, 0x0000, 0x0000, 0x0000, 0x0000,
  0x0000, 0x0000, 0x0000, 0x0000, 0x0000, 0x0000, 0x0000, 0x0000, 0x0000, 0x0000, 0x0000, 0x0000,
  0x0000, 0x0000, 0x0000, 0x0000, 0x0000, 0x0000, 0x0000, 0x0000, 0x0000, 0x0000, 0x0000, 0x0000,
  0x0000, 0x0000, 0x0000, 0x0000, 0x0000, 0x0000, 0x0000, 0x0000, 0x0000, 0x0000, 0x0000, 0x0000,
  0x0000, 0x0000, 0x0000, 0x0000, 0x0000, 0x0000, 0x0000, 0x0000, 0x0000, 0x0000, 0x0000, 0x0000,
  0x0000, 0x0000, 0x0000, 0x0000, 0x0000, 0x0000, 0x0000, 0x0000, 0x0000, 0x0000, 0x0000, 0x0000,
  0x0000, 0x0000, 0x0000, 0x0000, 0x0000, 0x0000, 0x0000, 0x0000, 0x0000, 0x0000, 0x0000, 0x0000,
  0x0000, 0x0000, 0x0000, 0x0000, 0x0000, 0x0000, 0x0000, 0x0000, 0x0000, 0x0000, 0x0000, 0x0000,
  0x0000, 0x0000, 0x0000, 0x0000, 0x0000, 0x0000, 0x0000, 0x0000, 0x0000, 0x0000, 0x0000, 0x0000,
  0x0000, 0x0000, 0x0000, 0x0000, 0x0000, 0x0000, 0x0000, 0x0000, 0x0000, 0x0000, 0x0000, 0x0000,
  0x0000, 0x0000, 0x0000, 0x0000, 0x0000, 0x0000, 0x0000, 0x0000, 0x0000, 0x0000, 0x0000, 0x0000,
  0x0000, 0x0000, 0x0000, 0x0000, 0x0000, 0x0000, 0x0000, 0x0000, 0x0000, 0x0000, 0x0000, 0x0000,
  0x0000, 0x0000, 0x0000, 0x0000, 0x0000, 0x0000, 0x0000, 0x0000, 0x0000, 0x0000, 0x0000, 0x0000,
  0x0000, 0x0000, 0x0000, 0x0000, 0x0000, 0x0000, 0x0000, 0x0000, 0x0000, 0x0000, 0x0000, 0x0000,
  0x0000, 0x0000, 0x0000, 0x0000, 0x0000, 0x0000, 0x0000, 0x0000, 0x0040, 0x4A46, 0xACED, 0xF6D2,
  0xFEF3, 0xB50E, 0x5267, 0x0861, 0x0000, 0x0000, 0x0000, 0x0000, 0x0000, 0x0000, 0x0000, 0x0000,
  0x0000, 0x0000, 0x0000, 0x0000, 0x0000, 0x0000, 0x0000, 0x0000, 0x0000, 0x0000, 0x0000, 0x0000,
  0x0000, 0x0000, 0x0000, 0x0000, 0x0000, 0x0000, 0x0000, 0x0000, 0x0000, 0x0000, 0x0000, 0x0000,
  0x0000, 0x0000, 0x0000, 0x0000, 0x0000, 0x0000, 0x0000, 0x0000, 0x0000, 0x0000, 0x0000, 0x0000,
  0x0000, 0x0000, 0x0000, 0x0000, 0x0000, 0x0000, 0x0000, 0x0000, 0x0000, 0x0000, 0x0000, 0x0000,
  0x0000, 0x0000, 0x0000, 0x0000, 0x0000, 0x0000, 0x0000, 0x0000, 0x0000, 0x0000, 0x0000, 0x0000,
  0x0000, 0x0000, 0x0000, 0x0000, 0x0000, 0x0000, 0x0000, 0x0000, 0x0000, 0x0000, 0x0000, 0x0000,
  0x0000, 0x0000, 0x0000, 0x0000, 0x0000, 0x0000, 0x0000, 0x0000, 0x0000, 0x0000, 0x0000, 0x0000,
  0x0000, 0x0000, 0x0000, 0x0000, 0x0000, 0x0000, 0x0000, 0x0000, 0x0000, 0x0000, 0x0000, 0x0000,
  0x0000, 0x0000, 0x0000, 0x0000, 0x0000, 0x0000, 0x0000, 0x0000, 0x0000, 0x0000, 0x0000, 0x0000,
  0x0000, 0x0000, 0x0000, 0x0000, 0x0000, 0x0000, 0x0000, 0x0000, 0x0000, 0x0000, 0x0000, 0x0000,
  0x0000, 0x0000, 0x0000, 0x0000, 0x0000, 0x0000, 0x0000, 0x0000, 0x0000, 0x0000, 0x0000, 0x0000,
  0x0000, 0x0000, 0x0000, 0x0000, 0x0000, 0x0000, 0x0000, 0x0000, 0x0000, 0x0000, 0x0000, 0x0000,
  0x0000, 0x0000, 0x0000, 0x0000, 0x0000, 0x0000, 0x0000, 0x0000, 0x0000, 0x0000, 0x0000, 0x0000,
  0x0000, 0x0000, 0x0000, 0x0000, 0x0000, 0x0000, 0x0000, 0x0000, 0x0000, 0x0000, 0x0000, 0x0000,
  0x0000, 0x0000, 0x0000, 0x0000, 0x0000, 0x0000, 0x0000, 0x0000, 0x0000, 0x0000, 0x0000, 0x0000,
  0x0000, 0x0000, 0x0000, 0x0000, 0x0000, 0x0000, 0x0000, 0x0000, 0x0000, 0x0000, 0x0000, 0x0000,
  0x0000, 0x0000, 0x0000, 0x0000, 0x0000, 0x0000, 0x0000, 0x0000, 0x0000, 0x0000, 0x0000, 0x0000,
  0x0000, 0x0000, 0x0000, 0x0000, 0x0000, 0x0000, 0x0000, 0x0000, 0x0000, 0x0000, 0x0000, 0x0000,
  0x0000, 0x0000, 0x0000, 0x0000, 0x0000, 0x0000, 0x0000, 0x0000, 0x0000, 0x0000, 0x0000, 0x0000,
  0x0000, 0x0000, 0x0000, 0x0000, 0x0000, 0x0000, 0x0000, 0x0000, 0x0000, 0x0000, 0x0000, 0x0000,
  0x0000, 0x0000, 0x0000, 0x0000, 0x0000, 0x0000, 0x0000, 0x0000, 0x0000, 0x0000, 0x0000, 0x0000,
  0x0000, 0x0000, 0x0000, 0x0000, 0x0000, 0x0000, 0x0000, 0x0000, 0x0000, 0x0000, 0x0000, 0x0000,
  0x0000, 0x0000, 0x0000, 0x0000, 0x0000, 0x0000, 0x0000, 0x0000, 0x0000, 0x0000, 0x0000, 0x0000,
  0x0000, 0x0000, 0x0000, 0x0000, 0x0000, 0x0000, 0x0000, 0x0000, 0x0000, 0x0000, 0x0000, 0x0000,
  0x0000, 0x0000, 0x0000, 0x0000, 0x0000, 0x0000, 0x0000, 0x0000, 0x0000, 0x0000, 0x0000, 0x0000,
  0x0000, 0x0000, 0x2103, 0x7BAA, 0xD611, 0xFF54, 0xFF32, 0xFEB1, 0xFEB1, 0xFF33, 0xFF33, 0xDDEF,
  0x7B89, 0x2103, 0x0000, 0x0000, 0x0000, 0x0000, 0x0000, 0x0000, 0x0000, 0x0000, 0x0000, 0x0000,
  0x0000, 0x0000, 0x0000, 0x0000, 0x0000, 0x0000, 0x0000, 0x0000, 0x0000, 0x0000, 0x0000, 0x0000,
  0x0000, 0x0000, 0x0000, 0x0000, 0x0000, 0x0000, 0x0000, 0x0000, 0x0000, 0x0000, 0x0000, 0x0000,
  0x0000, 0x0000, 0x0000, 0x0000, 0x0000, 0x0000, 0x0000, 0x0000, 0x0000, 0x0000, 0x0000, 0x0000,
  0x0000, 0x0000, 0x0000, 0x0000, 0x0000, 0x0000, 0x0000, 0x0000, 0x0000, 0x0000, 0x0000, 0x0000,
  0x0000, 0x0000, 0x0000, 0x0000, 0x0000, 0x0000, 0x0000, 0x0000, 0x0000, 0x0000, 0x0000, 0x0000,
  0x0000, 0x0000, 0x0000, 0x0000, 0x0000, 0x0000, 0x0000, 0x0000, 0x0000, 0x0000, 0x0000, 0x0000,
  0x0000, 0x0000, 0x0000, 0x0000, 0x0000, 0x0000, 0x0000, 0x0000, 0x0000, 0x0000, 0x0000, 0x0000,
  0x0000, 0x0000, 0x0000, 0x0000, 0x0000, 0x0000, 0x0000, 0x0000, 0x0000, 0x0000, 0x0000, 0x0000,
  0x0000, 0x0000, 0x0000, 0x0000, 0x0000, 0x0000, 0x0000, 0x0000, 0x0000, 0x0000, 0x0000, 0x0000,
  0x0000, 0x0000, 0x0000, 0x0000, 0x0000, 0x0000, 0x0000, 0x0000, 0x0000, 0x0000, 0x0000, 0x0000,
  0x0000, 0x0000, 0x0000, 0x0000, 0x0000, 0x0000, 0x0000, 0x0000, 0x0000, 0x0000, 0x0000, 0x0000,
  0x0000, 0x0000, 0x0000, 0x0000, 0x0000, 0x0000, 0x0000, 0x0000, 0x0000, 0x0000, 0x0000, 0x0000,
  0x0000, 0x0000, 0x0000, 0x0000, 0x0000, 0x0000, 0x0000, 0x0000, 0x0000, 0x0000, 0x0000, 0x0000,
  0x0000, 0x0000, 0x0000, 0x0000, 0x0000, 0x0000, 0x0000, 0x0000, 0x0000, 0x0000, 0x0000, 0x0000,
  0x0000, 0x0000, 0x0000, 0x0000, 0x0000, 0x0000, 0x0000, 0x0000, 0x0000, 0x0000, 0x0000, 0x0000,
  0x0000, 0x0000, 0x0000, 0x0000, 0x0000, 0x0000, 0x0000, 0x0000, 0x0000, 0x0000, 0x0000, 0x0000,
  0x0000, 0x0000, 0x0000, 0x0000, 0x0000, 0x0000, 0x0000, 0x0000, 0x0000, 0x0000, 0x0000, 0x0000,
  0x0000, 0x0000, 0x0000, 0x0000, 0x0000, 0x0000, 0x0000, 0x0000, 0x0000, 0x0000, 0x0000, 0x0000,
  0x0000, 0x0000, 0x0000, 0x0000, 0x0000, 0x0000, 0x0000, 0x0000, 0x0000, 0x0000, 0x0000, 0x0000,
  0x0000, 0x0000, 0x0000, 0x0000, 0x0000, 0x0000, 0x0000, 0x0000, 0x0000, 0x0000, 0x0000, 0x0000,
  0x0000, 0x0000, 0x0000, 0x0000, 0x0000, 0x0000, 0x0000, 0x0000, 0x0000, 0x0000, 0x0000, 0x0000,
  0x0000, 0x0000, 0x0000, 0x0000, 0x0000, 0x0000, 0x0000, 0x0000, 0x0000, 0x0000, 0x0000, 0x0000,
  0x0000, 0x0000, 0x0000, 0x0000, 0x0000, 0x0000, 0x0000, 0x0000, 0x0000, 0x0000, 0x0000, 0x0000,
  0x0000, 0x0000, 0x0000, 0x0000, 0x0000, 0x0000, 0x0000, 0x0000, 0x0000, 0x0000, 0x0000, 0x0000,
  0x0000, 0x0000, 0x0000, 0x0000, 0x0000, 0x0000, 0x0000, 0x0020, 0x4206, 0xA4CD, 0xF6B2, 0xFF53,
  0xFF12, 0xFED1, 0xFEB1, 0xFEF2, 0xFEF2, 0xFEB1, 0xFEB0, 0xFEF1, 0xFF32, 0xF6B2, 0xA4AD, 0x4A25,
  0x0020, 0x0000, 0x0000, 0x0000, 0x0000, 0x0000, 0x0000, 0x0000, 0x0000, 0x0000, 0x0000, 0x0000,
  0x0000, 0x0000, 0x0000, 0x0000, 0x0000, 0x0000, 0x0000, 0x0000, 0x0000, 0x0000, 0x0000, 0x0000,
  0x0000, 0x0000, 0x0000, 0x0000, 0x0000, 0x0000, 0x0000, 0x0000, 0x0000, 0x0000, 0x0000, 0x0000,
  0x0000, 0x0000, 0x0000, 0x0000, 0x0000, 0x0000, 0x0000, 0x0000, 0x0000, 0x0000, 0x0000, 0x0000,
  0x0000, 0x0000, 0x0000, 0x0000, 0x0000, 0x0000, 0x0000, 0x0000, 0x0000, 0x0000, 0x0000, 0x0000,
  0x0000, 0x0000, 0x0000, 0x0000, 0x0000, 0x0000, 0x0000, 0x0000, 0x0000, 0x0000, 0x0000, 0x0000,
  0x0000, 0x0000, 0x0000, 0x0000, 0x0000, 0x0000, 0x0000, 0x0000, 0x0000, 0x0000, 0x0000, 0x0000,
  0x0000, 0x0000, 0x0000, 0x0000, 0x0000, 0x0000, 0x0000, 0x0000, 0x0000, 0x0000, 0x0000, 0x0000,
  0x0000, 0x0000, 0x0000, 0x0000, 0x0000, 0x0000, 0x0000, 0x0000, 0x0000, 0x0000, 0x0000, 0x0000,
  0x0000, 0x0000, 0x0000, 0x0000, 0x0000, 0x0000, 0x0000, 0x0000, 0x0000, 0x0000, 0x0000, 0x0000,
  0x0000, 0x0000, 0x0000, 0x0000, 0x0000, 0x0000, 0x0000, 0x0000, 0x0000, 0x0000, 0x0000, 0x0000,
  0x0000, 0x0000, 0x0000, 0x0000, 0x0000, 0x0000, 0x0000, 0x0000, 0x0000, 0x0000, 0x0000, 0x0000,
  0x0000, 0x0000, 0x0000, 0x0000, 0x0000, 0x0000, 0x0000, 0x0000, 0x0000, 0x0000, 0x0000, 0x0000,
  0x0000, 0x0000, 0x0000, 0x0000, 0x0000, 0x0000, 0x0000, 0x0000, 0x0000, 0x0000, 0x0000, 0x0000,
  0x0000, 0x0000, 0x0000, 0x0000, 0x0000, 0x0000, 0x0000, 0x0000, 0x0000, 0x0000, 0x0000, 0x0000,
  0x0000, 0x0000, 0x0000, 0x0000, 0x0000, 0x0000, 0x0000, 0x0000, 0x0000, 0x0000, 0x0000, 0x0000,
  0x0000, 0x0000, 0x0000, 0x0000, 0x0000, 0x0000, 0x0000, 0x0000, 0x0000, 0x0000, 0x0000, 0x0000,
  0x0000, 0x0000, 0x0000, 0x0000, 0x0000, 0x0000, 0x0000, 0x0000, 0x0000, 0x0000, 0x0000, 0x0000,
  0x0000, 0x0000, 0x0000, 0x0000, 0x0000, 0x0000, 0x0000, 0x0000, 0x0000, 0x0000, 0x0000, 0x0000,
  0x0000, 0x0000, 0x0000, 0x0000, 0x0000, 0x0000, 0x0000, 0x0000, 0x0000, 0x0000, 0x0000, 0x0000,
  0x0000, 0x0000, 0x0000, 0x0000, 0x0000, 0x0000, 0x0000, 0x0000, 0x0000, 0x0000, 0x0000, 0x0000,
  0x0000, 0x0000, 0x0000, 0x0000, 0x0000, 0x0000, 0x0000, 0x0000, 0x0000, 0x0000, 0x0000, 0x0000,
  0x0000, 0x0000, 0x0000, 0x0000, 0x0000, 0x0000, 0x0000, 0x0000, 0x0000, 0x0000, 0x0000, 0x0000,
  0x0000, 0x0000, 0x0000, 0x0000, 0x0000, 0x0000, 0x0000, 0x0000, 0x0000, 0x0000, 0x0000, 0x0000,
  0x0000, 0x0000, 0x0000, 0x0000, 0x0000, 0x0000, 0x0000, 0x0000, 0x0000, 0x0000, 0x0000, 0x0000,
  0x0000, 0x18E2, 0x736A, 0xCDF0, 0xFF12, 0xFF32, 0xFED1, 0xFEB1, 0xFED2, 0xFED1, 0xFF12, 0xDDCF,
  0xE60F, 0xFEF1, 0xFED1, 0xFED1, 0xFEB1, 0xFED1, 0xFF33, 0xFF33, 0xD5F0, 0x7369, 0x20E2, 0x0000,
  0x0000, 0x0000, 0x0000, 0x0000, 0x0000, 0x0000, 0x0000, 0x0000, 0x0000, 0x0000, 0x0000, 0x0000,
  0x0000, 0x0000, 0x0000, 0x0000, 0x0000, 0x0000, 0x0000, 0x0000, 0x0000, 0x0000, 0x0000, 0x0000,
  0x0000, 0x0000, 0x0000, 0x0000, 0x0000, 0x0000, 0x0000, 0x0000, 0x0000, 0x0000, 0x0000, 0x0000,
  0x0000, 0x0000, 0x0000, 0x0000, 0x0000, 0x0000, 0x0000, 0x0000, 0x0000, 0x0000, 0x0000, 0x0000,
  0x0000, 0x0000, 0x0000, 0x0000, 0x0000, 0x0000, 0x0000, 0x0000, 0x0000, 0x0000, 0x0000, 0x0000,
  0x0000, 0x0000, 0x0000, 0x0000, 0x0000, 0x0000, 0x0000, 0x0000, 0x0000, 0x0000, 0x0000, 0x0000,
  0x0000, 0x0000, 0x0000, 0x0000, 0x0000, 0x0000, 0x0000, 0x0000, 0x0000, 0x0000, 0x0000, 0x0000,
  0x0000, 0x0000, 0x0000, 0x0000, 0x0000, 0x0000, 0x0000, 0x0000, 0x0000, 0x0000, 0x0000, 0x0000,
  0x0000, 0x0000, 0x0000, 0x0000, 0x0000, 0x0000, 0x0000, 0x0000, 0x0000, 0x0000, 0x0000, 0x0000,
  0x0000, 0x0000, 0x0000, 0x0000, 0x0000, 0x0000, 0x0000, 0x0000, 0x0000, 0x0000, 0x0000, 0x0000,
  0x0000, 0x0000, 0x0000, 0x0000, 0x0000, 0x0000, 0x0000, 0x0000, 0x0000, 0x0000, 0x0000, 0x0000,
  0x0000, 0x0000, 0x0000, 0x0000, 0x0000, 0x0000, 0x0000, 0x0000, 0x0000, 0x0000, 0x0000, 0x0000,
  0x0000, 0x0000, 0x0000, 0x0000, 0x0000, 0x0000, 0x0000, 0x0000, 0x0000, 0x0000, 0x0000, 0x0000,
  0x0000, 0x0000, 0x0000, 0x0000, 0x0000, 0x0000, 0x0000, 0x0000, 0x0000, 0x0000, 0x0000, 0x0000,
  0x0000, 0x0000, 0x0000, 0x0000, 0x0000, 0x0000, 0x0000, 0x0000, 0x0000, 0x0000, 0x0000, 0x0000,
  0x0000, 0x0000, 0x0000, 0x0000, 0x0000, 0x0000, 0x0000, 0x0000, 0x0000, 0x0000, 0x0000, 0x0000,
  0x0000, 0x0000, 0x0000, 0x0000, 0x0000, 0x0000, 0x0000, 0x0000, 0x0000, 0x0000, 0x0000, 0x0000,
  0x0000, 0x0000, 0x0000, 0x0000, 0x0000, 0x0000, 0x0000, 0x0000, 0x0000, 0x0000, 0x0000, 0x0000,
  0x0000, 0x0000, 0x0000, 0x0000, 0x0000, 0x0000, 0x0000, 0x0000, 0x0000, 0x0000, 0x0000, 0x0000,
  0x0000, 0x0000, 0x0000, 0x0000, 0x0000, 0x0000, 0x0000, 0x0000, 0x0000, 0x0000, 0x0000, 0x0000,
  0x0000, 0x0000, 0x0000, 0x0000, 0x0000, 0x0000, 0x0000, 0x0000, 0x0000, 0x0000, 0x0000, 0x0000,
  0x0000, 0x0000, 0x0000, 0x0000, 0x0000, 0x0000, 0x0000, 0x0000, 0x0000, 0x0000, 0x0000, 0x0000,
  0x0000, 0x0000, 0x0000, 0x0000, 0x0000, 0x0000, 0x0000, 0x0000, 0x0000, 0x0000, 0x0000, 0x0000,
  0x0000, 0x0000, 0x0000, 0x0000, 0x0000, 0x0000, 0x0000, 0x0000, 0x0000, 0x0000, 0x0000, 0x0000,
  0x0000, 0x0000, 0x0000, 0x0000, 0x0000, 0x0000, 0x0000, 0x4205, 0x9CAD, 0xEEB2, 0xFF53, 0xFF12,
  0xFEB1, 0xFEB1, 0xFEB1, 0xFED1, 0xFED2, 0xFF13, 0xEE91, 0x20E2, 0x39A3, 0xFF12, 0xFEF2, 0xFED1,
  0xFED1, 0xFED1, 0xFED2, 0xFED2, 0xFF12, 0xFF32, 0xEE90, 0xA48C, 0x41E4, 0x0000, 0x0000, 0x0000,
  0x0000, 0x0000, 0x0000, 0x0000, 0x0000, 0x0000, 0x0000, 0x0000, 0x0000, 0x0000, 0x0000, 0x0000,
  0x0000, 0x0000, 0x0000, 0x0000, 0x0000, 0x0000, 0x0000, 0x0000, 0x0000, 0x0000, 0x0000, 0x0000,
  0x0000, 0x0000, 0x0000, 0x0000, 0x0000, 0x0000, 0x0000, 0x0000, 0x0000, 0x0000, 0x0000, 0x0000,
  0x0000, 0x0000, 0x0000, 0x0000, 0x0000, 0x0000, 0x0000, 0x0000, 0x0000, 0x0000, 0x0000, 0x0000,
  0x0000, 0x0000, 0x0000, 0x0000, 0x0000, 0x0000, 0x0000, 0x0000, 0x0000, 0x0000, 0x0000, 0x0000,
  0x0000, 0x0000, 0x0000, 0x0000, 0x0000, 0x0000, 0x0000, 0x0000, 0x0000, 0x0000, 0x0000, 0x0000,
  0x0000, 0x0000, 0x0000, 0x0000, 0x0000, 0x0000, 0x0000, 0x0000, 0x0000, 0x0000, 0x0000, 0x0000,
  0x0000, 0x0000, 0x0000, 0x0000, 0x0000, 0x0000, 0x0000, 0x0000, 0x0000, 0x0000, 0x0000, 0x0000,
  0x0000, 0x0000, 0x0000, 0x0000, 0x0000, 0x0000, 0x0000, 0x0000, 0x0000, 0x0000, 0x0000, 0x0000,
  0x0000, 0x0000, 0x0000, 0x0000, 0x0000, 0x0000, 0x0000, 0x0000, 0x0000, 0x0000, 0x0000, 0x0000,
  0x0000, 0x0000, 0x0000, 0x0000, 0x0000, 0x0000, 0x0000, 0x0000, 0x0000, 0x0000, 0x0000, 0x0000,
  0x0000, 0x0000, 0x0000, 0x0000, 0x0000, 0x0000, 0x0000, 0x0000, 0x0000, 0x0000, 0x0000, 0x0000,
  0x0000, 0x0000, 0x0000, 0x0000, 0x0000, 0x0000, 0x0000, 0x0000, 0x0000, 0x0000, 0x0000, 0x0000,
  0x0000, 0x0000, 0x0000, 0x0000, 0x0000, 0x0000, 0x0000, 0x0000, 0x0000, 0x0000, 0x0000, 0x0000,
  0x0000, 0x0000, 0x0000, 0x0000, 0x0000, 0x0000, 0x0000, 0x0000, 0x0000, 0x0000, 0x0000, 0x0000,
  0x0000, 0x0000, 0x0000, 0x0000, 0x0000, 0x0000, 0x0000, 0x0000, 0x0000, 0x0000, 0x0000, 0x0000,
  0x0000, 0x0000, 0x0000, 0x0000, 0x0000, 0x0000, 0x0000, 0x0000, 0x0000, 0x0000, 0x0000, 0x0000,
  0x0000, 0x0000, 0x0000, 0x0000, 0x0000, 0x0000, 0x0000, 0x0000, 0x0000, 0x0000, 0x0000, 0x0000,
  0x0000, 0x0000, 0x0000, 0x0000, 0x0000, 0x0000, 0x0000, 0x0000, 0x0000, 0x0000, 0x0000, 0x0000,
  0x0000, 0x0000, 0x0000, 0x0000, 0x0000, 0x0000, 0x0000, 0x0000, 0x0000, 0x0000, 0x0000, 0x0000,
  0x0000, 0x0000, 0x0000, 0x0000, 0x0000, 0x0000, 0x0000, 0x0000, 0x0000, 0x0000, 0x0000, 0x0000,
  0x0000, 0x0000, 0x0000, 0x0000, 0x0000, 0x0000, 0x0000, 0x0000, 0x0000, 0x0000, 0x0000, 0x0000,
  0x0000, 0x0000, 0x0000, 0x0000, 0x0000, 0x0000, 0x0000, 0x0000, 0x0000, 0x0000, 0x0000, 0x0000,
  0x0000, 0x0000, 0x0000, 0x0000, 0x0000, 0x0000, 0x0000, 0x0000, 0x0000, 0x0000, 0x0000, 0x0000,
  0x18C2, 0x6B28, 0xCD6E, 0xFED1, 0xFF11, 0xFED1, 0xFE90, 0xFEB1, 0xFED1, 0xFED2, 0xFED1, 0xFEB1,
  0xFEB1, 0xFEF2, 0x4A05, 0x0000, 0x0000, 0x6AE7, 0xFF53, 0xFED1, 0xFED1, 0xFED1, 0xFEF2, 0xFEF1,
  0xFEB1, 0xFE90, 0xFEB0, 0xFF11, 0xFEF1, 0xC56E, 0x6B08, 0x10A2, 0x0000, 0x0000, 0x0000, 0x0000,
  0x0000, 0x0000, 0x0000, 0x0000, 0x0000, 0x0000, 0x0000, 0x0000, 0x0000, 0x0000, 0x0000, 0x0000,
  0x0000, 0x0000, 0x0000, 0x0000, 0x0000, 0x0000, 0x0000, 0x0000, 0x0000, 0x0000, 0x0000, 0x0000,
  0x0000, 0x0000, 0x0000, 0x0000, 0x0000, 0x0000, 0x0000, 0x0000, 0x0000, 0x0000, 0x0000, 0x0000,
  0x0000, 0x0000, 0x0000, 0x0000, 0x0000, 0x0000, 0x0000, 0x0000, 0x0000, 0x0000, 0x0000, 0x0000,
  0x0000, 0x0000, 0x0000, 0x0000, 0x0000, 0x0000, 0x0000, 0x0000, 0x0000, 0x0000, 0x0000, 0x0000,
  0x0000, 0x0000, 0x0000, 0x0000, 0x0000, 0x0000, 0x0000, 0x0000, 0x0000, 0x0000, 0x0000, 0x0000,
  0x0000, 0x0000, 0x0000, 0x0000, 0x0000, 0x0000, 0x0000, 0x0000, 0x0000, 0x0000, 0x0000, 0x0000,
  0x0000, 0x0000, 0x0000, 0x0000, 0x0000, 0x0000, 0x0000, 0x0000, 0x0000, 0x0000, 0x0000, 0x0000,
  0x0000, 0x0000, 0x0000, 0x0000, 0x0000, 0x0000, 0x0000, 0x0000, 0x0000, 0x0000, 0x0000, 0x0000,
  0x0000, 0x0000, 0x0000, 0x0000, 0x0000, 0x0000, 0x0000, 0x0000, 0x0000, 0x0000, 0x0000, 0x0000,
  0x0000, 0x0000, 0x0000, 0x0000, 0x0000, 0x0000, 0x0000, 0x0000, 0x0000, 0x0000, 0x0000, 0x0000,
  0x0000, 0x0000, 0x0000, 0x0000, 0x0000, 0x0000, 0x0000, 0x0000, 0x0000, 0x0000, 0x0000, 0x0000,
  0x0000, 0x0000, 0x0000, 0x0000, 0x0000, 0x0000, 0x0000, 0x0000, 0x0000, 0x0000, 0x0000, 0x0000,
  0x0000, 0x0000, 0x0000, 0x0000, 0x0000, 0x0000, 0x0000, 0x0000, 0x0000, 0x0000, 0x0000, 0x0000,
  0x0000, 0x0000, 0x0000, 0x0000, 0x0000, 0x0000, 0x0000, 0x0000, 0x0000, 0x0000, 0x0000, 0x0000,
  0x0000, 0x0000, 0x0000, 0x0000, 0x0000, 0x0000, 0x0000, 0x0000, 0x0000, 0x0000, 0x0000, 0x0000,
  0x0000, 0x0000, 0x0000, 0x0000, 0x0000, 0x0000, 0x0000, 0x0000, 0x0000, 0x0000, 0x0000, 0x0000,
  0x0000, 0x0000, 0x0000, 0x0000, 0x0000, 0x0000, 0x0000, 0x0000, 0x0000, 0x0000, 0x0000, 0x0000,
  0x0000, 0x0000, 0x0000, 0x0000, 0x0000, 0x0000, 0x0000, 0x0000, 0x0000, 0x0000, 0x0000, 0x0000,
  0x0000, 0x0000, 0x0000, 0x0000, 0x0000, 0x0000, 0x0000, 0x0000, 0x0000, 0x0000, 0x0000, 0x0000,
  0x0000, 0x0000, 0x0000, 0x0000, 0x0000, 0x0000, 0x0000, 0x0000, 0x0000, 0x0000, 0x0000, 0x0000,
  0x0000, 0x0000, 0x0000, 0x0000, 0x0000, 0x0000, 0x0000, 0x0000, 0x0000, 0x0000, 0x0000, 0x0000,
  0x0000, 0x0000, 0x0000, 0x0000, 0x0000, 0x0000, 0x0000, 0x0000, 0x0000, 0x0000, 0x0000, 0x0000,
  0x0000, 0x0000, 0x0000, 0x0000, 0x0000, 0x0020, 0x39C4, 0x942A, 0xEE70, 0xFF12, 0xFED0, 0xFE6F,
  0xFE8F, 0xFEB0, 0xFEB1, 0xFEB1, 0xFEB1, 0xFED1, 0xFEF2, 0xFF34, 0xFF33, 0x7307, 0x0000, 0x0000,
  0x0000, 0x0000, 0x93EA, 0xFF74, 0xFF53, 0xFF12, 0xFED1, 0xFED1, 0xFED1, 0xFEB0, 0xFE90, 0xFE8F,
  0xFEB0, 0xFEF1, 0xFF31, 0xE650, 0x942B, 0x3184, 0x0000, 0x0000, 0x0000, 0x0000, 0x0000, 0x0000,
  0x0000, 0x0000, 0x0000, 0x0000, 0x0000, 0x0000, 0x0000, 0x0000, 0x0000, 0x0000, 0x0000, 0x0000,
  0x0000, 0x0000, 0x0000, 0x0000, 0x0000, 0x0000, 0x0000, 0x0000, 0x0000, 0x0000, 0x0000, 0x0000,
  0x0000, 0x0000, 0x0000, 0x0000, 0x0000, 0x0000, 0x0000, 0x0000, 0x0000, 0x0000, 0x0000, 0x0000,
  0x0000, 0x0000, 0x0000, 0x0000, 0x0000, 0x0000, 0x0000, 0x0000, 0x0000, 0x0000, 0x0000, 0x0000,
  0x0000, 0x0000, 0x0000, 0x0000, 0x0000, 0x0000, 0x0000, 0x0000, 0x0000, 0x0000, 0x0000, 0x0000,
  0x0000, 0x0000, 0x0000, 0x0000, 0x0000, 0x0000, 0x0000, 0x0000, 0x0000, 0x0000, 0x0000, 0x0000,
  0x0000, 0x0000, 0x0000, 0x0000, 0x0000, 0x0000, 0x0000, 0x0000, 0x0000, 0x0000, 0x0000, 0x0000,
  0x0000, 0x0000, 0x0000, 0x0000, 0x0000, 0x0000, 0x0000, 0x0000, 0x0000, 0x0000, 0x0000, 0x0000,
  0x0000, 0x0000, 0x0000, 0x0000, 0x0000, 0x0000, 0x0000, 0x0000, 0x0000, 0x0000, 0x0000, 0x0000,
  0x0000, 0x0000, 0x0000, 0x0000, 0x0000, 0x0000, 0x0000, 0x0000, 0x0000, 0x0000, 0x0000, 0x0000,
  0x0000, 0x0000, 0x0000, 0x0000, 0x0000, 0x0000, 0x0000, 0x0000, 0x0000, 0x0000, 0x0000, 0x0000,
  0x0000, 0x0000, 0x0000, 0x0000, 0x0000, 0x0000, 0x0000, 0x0000, 0x0000, 0x0000, 0x0000, 0x0000,
  0x0000, 0x0000, 0x0000, 0x0000, 0x0000, 0x0000, 0x0000, 0x0000, 0x0000, 0x0000, 0x0000, 0x0000,
  0x0000, 0x0000, 0x0000, 0x0000, 0x0000, 0x0000, 0x0000, 0x0000, 0x0000, 0x0000, 0x0000, 0x0000,
  0x0000, 0x0000, 0x0000, 0x0000, 0x0000, 0x0000, 0x0000, 0x0000, 0x0000, 0x0000, 0x0000, 0x0000,
  0x0000, 0x0000, 0x0000, 0x0000, 0x0000, 0x0000, 0x0000, 0x0000, 0x0000, 0x0000, 0x0000, 0x0000,
  0x0000, 0x0000, 0x0000, 0x0000, 0x0000, 0x0000, 0x0000, 0x0000, 0x0000, 0x0000, 0x0000, 0x0000,
  0x0000, 0x0000, 0x0000, 0x0000, 0x0000, 0x0000, 0x0000, 0x0000, 0x0000, 0x0000, 0x0000, 0x0000,
  0x0000, 0x0000, 0x0000, 0x0000, 0x0000, 0x0000, 0x0000, 0x0000, 0x0000, 0x0000, 0x0000, 0x0000,
  0x0000, 0x0000, 0x0000, 0x0000, 0x0000, 0x0000, 0x0000, 0x0000, 0x0000, 0x0000, 0x0000, 0x0000,
  0x0000, 0x0000, 0x0000, 0x0000, 0x0000, 0x0000, 0x0000, 0x0000, 0x0000, 0x0000, 0x0000, 0x0000,
  0x0000, 0x0000, 0x0000, 0x0000, 0x0000, 0x0000, 0x0000, 0x0000, 0x0000, 0x0000, 0x0000, 0x0000,
  0x0000, 0x0000, 0x0000, 0x0000, 0x0000, 0x0000, 0x0000, 0x0000, 0x0000, 0x0000, 0x0000, 0x10A2,
  0x62E7, 0xC56D, 0xFEB0, 0xFED0, 0xFEB0, 0xFE70, 0xFE90, 0xFE90, 0xFEB0, 0xFEB0, 0xFE90, 0xFEB0,
  0xFEF1, 0xFF12, 0xEE71, 0xA4CD, 0x4A05, 0x0000, 0x0000, 0x18A1, 0x1060, 0x0000, 0x0000, 0x41E5,
  0x9C4A, 0xEE2F, 0xFF31, 0xFF12, 0xFED0, 0xFEB0, 0xFEB0, 0xFEB0, 0xFED1, 0xFEB0, 0xFE8F, 0xFEB0,
  0xFF11, 0xFED0, 0xBD0C, 0x5A66, 0x0861, 0x0000, 0x0000, 0x0000, 0x0000, 0x0000, 0x0000, 0x0000,
  0x0000, 0x0000, 0x0000, 0x0000, 0x0000, 0x0000, 0x0000, 0x0000, 0x0000, 0x0000, 0x0000, 0x0000,
  0x0000, 0x0000, 0x0000, 0x0000, 0x0000, 0x0000, 0x0000, 0x0000, 0x0000, 0x0000, 0x0000, 0x0000,
  0x0000, 0x0000, 0x0000, 0x0000, 0x0000, 0x0000, 0x0000, 0x0000, 0x0000, 0x0000, 0x0000, 0x0000,
  0x0000, 0x0000, 0x0000, 0x0000, 0x0000, 0x0000, 0x0000, 0x0000, 0x0000, 0x0000, 0x0000, 0x0000,
  0x0000, 0x0000, 0x0000, 0x0000, 0x0000, 0x0000, 0x0000, 0x0000, 0x0000, 0x0000, 0x0000, 0x0000,
  0x0000, 0x0000, 0x0000, 0x0000, 0x0000, 0x0000, 0x0000, 0x0000, 0x0000, 0x0000, 0x0000, 0x0000,
  0x0000, 0x0000, 0x0000, 0x0000, 0x0000, 0x0000, 0x0000, 0x0000, 0x0000, 0x0000, 0x0000, 0x0000,
  0x0000, 0x0000, 0x0000, 0x0000, 0x0000, 0x0000, 0x0000, 0x0000, 0x0000, 0x0000, 0x0000, 0x0000,
  0x0000, 0x0000, 0x0000, 0x0000, 0x0000, 0x0000, 0x0000, 0x0000, 0x0000, 0x0000, 0x0000, 0x0000,
  0x0000, 0x0000, 0x0000, 0x0000, 0x0000, 0x0000, 0x0000, 0x0000, 0x0000, 0x0000, 0x0000, 0x0000,
  0x0000, 0x0000, 0x0000, 0x0000, 0x0000, 0x0000, 0x0000, 0x0000, 0x0000, 0x0000, 0x0000, 0x0000,
  0x0000, 0x0000, 0x0000, 0x0000, 0x0000, 0x0000, 0x0000, 0x0000, 0x0000, 0x0000, 0x0000, 0x0000,
  0x0000, 0x0000, 0x0000, 0x0000, 0x0000, 0x0000, 0x0000, 0x0000, 0x0000, 0x0000, 0x0000, 0x0000,
  0x0000, 0x0000, 0x0000, 0x0000, 0x0000, 0x0000, 0x0000, 0x0000, 0x0000, 0x0000, 0x0000, 0x0000,
  0x0000, 0x0000, 0x0000, 0x0000, 0x0000, 0x0000, 0x0000, 0x0000, 0x0000, 0x0000, 0x0000, 0x0000,
  0x0000, 0x0000, 0x0000, 0x0000, 0x0000, 0x0000, 0x0000, 0x0000, 0x0000, 0x0000, 0x0000, 0x0000,
  0x0000, 0x0000, 0x0000, 0x0000, 0x0000, 0x0000, 0x0000, 0x0000, 0x0000, 0x0000, 0x0000, 0x0000,
  0x0000, 0x0000, 0x0000, 0x0000, 0x0000, 0x0000, 0x0000, 0x0000, 0x0000, 0x0000, 0x0000, 0x0000,
  0x0000, 0x0000, 0x0000, 0x0000, 0x0000, 0x0000, 0x0000, 0x0000, 0x0000, 0x0000, 0x0000, 0x0000,
  0x0000, 0x0000, 0x0000, 0x0000, 0x0000, 0x0000, 0x0000, 0x0000, 0x0000, 0x0000, 0x0000, 0x0000,
  0x0000, 0x0000, 0x0000, 0x0000, 0x0000, 0x0000, 0x0000, 0x0000, 0x0000, 0x0000, 0x0000, 0x0000,
  0x0000, 0x0000, 0x0000, 0x0000, 0x0000, 0x0000, 0x0000, 0x0000, 0x0000, 0x0000, 0x0000, 0x0000,
  0x0000, 0x0000, 0x0000, 0x0000, 0x0000, 0x39A4, 0x9409, 0xE60E, 0xFEAF, 0xFE6E, 0xFE2D, 0xF62E,
  0xFE6F, 0xFE90, 0xFE90, 0xFE90, 0xFEB1, 0xFEF1, 0xFF33, 0xFF12, 0xCD8E, 0x7307, 0x18C2, 0x0000,
  0x0000, 0x0000, 0x0000, 0xC56F, 0x9C2B, 0x0000, 0x0020, 0x0000, 0x0000, 0x18A1, 0x6AE6, 0xCD6D,
  0xFEF1, 0xFF31, 0xFEF1, 0xFEB0, 0xFEB0, 0xFEB0, 0xFEB0, 0xFE90, 0xFE6F, 0xFE6F, 0xFEAE, 0xFEAF,
  0xDDCD, 0x83A8, 0x2943, 0x0000, 0x0000, 0x0000, 0x0000, 0x0000, 0x0000, 0x0000, 0x0000, 0x0000,
  0x0000, 0x0000, 0x0000, 0x0000, 0x0000, 0x0000, 0x0000, 0x0000, 0x0000, 0x0000, 0x0000, 0x0000,
  0x0000, 0x0000, 0x0000, 0x0000, 0x0000, 0x0000, 0x0000, 0x0000, 0x0000, 0x0000, 0x0000, 0x0000,
  0x0000, 0x0000, 0x0000, 0x0000, 0x0000, 0x0000, 0x0000, 0x0000, 0x0000, 0x0000, 0x0000, 0x0000,
  0x0000, 0x0000, 0x0000, 0x0000, 0x0000, 0x0000, 0x0000, 0x0000, 0x0000, 0x0000, 0x0000, 0x0000,
  0x0000, 0x0000, 0x0000, 0x0000, 0x0000, 0x0000, 0x0000, 0x0000, 0x0000, 0x0000, 0x0000, 0x0000,
  0x0000, 0x0000, 0x0000, 0x0000, 0x0000, 0x0000, 0x0000, 0x0000, 0x0000, 0x0000, 0x0000, 0x0000,
  0x0000, 0x0000, 0x0000, 0x0000, 0x0000, 0x0000, 0x0000, 0x0000, 0x0000, 0x0000, 0x0000, 0x0000,
  0x0000, 0x0000, 0x0000, 0x0000, 0x0000, 0x0000, 0x0000, 0x0000, 0x0000, 0x0000, 0x0000, 0x0000,
  0x0000, 0x0000, 0x0000, 0x0000, 0x0000, 0x0000, 0x0000, 0x0000, 0x0000, 0x0000, 0x0000, 0x0000,
  0x0000, 0x0000, 0x0000, 0x0000, 0x0000, 0x0000, 0x0000, 0x0000, 0x0000, 0x0000, 0x0000, 0x0000,
  0x0000, 0x0000, 0x0000, 0x0000, 0x0000, 0x0000, 0x0000, 0x0000, 0x0000, 0x0000, 0x0000, 0x0000,
  0x0000, 0x0000, 0x0000, 0x0000, 0x0000, 0x0000, 0x0000, 0x0000, 0x0000, 0x0000, 0x0000, 0x0000,
  0x0000, 0x0000, 0x0000, 0x0000, 0x0000, 0x0000, 0x0000, 0x0000, 0x0000, 0x0000, 0x0000, 0x0000,
  0x0000, 0x0000, 0x0000, 0x0000, 0x0000, 0x0000, 0x0000, 0x0000, 0x0000, 0x0000, 0x0000, 0x0000,
  0x0000, 0x0000, 0x0000, 0x0000, 0x0000, 0x0000, 0x0000, 0x0000, 0x0000, 0x0000, 0x0000, 0x0000,
  0x0000, 0x0000, 0x0000, 0x0000, 0x0000, 0x0000, 0x0000, 0x0000, 0x0000, 0x0000, 0x0000, 0x0000,
  0x0000, 0x0000, 0x0000, 0x0000, 0x0000, 0x0000, 0x0000, 0x0000, 0x0000, 0x0000, 0x0000, 0x0000,
  0x0000, 0x0000, 0x0000, 0x0000, 0x0000, 0x0000, 0x0000, 0x0000, 0x0000, 0x0000, 0x0000, 0x0000,
  0x0000, 0x0000, 0x0000, 0x0000, 0x0000, 0x0000, 0x0000, 0x0000, 0x0000, 0x0000, 0x0000, 0x0000,
  0x0000, 0x0000, 0x0000, 0x0000, 0x0000, 0x0000, 0x0000, 0x0000, 0x0000, 0x0000, 0x0000, 0x0000,
  0x0000, 0x0000, 0x0000, 0x0000, 0x0000, 0x0000, 0x0000, 0x0000, 0x0000, 0x0000, 0x0000, 0x0000,
  0x0000, 0x0000, 0x0000, 0x0000, 0x0000, 0x0000, 0x0000, 0x0000, 0x0000, 0x0000, 0x10A1, 0x6AE7,
  0xC54C, 0xFE6E, 0xFE8E, 0xFE4D, 0xFE2E, 0xFE2E, 0xFE4E, 0xFE4E, 0xFE6F, 0xF66F, 0xFE6F, 0xFED0,
  0xFF11, 0xEE91, 0xA4AC, 0x41E5, 0x0040, 0x0000, 0x0000, 0x0020, 0x0020, 0x0000, 0x7328, 0xFF32,
  0xFED1, 0x41C4, 0x0000, 0x0060, 0x0040, 0x0000, 0x0000, 0x0000, 0x39A4, 0x9C29, 0xEE4F, 0xFF32,
  0xFF11, 0xFEB0, 0xFE8F, 0xFE8F, 0xFE8F, 0xFE6F, 0xFE4E, 0xFE4E, 0xFE8E, 0xFECF, 0xFE6F, 0xB4CB,
  0x5225, 0x0840, 0x0000, 0x0000, 0x0000, 0x0000, 0x0000, 0x0000, 0x0000, 0x0000, 0x0000, 0x0000,
  0x0000, 0x0000, 0x0000, 0x0000, 0x0000, 0x0000, 0x0000, 0x0000, 0x0000, 0x0000, 0x0000, 0x0000,
  0x0000, 0x0000, 0x0000, 0x0000, 0x0000, 0x0000, 0x0000, 0x0000, 0x0000, 0x0000, 0x0000, 0x0000,
  0x0000, 0x0000, 0x0000, 0x0000, 0x0000, 0x0000, 0x0000, 0x0000, 0x0000, 0x0000, 0x0000, 0x0000,
  0x0000, 0x0000, 0x0000, 0x0000, 0x0000, 0x0000, 0x0000, 0x0000, 0x0000, 0x0000, 0x0000, 0x0000,
  0x0000, 0x0000, 0x0000, 0x0000, 0x0000, 0x0000, 0x0000, 0x0000, 0x0000, 0x0000, 0x0000, 0x0000,
  0x0000, 0x0000, 0x0000, 0x0000, 0x0000, 0x0000, 0x0000, 0x0000, 0x0000, 0x0000, 0x0000, 0x0000,
  0x0000, 0x0000, 0x0000, 0x0000, 0x0000, 0x0000, 0x0000, 0x0000, 0x0000, 0x0000, 0x0000, 0x0000,
  0x0000, 0x0000, 0x0000, 0x0000, 0x0000, 0x0000, 0x0000, 0x0000, 0x0000, 0x0000, 0x0000, 0x0000,
  0x0000, 0x0000, 0x0000, 0x0000, 0x0000, 0x0000, 0x0000, 0x0000, 0x0000, 0x0000, 0x0000, 0x0000,
  0x0000, 0x0000, 0x0000, 0x0000, 0x0000, 0x0000, 0x0000, 0x0000, 0x0000, 0x0000, 0x0000, 0x0000,
  0x0000, 0x0000, 0x0000, 0x0000, 0x0000, 0x0000, 0x0000, 0x0000, 0x0000, 0x0000, 0x0000, 0x0000,
  0x0000, 0x0000, 0x0000, 0x0000, 0x0000, 0x0000, 0x0000, 0x0000, 0x0000, 0x0000, 0x0000, 0x0000,
  0x0000, 0x0000, 0x0000, 0x0000, 0x0000, 0x0000, 0x0000, 0x0000, 0x0000, 0x0000, 0x0000, 0x0000,
  0x0000, 0x0000, 0x0000, 0x0000, 0x0000, 0x0000, 0x0000, 0x0000, 0x0000, 0x0000, 0x0000, 0x0000,
  0x0000, 0x0000, 0x0000, 0x0000, 0x0000, 0x0000, 0x0000, 0x0000, 0x0000, 0x0000, 0x0000, 0x0000,
  0x0000, 0x0000, 0x0000, 0x0000, 0x0000, 0x0000, 0x0000, 0x0000, 0x0000, 0x0000, 0x0000, 0x0000,
  0x0000, 0x0000, 0x0000, 0x0000, 0x0000, 0x0000, 0x0000, 0x0000, 0x0000, 0x0000, 0x0000, 0x0000,
  0x0000, 0x0000, 0x0000, 0x0000, 0x0000, 0x0000, 0x0000, 0x0000, 0x0000, 0x0000, 0x0000, 0x0000,
  0x0000, 0x0000, 0x0000, 0x0000, 0x0000, 0x0000, 0x0000, 0x0000, 0x0000, 0x0000, 0x0000, 0x0000,
  0x0000, 0x0000, 0x0000, 0x0000, 0x0000, 0x0000, 0x0000, 0x0000, 0x0000, 0x0000, 0x0000, 0x0000,
  0x0000, 0x0000, 0x0000, 0x0000, 0x0000, 0x0000, 0x0000, 0x0000, 0x0000, 0x0000, 0x0000, 0x0000,
  0x0000, 0x0000, 0x0000, 0x0000, 0x3183, 0x93E9, 0xE5ED, 0xFEAE, 0xFE4D, 0xFE0C, 0xF60D, 0xFE2D,
  0xFE4E, 0xFE4E, 0xFE4E, 0xFE4E, 0xFE8F, 0xFED0, 0xFEB0, 0xCD4C, 0x7307, 0x18E2, 0x0000, 0x0000,
  0x0000, 0x0020, 0x0020, 0x0040, 0x0000, 0x39A4, 0xFED1, 0xFE90, 0xFEF1, 0xDE0F, 0x10C1, 0x0060,
  0x0040, 0x0020, 0x0020, 0x0000, 0x0000, 0x0000, 0x18A1, 0x6AE7, 0xC54D, 0xFED0, 0xFEF0, 0xFE8F,
  0xFE6F, 0xFE6F, 0xFE8F, 0xFE8F, 0xFE8F, 0xFE6E, 0xFE4E, 0xFEAF, 0xFEAE, 0xD54B, 0x7307, 0x20E2,
  0x0000, 0x0000, 0x0000, 0x0000, 0x0000, 0x0000, 0x0000, 0x0000, 0x0000, 0x0000, 0x0000, 0x0000,
  0x0000, 0x0000, 0x0000, 0x0000, 0x0000, 0x0000, 0x0000, 0x0000, 0x0000, 0x0000, 0x0000, 0x0000,
  0x0000, 0x0000, 0x0000, 0x0000, 0x0000, 0x0000, 0x0000, 0x0000, 0x0000, 0x0000, 0x0000, 0x0000,
  0x0000, 0x0000, 0x0000, 0x0000, 0x0000, 0x0000, 0x0000, 0x0000, 0x0000, 0x0000, 0x0000, 0x0000,
  0x0000, 0x0000, 0x0000, 0x0000, 0x0000, 0x0000, 0x0000, 0x0000, 0x0000, 0x0000, 0x0000, 0x0000,
  0x0000, 0x0000, 0x0000, 0x0000, 0x0000, 0x0000, 0x0000, 0x0000, 0x0000, 0x0000, 0x0000, 0x0000,
  0x0000, 0x0000, 0x0000, 0x0000, 0x0000, 0x0000, 0x0000, 0x0000, 0x0000, 0x0000, 0x0000, 0x0000,
  0x0000, 0x0000, 0x0000, 0x0000, 0x0000, 0x0000, 0x0000, 0x0000, 0x0000, 0x0000, 0x0000, 0x0000,
  0x0000, 0x0000, 0x0000, 0x0000, 0x0000, 0x0000, 0x0000, 0x0000, 0x0000, 0x0000, 0x0000, 0x0000,
  0x0000, 0x0000, 0x0000, 0x0000, 0x0000, 0x0000, 0x0000, 0x0000, 0x0000, 0x0000, 0x0000, 0x0000,
  0x0000, 0x0000, 0x0000, 0x0000, 0x0000, 0x0000, 0x0000, 0x0000, 0x0000, 0x0000, 0x0000, 0x0000,
  0x0000, 0x0000, 0x0000, 0x0000, 0x0000, 0x0000, 0x0000, 0x0000, 0x0000, 0x0000, 0x0000, 0x0000,
  0x0000, 0x0000, 0x0000, 0x0000, 0x0000, 0x0000, 0x0000, 0x0000, 0x0000, 0x0000, 0x0000, 0x0000,
  0x0000, 0x0000, 0x0000, 0x0000, 0x0000, 0x0000, 0x0000, 0x0000, 0x0000, 0x0000, 0x0000, 0x0000,
  0x0000, 0x0000, 0x0000, 0x0000, 0x0000, 0x0000, 0x0000, 0x0000, 0x0000, 0x0000, 0x0000, 0x0000,
  0x0000, 0x0000, 0x0000, 0x0000, 0x0000, 0x0000, 0x0000, 0x0000, 0x0000, 0x0000, 0x0000, 0x0000,
  0x0000, 0x0000, 0x0000, 0x0000, 0x0000, 0x0000, 0x0000, 0x0000, 0x0000, 0x0000, 0x0000, 0x0000,
  0x0000, 0x0000, 0x0000, 0x0000, 0x0000, 0x0000, 0x0000, 0x0000, 0x0000, 0x0000, 0x0000, 0x0000,
  0x0000, 0x0000, 0x0000, 0x0000, 0x0000, 0x0000, 0x0000, 0x0000, 0x0000, 0x0000, 0x0000, 0x0000,
  0x0000, 0x0000, 0x0000, 0x0000, 0x0000, 0x0000, 0x0000, 0x0000, 0x0000, 0x0000, 0x0000, 0x0000,
  0x0000, 0x0000, 0x0000, 0x0000, 0x0000, 0x0000, 0x0000, 0x0000, 0x0000, 0x0000, 0x0000, 0x0000,
  0x0000, 0x0000, 0x0000, 0x0000, 0x0000, 0x0000, 0x0000, 0x0000, 0x0000, 0x10A1, 0x62C6, 0xBCEB,
  0xFE2D, 0xFE6E, 0xFE2D, 0xF5EC, 0xF5EC, 0xFE0D, 0xFE0D, 0xFE2D, 0xF62D, 0xFE2E, 0xFE8F, 0xFECF,
  0xF64F, 0xAC6A, 0x41E4, 0x0000, 0x0000, 0x0000, 0x0020, 0x0020, 0x0000, 0x0000, 0x0000, 0x0020,
  0x0861, 0xD610, 0xFF32, 0xFEB1, 0xFEB0, 0xFF52, 0x9C6A, 0x0000, 0x0020, 0x0000, 0x0020, 0x0020,
  0x0020, 0x0020, 0x0000, 0x0000, 0x0000, 0x39A3, 0x9BE8, 0xEE0E, 0xFF11, 0xFEF0, 0xFE8F, 0xFE6E,
  0xFE6E, 0xFE6E, 0xFE4D, 0xFE2D, 0xFE0D, 0xFE2D, 0xFE6E, 0xEE2E, 0xA44A, 0x41E4, 0x0020, 0x0000,
  0x0000, 0x0000, 0x0000, 0x0000, 0x0000, 0x0000, 0x0000, 0x0000, 0x0000, 0x0000, 0x0000, 0x0000,
  0x0000, 0x0000, 0x0000, 0x0000, 0x0000, 0x0000, 0x0000, 0x0000, 0x0000, 0x0000, 0x0000, 0x0000,
  0x0000, 0x0000, 0x0000, 0x0000, 0x0000, 0x0000, 0x0000, 0x0000, 0x0000, 0x0000, 0x0000, 0x0000,
  0x0000, 0x0000, 0x0000, 0x0000, 0x0000, 0x0000, 0x0000, 0x0000, 0x0000, 0x0000, 0x0000, 0x0000,
  0x0000, 0x0000, 0x0000, 0x0000, 0x0000, 0x0000, 0x0000, 0x0000, 0x0000, 0x0000, 0x0000, 0x0000,
  0x0000, 0x0000, 0x0000, 0x0000, 0x0000, 0x0000, 0x0000, 0x0000, 0x0000, 0x0000, 0x0000, 0x0000,
  0x0000, 0x0000, 0x0000, 0x0000, 0x0000, 0x0000, 0x0000, 0x0000, 0x0000, 0x0000, 0x0000, 0x0000,
  0x0000, 0x0000, 0x0000, 0x0000, 0x0000, 0x0000, 0x0000, 0x0000, 0x0000, 0x0000, 0x0000, 0x0000,
  0x0000, 0x0000, 0x0000, 0x0000, 0x0000, 0x0000, 0x0000, 0x0000, 0x0000, 0x0000, 0x0000, 0x0000,
  0x0000, 0x0000, 0x0000, 0x0000, 0x0000, 0x0000, 0x0000, 0x0000, 0x0000, 0x0000, 0x0000, 0x0000,
  0x0000, 0x0000, 0x0000, 0x0000, 0x0000, 0x0000, 0x0000, 0x0000, 0x0000, 0x0000, 0x0000, 0x0000,
  0x0000, 0x0000, 0x0000, 0x0000, 0x0000, 0x0000, 0x0000, 0x0000, 0x0000, 0x0000, 0x0000, 0x0000,
  0x0000, 0x0000, 0x0000, 0x0000, 0x0000, 0x0000, 0x0000, 0x0000, 0x0000, 0x0000, 0x0000, 0x0000,
  0x0000, 0x0000, 0x0000, 0x0000, 0x0000, 0x0000, 0x0000, 0x0000, 0x0000, 0x0000, 0x0000, 0x0000,
  0x0000, 0x0000, 0x0000, 0x0000, 0x0000, 0x0000, 0x0000, 0x0000, 0x0000, 0x0000, 0x0000, 0x0000,
  0x0000, 0x0000, 0x0000, 0x0000, 0x0000, 0x0000, 0x0000, 0x0000, 0x0000, 0x0000, 0x0000, 0x0000,
  0x0000, 0x0000, 0x0000, 0x0000, 0x0000, 0x0000, 0x0000, 0x0000, 0x0000, 0x0000, 0x0000, 0x0000,
  0x0000, 0x0000, 0x0000, 0x0000, 0x0000, 0x0000, 0x0000, 0x0000, 0x0000, 0x0000, 0x0000, 0x0000,
  0x0000, 0x0000, 0x0000, 0x0000, 0x0000, 0x0000, 0x0000, 0x0000, 0x0000, 0x0000, 0x0000, 0x0000,
  0x0000, 0x0000, 0x0000, 0x0000, 0x0000, 0x0000, 0x0000, 0x0000, 0x0000, 0x0000, 0x0000, 0x0000,
  0x0000, 0x0000, 0x0000, 0x0000, 0x0000, 0x0000, 0x0000, 0x0000, 0x0000, 0x0000, 0x0000, 0x0000,
  0x0000, 0x0000, 0x0000, 0x3183, 0x93A8, 0xE5AC, 0xFE6D, 0xFE2C, 0xF5CB, 0xF5CC, 0xFE0D, 0xFE0D,
  0xFDED, 0xF5ED, 0xF5ED, 0xFE2D, 0xFE8E, 0xFE6E, 0xCD2B, 0x72E6, 0x20E2, 0x0000, 0x0000, 0x0000,
  0x0020, 0x0020, 0x0000, 0x0020, 0x0020, 0x0020, 0x0020, 0x0000, 0x940A, 0xFF53, 0xFED1, 0xFED1,
  0xFED0, 0xFED0, 0xFED0, 0x4A04, 0x0000, 0x0040, 0x0020, 0x0020, 0x0020, 0x0000, 0x0000, 0x0020,
  0x0000, 0x0000, 0x0000, 0x18A1, 0x6AC6, 0xC52C, 0xFEAF, 0xFECF, 0xFE6E, 0xF62D, 0xFE2D, 0xFE2D,
  0xFE2D, 0xFE0D, 0xF60D, 0xFE4D, 0xFE8E, 0xFE6D, 0xCD0B, 0x7307, 0x18C2, 0x0000, 0x0000, 0x0000,
  0x0000, 0x0000, 0x0000, 0x0000, 0x0000, 0x0000, 0x0000, 0x0000, 0x0000, 0x0000, 0x0000, 0x0000,
  0x0000, 0x0000, 0x0000, 0x0000, 0x0000, 0x0000, 0x0000, 0x0000, 0x0000, 0x0000, 0x0000, 0x0000,
  0x0000, 0x0000, 0x0000, 0x0000, 0x0000, 0x0000, 0x0000, 0x0000, 0x0000, 0x0000, 0x0000, 0x0000,
  0x0000, 0x0000, 0x0000, 0x0000, 0x0000, 0x0000, 0x0000, 0x0000, 0x0000, 0x0000, 0x0000, 0x0000,
  0x0000, 0x0000, 0x0000, 0x0000, 0x0000, 0x0000, 0x0000, 0x0000, 0x0000, 0x0000, 0x0000, 0x0000,
  0x0000, 0x0000, 0x0000, 0x0000, 0x0000, 0x0000, 0x0000, 0x0000, 0x0000, 0x0000, 0x0000, 0x0000,
  0x0000, 0x0000, 0x0000, 0x0000, 0x0000, 0x0000, 0x0000, 0x0000, 0x0000, 0x0000, 0x0000, 0x0000,
  0x0000, 0x0000, 0x0000, 0x0000, 0x0000, 0x0000, 0x0000, 0x0000, 0x0000, 0x0000, 0x0000, 0x0000,
  0x0000, 0x0000, 0x0000, 0x0000, 0x0000, 0x0000, 0x0000, 0x0000, 0x0000, 0x0000, 0x0000, 0x0000,
  0x0000, 0x0000, 0x0000, 0x0000, 0x0000, 0x0000, 0x0000, 0x0000, 0x0000, 0x0000, 0x0000, 0x0000,
  0x0000, 0x0000, 0x0000, 0x0000, 0x0000, 0x0000, 0x0000, 0x0000, 0x0000, 0x0000, 0x0000, 0x0000,
  0x0000, 0x0000, 0x0000, 0x0000, 0x0000, 0x0000, 0x0000, 0x0000, 0x0000, 0x0000, 0x0000, 0x0000,
  0x0000, 0x0000, 0x0000, 0x0000, 0x0000, 0x0000, 0x0000, 0x0000, 0x0000, 0x0000, 0x0000, 0x0000,
  0x0000, 0x0000, 0x0000, 0x0000, 0x0000, 0x0000, 0x0000, 0x0000, 0x0000, 0x0000, 0x0000, 0x0000,
  0x0000, 0x0000, 0x0000, 0x0000, 0x0000, 0x0000, 0x0000, 0x0000, 0x0000, 0x0000, 0x0000, 0x0000,
  0x0000, 0x0000, 0x0000, 0x0000, 0x0000, 0x0000, 0x0000, 0x0000, 0x0000, 0x0000, 0x0000, 0x0000,
  0x0000, 0x0000, 0x0000, 0x0000, 0x0000, 0x0000, 0x0000, 0x0000, 0x0000, 0x0000, 0x0000, 0x0000,
  0x0000, 0x0000, 0x0000, 0x0000, 0x0000, 0x0000, 0x0000, 0x0000, 0x0000, 0x0000, 0x0000, 0x0000,
  0x0000, 0x0000, 0x0000, 0x0000, 0x0000, 0x0000, 0x0000, 0x0000, 0x0000, 0x0000, 0x0000, 0x0000,
  0x0000, 0x0000, 0x0000, 0x0000, 0x0000, 0x0000, 0x0000, 0x0000, 0x0000, 0x0000, 0x0000, 0x0000,
  0x0000, 0x0000, 0x0000, 0x0000, 0x0000, 0x0000, 0x0000, 0x0000, 0x1081, 0x5A45, 0xBCA9, 0xF5CC,
  0xFE0C, 0xFDCB, 0xF5AB, 0xF5AB, 0xF5CC, 0xF5EC, 0xF5EC, 0xF5EC, 0xF5EC, 0xFE2D, 0xFE8E, 0xF60D,
  0xAC49, 0x49E3, 0x0000, 0x0000, 0x0000, 0x0000, 0x0000, 0x0000, 0x0000, 0x0000, 0x0020, 0x0020,
  0x0020, 0x0040, 0x0020, 0x10A1, 0xEE4F, 0xFEF0, 0xFED0, 0xFED0, 0xFED0, 0xFED0, 0xFF32, 0xB4EC,
  0x0000, 0x0060, 0x0040, 0x0020, 0x0020, 0x0020, 0x0020, 0x0000, 0x0000, 0x0000, 0x0000, 0x0000,
  0x0000, 0x0000, 0x3983, 0x9BE8, 0xEE0C, 0xFECE, 0xFE8E, 0xFE4D, 0xFE2D, 0xFE2D, 0xFE2D, 0xFE2D,
  0xF5EC, 0xF5EC, 0xFE0C, 0xFE6D, 0xEDED, 0x9BE8, 0x3963, 0x0000, 0x0000, 0x0000, 0x0000, 0x0000,
  0x0000, 0x0000, 0x0000, 0x0000, 0x0000, 0x0000, 0x0000, 0x0000, 0x0000, 0x0000, 0x0000, 0x0000,
  0x0000, 0x0000, 0x0000, 0x0000, 0x0000, 0x0000, 0x0000, 0x0000, 0x0000, 0x0000, 0x0000, 0x0000,
  0x0000, 0x0000, 0x0000, 0x0000, 0x0000, 0x0000, 0x0000, 0x0000, 0x0000, 0x0000, 0x0000, 0x0000,
  0x0000, 0x0000, 0x0000, 0x0000, 0x0000, 0x0000, 0x0000, 0x0000, 0x0000, 0x0000, 0x0000, 0x0000,
  0x0000, 0x0000, 0x0000, 0x0000, 0x0000, 0x0000, 0x0000, 0x0000, 0x0000, 0x0000, 0x0000, 0x0000,
  0x0000, 0x0000, 0x0000, 0x0000, 0x0000, 0x0000, 0x0000, 0x0000, 0x0000, 0x0000, 0x0000, 0x0000,
  0x0000, 0x0000, 0x0000, 0x0000, 0x0000, 0x0000, 0x0000, 0x0000, 0x0000, 0x0000, 0x0000, 0x0000,
  0x0000, 0x0000, 0x0000, 0x0000, 0x0000, 0x0000, 0x0000, 0x0000, 0x0000, 0x0000, 0x0000, 0x0000,
  0x0000, 0x0000, 0x0000, 0x0000, 0x0000, 0x0000, 0x0000, 0x0000, 0x0000, 0x0000, 0x0000, 0x0000,
  0x0000, 0x0000, 0x0000, 0x0000, 0x0000, 0x0000, 0x0000, 0x0000, 0x0000, 0x0000, 0x0000, 0x0000,
  0x0000, 0x0000, 0x0000, 0x0000, 0x0000, 0x0000, 0x0000, 0x0000, 0x0000, 0x0000, 0x0000, 0x0000,
  0x0000, 0x0000, 0x0000, 0x0000, 0x0000, 0x0000, 0x0000, 0x0000, 0x0000, 0x0000, 0x0000, 0x0000,
  0x0000, 0x0000, 0x0000, 0x0000, 0x0000, 0x0000, 0x0000, 0x0000, 0x0000, 0x0000, 0x0000, 0x0000,
  0x0000, 0x0000, 0x0000, 0x0000, 0x0000, 0x0000, 0x0000, 0x0000, 0x0000, 0x0000, 0x0000, 0x0000,
  0x0000, 0x0000, 0x0000, 0x0000, 0x0000, 0x0000, 0x0000, 0x0000, 0x0000, 0x0000, 0x0000, 0x0000,
  0x0000, 0x0000, 0x0000, 0x0000, 0x0000, 0x0000, 0x0000, 0x0000, 0x0000, 0x0000, 0x0000, 0x0000,
  0x0000, 0x0000, 0x0000, 0x0000, 0x0000, 0x0000, 0x0000, 0x0000, 0x0000, 0x0000, 0x0000, 0x0000,
  0x0000, 0x0000, 0x0000, 0x0000, 0x0000, 0x0000, 0x0000, 0x0000, 0x0000, 0x0000, 0x0000, 0x0000,
  0x0000, 0x0000, 0x0000, 0x0000, 0x0000, 0x0000, 0x0000, 0x0000, 0x0000, 0x0000, 0x0000, 0x0000,
  0x0000, 0x0000, 0x0000, 0x0000, 0x0000, 0x0000, 0x0000, 0x0000, 0x0000, 0x0000, 0x0000, 0x0000,
  0x0000, 0x0000, 0x3163, 0x8BA8, 0xDD4A, 0xFDEB, 0xFDCB, 0xED6A, 0xED6B, 0xF5AB, 0xF5AB, 0xF5AB,
  0xF5CB, 0xF5CC, 0xFDEC, 0xFE4D, 0xFE2D, 0xD52B, 0x7B07, 0x20E2, 0x0000, 0x0000, 0x0000, 0x0000,
  0x0000, 0x0000, 0x0000, 0x0000, 0x0020, 0x0020, 0x0020, 0x0040, 0x0040, 0x0040, 0x0060, 0x0020,
  0xC54C, 0xFF31, 0xFED0, 0xFEF1, 0xFEF1, 0xFED1, 0xFF72, 0x8388, 0x0000, 0x0080, 0x0040, 0x0040,
  0x0040, 0x0020, 0x0020, 0x0000, 0x0000, 0x0000, 0x0000, 0x0000, 0x0000, 0x0000, 0x0000, 0x0000,
  0x18A1, 0x6AC5, 0xCD0A, 0xFE8E, 0xFEAE, 0xFE2D, 0xF5EC, 0xF60C, 0xF5EC, 0xF5EC, 0xF5CC, 0xF5CB,
  0xFDEC, 0xFE2C, 0xF5EC, 0xBCCA, 0x62A5, 0x1081, 0x0000, 0x0000, 0x0000, 0x0000, 0x0000, 0x0000,
  0x0000, 0x0000, 0x0000, 0x0000, 0x0000, 0x0000, 0x0000, 0x0000, 0x0000, 0x0000, 0x0000, 0x0000,
  0x0000, 0x0000, 0x0000, 0x0000, 0x0000, 0x0000, 0x0000, 0x0000, 0x0000, 0x0000, 0x0000, 0x0000,
  0x0000, 0x0000, 0x0000, 0x0000, 0x0000, 0x0000, 0x0000, 0x0000, 0x0000, 0x0000, 0x0000, 0x0000,
  0x0000, 0x0000, 0x0000, 0x0000, 0x0000, 0x0000, 0x0000, 0x0000, 0x0000, 0x0000, 0x0000, 0x0000,
  0x0000, 0x0000, 0x0000, 0x0000, 0x0000, 0x0000, 0x0000, 0x0000, 0x0000, 0x0000, 0x0000, 0x0000,
  0x0000, 0x0000, 0x0000, 0x0000, 0x0000, 0x0000, 0x0000, 0x0000, 0x0000, 0x0000, 0x0000, 0x0000,
  0x0000, 0x0000, 0x0000, 0x0000, 0x0000, 0x0000, 0x0000, 0x0000, 0x0000, 0x0000, 0x0000, 0x0000,
  0x0000, 0x0000, 0x0000, 0x0000, 0x0000, 0x0000, 0x0000, 0x0000, 0x0000, 0x0000, 0x0000, 0x0000,
  0x0000, 0x0000, 0x0000, 0x0000, 0x0000, 0x0000, 0x0000, 0x0000, 0x0000, 0x0000, 0x0000, 0x0000,
  0x0000, 0x0000, 0x0000, 0x0000, 0x0000, 0x0000, 0x0000, 0x0000, 0x0000, 0x0000, 0x0000, 0x0000,
  0x0000, 0x0000, 0x0000, 0x0000, 0x0000, 0x0000, 0x0000, 0x0000, 0x0000, 0x0000, 0x0000, 0x0000,
  0x0000, 0x0000, 0x0000, 0x0000, 0x0000, 0x0000, 0x0000, 0x0000, 0x0000, 0x0000, 0x0000, 0x0000,
  0x0000, 0x0000, 0x0000, 0x0000, 0x0000, 0x0000, 0x0000, 0x0000, 0x0000, 0x0000, 0x0000, 0x0000,
  0x0000, 0x0000, 0x0000, 0x0000, 0x0000, 0x0000, 0x0000, 0x0000, 0x0000, 0x0000, 0x0000, 0x0000,
  0x0000, 0x0000, 0x0000, 0x0000, 0x0000, 0x0000, 0x0000, 0x0000, 0x0000, 0x0000, 0x0000, 0x0000,
  0x0000, 0x0000, 0x0000, 0x0000, 0x0000, 0x0000, 0x0000, 0x0000, 0x0000, 0x0000, 0x0000, 0x0000,
  0x0000, 0x0000, 0x0000, 0x0000, 0x0000, 0x0000, 0x0000, 0x0000, 0x0000, 0x0000, 0x0000, 0x0000,
  0x0000, 0x0000, 0x0000, 0x0000, 0x0000, 0x0000, 0x0000, 0x0000, 0x0000, 0x0000, 0x0000, 0x0000,
  0x0000, 0x0000, 0x0000, 0x0000, 0x0000, 0x0000, 0x0000, 0x0000, 0x0000, 0x0000, 0x0000, 0x0000,
  0x0000, 0x0000, 0x0000, 0x0000, 0x0000, 0x0000, 0x0000, 0x1081, 0x5A65, 0xBC68, 0xF5AB, 0xFDCB,
  0xF56A, 0xED4A, 0xED6A, 0xED6A, 0xF58B, 0xF5AB, 0xED8B, 0xF5AB, 0xFE0C, 0xFE4D, 0xEDAB, 0xABE8,
  0x49C3, 0x0020, 0x0000, 0x0000, 0x0000, 0x0000, 0x0000, 0x0000, 0x0000, 0x0000, 0x0000, 0x0020,
  0x0020, 0x0020, 0x0040, 0x0040, 0x0040, 0x0060, 0x0080, 0x0000, 0x83C8, 0xFF50, 0xF6D0, 0xFEF1,
  0xFEF1, 0xFEF1, 0xFEF0, 0x39C3, 0x0000, 0x0060, 0x0060, 0x0040, 0x0040, 0x0040, 0x0020, 0x0020,
  0x0000, 0x0000, 0x0000, 0x0000, 0x0000, 0x0000, 0x0000, 0x0000, 0x0000, 0x0000, 0x0000, 0x41A3,
  0xA3E8, 0xEDAB, 0xFE4C, 0xFE4C, 0xF5EC, 0xF5CB, 0xF5EC, 0xF5EC, 0xF5EB, 0xF5AB, 0xF5AB, 0xFDEC,
  0xFE2C, 0xDD6B, 0x8B67, 0x3142, 0x0000, 0x0000, 0x0000, 0x0000, 0x0000, 0x0000, 0x0000, 0x0000,
  0x0000, 0x0000, 0x0000, 0x0000, 0x0000, 0x0000, 0x0000, 0x0000, 0x0000, 0x0000, 0x0000, 0x0000,
  0x0000, 0x0000, 0x0000, 0x0000, 0x0000, 0x0000, 0x0000, 0x0000, 0x0000, 0x0000, 0x0000, 0x0000,
  0x0000, 0x0000, 0x0000, 0x0000, 0x0000, 0x0000, 0x0000, 0x0000, 0x0000, 0x0000, 0x0000, 0x0000,
  0x0000, 0x0000, 0x0000, 0x0000, 0x0000, 0x0000, 0x0000, 0x0000, 0x0000, 0x0000, 0x0000, 0x0000,
  0x0000, 0x0000, 0x0000, 0x0000, 0x0000, 0x0000, 0x0000, 0x0000, 0x0000, 0x0000, 0x0000, 0x0000,
  0x0000, 0x0000, 0x0000, 0x0000, 0x0000, 0x0000, 0x0000, 0x0000, 0x0000, 0x0000, 0x0000, 0x0000,
  0x0000, 0x0000, 0x0000, 0x0000, 0x0000, 0x0000, 0x0000, 0x0000, 0x0000, 0x0000, 0x0000, 0x0000,
  0x0000, 0x0000, 0x0000, 0x0000, 0x0000, 0x0000, 0x0000, 0x0000, 0x0000, 0x0000, 0x0000, 0x0000,
  0x0000, 0x0000, 0x0000, 0x0000, 0x0000, 0x0000, 0x0000, 0x0000, 0x0000, 0x0000, 0x0000, 0x0000,
  0x0000, 0x0000, 0x0000, 0x0000, 0x0000, 0x0000, 0x0000, 0x0000, 0x0000, 0x0000, 0x0000, 0x0000,
  0x0000, 0x0000, 0x0000, 0x0000, 0x0000, 0x0000, 0x0000, 0x0000, 0x0000, 0x0000, 0x0000, 0x0000,
  0x0000, 0x0000, 0x0000, 0x0000, 0x0000, 0x0000, 0x0000, 0x0000, 0x0000, 0x0000, 0x0000, 0x0000,
  0x0000, 0x0000, 0x0000, 0x0000, 0x0000, 0x0000, 0x0000, 0x0000, 0x0000, 0x0000, 0x0000, 0x0000,
  0x0000, 0x0000, 0x0000, 0x0000, 0x0000, 0x0000, 0x0000, 0x0000, 0x0000, 0x0000, 0x0000, 0x0000,
  0x0000, 0x0000, 0x0000, 0x0000, 0x0000, 0x0000, 0x0000, 0x0000, 0x0000, 0x0000, 0x0000, 0x0000,
  0x0000, 0x0000, 0x0000, 0x0000, 0x0000, 0x0000, 0x0000, 0x0000, 0x0000, 0x0000, 0x0000, 0x0000,
  0x0000, 0x0000, 0x0000, 0x0000, 0x0000, 0x0000, 0x0000, 0x0000, 0x0000, 0x0000, 0x0000, 0x0000,
  0x0000, 0x0000, 0x0000, 0x0000, 0x0000, 0x0000, 0x0000, 0x0000, 0x0000, 0x0000, 0x0000, 0x0000,
  0x0000, 0x0000, 0x0000, 0x0000, 0x0000, 0x0000, 0x0000, 0x0000, 0x0000, 0x0000, 0x0000, 0x0000,
  0x0000, 0x2922, 0x8B66, 0xDD2A, 0xFDAB, 0xF58A, 0xED4A, 0xED4A, 0xED4A, 0xED4A, 0xED6A, 0xED6A,
  0xED8B, 0xF5AB, 0xFE0C, 0xFE0C, 0xD50A, 0x7AE5, 0x20C1, 0x0000, 0x0000, 0x0000, 0x0000, 0x0000,
  0x0000, 0x0000, 0x0000, 0x0000, 0x0000, 0x0000, 0x0000, 0x0020, 0x0020, 0x0040, 0x0040, 0x0060,
  0x0060, 0x0060, 0x0080, 0x0000, 0x4A45, 0xFF72, 0xFF11, 0xFF52, 0xFF31, 0xFF31, 0xE62E, 0x10A1,
  0x0060, 0x0080, 0x0060, 0x0060, 0x0060, 0x0040, 0x0040, 0x0020, 0x0020, 0x0000, 0x0000, 0x0000,
  0x0000, 0x0000, 0x0000, 0x0000, 0x0000, 0x0000, 0x0000, 0x0000, 0x0000, 0x20A1, 0x72C5, 0xD509,
  0xFE2C, 0xFE4C, 0xF60C, 0xF5CB, 0xF5CB, 0xF5CB, 0xF5AB, 0xF5AB, 0xED8B, 0xF5AB, 0xFDEC, 0xF5CC,
  0xBC89, 0x5A45, 0x0861, 0x0000, 0x0000, 0x0000, 0x0000, 0x0000, 0x0000, 0x0000, 0x0000, 0x0000,
  0x0000, 0x0000, 0x0000, 0x0000, 0x0000, 0x0000, 0x0000, 0x0000, 0x0000, 0x0000, 0x0000, 0x0000,
  0x0000, 0x0000, 0x0000, 0x0000, 0x0000, 0x0000, 0x0000, 0x0000, 0x0000, 0x0000, 0x0000, 0x0000,
  0x0000, 0x0000, 0x0000, 0x0000, 0x0000, 0x0000, 0x0000, 0x0000, 0x0000, 0x0000, 0x0000, 0x0000,
  0x0000, 0x0000, 0x0000, 0x0000, 0x0000, 0x0000, 0x0000, 0x0000, 0x0000, 0x0000, 0x0000, 0x0000,
  0x0000, 0x0000, 0x0000, 0x0000, 0x0000, 0x0000, 0x0000, 0x0000, 0x0000, 0x0000, 0x0000, 0x0000,
  0x0000, 0x0000, 0x0000, 0x0000, 0x0000, 0x0000, 0x0000, 0x0000, 0x0000, 0x0000, 0x0000, 0x0000,
  0x0000, 0x0000, 0x0000, 0x0000, 0x0000, 0x0000, 0x0000, 0x0000, 0x0000, 0x0000, 0x0000, 0x0000,
  0x0000, 0x0000, 0x0000, 0x0000, 0x0000, 0x0000, 0x0000, 0x0000, 0x0000, 0x0000, 0x0000, 0x0000,
  0x0000, 0x0000, 0x0000, 0x0000, 0x0000, 0x0000, 0x0000, 0x0000, 0x0000, 0x0000, 0x0000, 0x0000,
  0x0000, 0x0000, 0x0000, 0x0000, 0x0000, 0x0000, 0x0000, 0x0000, 0x0000, 0x0000, 0x0000, 0x0000,
  0x0000, 0x0000, 0x0000, 0x0000, 0x0000, 0x0000, 0x0000, 0x0000, 0x0000, 0x0000, 0x0000, 0x0000,
  0x0000, 0x0000, 0x0000, 0x0000, 0x0000, 0x0000, 0x0000, 0x0000, 0x0000, 0x0000, 0x0000, 0x0000,
  0x0000, 0x0000, 0x0000, 0x0000, 0x0000, 0x0000, 0x0000, 0x0000, 0x0000, 0x0000, 0x0000, 0x0000,
  0x0000, 0x0000, 0x0000, 0x0000, 0x0000, 0x0000, 0x0000, 0x0000, 0x0000, 0x0000, 0x0000, 0x0000,
  0x0000, 0x0000, 0x0000, 0x0000, 0x0000, 0x0000, 0x0000, 0x0000, 0x0000, 0x0000, 0x0000, 0x0000,
  0x0000, 0x0000, 0x0000, 0x0000, 0x0000, 0x0000, 0x0000, 0x0000, 0x0000, 0x0000, 0x0000, 0x0000,
  0x0000, 0x0000, 0x0000, 0x0000, 0x0000, 0x0000, 0x0000, 0x0000, 0x0000, 0x0000, 0x0000, 0x0000,
  0x0000, 0x0000, 0x0000, 0x0000, 0x0000, 0x0000, 0x0000, 0x0000, 0x0000, 0x0000, 0x0000, 0x0000,
  0x0000, 0x0000, 0x0000, 0x0000, 0x0000, 0x0000, 0x1061, 0x5224, 0xAC27, 0xED6A, 0xFDCA, 0xED4A,
  0xE529, 0xED2A, 0xED4A, 0xED4A, 0xED4A, 0xED4A, 0xED6A, 0xF5AB, 0xFDEC, 0xED6A, 0xAC08, 0x51E3,
  0x0820, 0x0000, 0x0000, 0x0000, 0x0000, 0x0000, 0x0000, 0x0000, 0x0000, 0x0000, 0x0000, 0x0000,
  0x0000, 0x0000, 0x0020, 0x0020, 0x0040, 0x0040, 0x0060, 0x0060, 0x0080, 0x0080, 0x0080, 0x0060,
  0x1961, 0xD64F, 0xDE70, 0xD5EE, 0xD5CD, 0xDE0E, 0x9C89, 0x0080, 0x00C0, 0x00A0, 0x0080, 0x0080,
  0x0060, 0x0060, 0x0040, 0x0020, 0x0020, 0x0000, 0x0000, 0x0000, 0x0000, 0x0000, 0x0000, 0x0000,
  0x0000, 0x0000, 0x0000, 0x0000, 0x0000, 0x0000, 0x0000, 0x0020, 0x49C3, 0xAC27, 0xF5CB, 0xFE2C,
  0xFDEB, 0xED8B, 0xF58B, 0xF58B, 0xF58B, 0xF5AB, 0xED8B, 0xF58B, 0xFDEB, 0xFE2C, 0xDD4A, 0x8326,
  0x2902, 0x0000, 0x0000, 0x0000, 0x0000, 0x0000, 0x0000, 0x0000, 0x0000, 0x0000, 0x0000, 0x0000,
  0x0000, 0x0000, 0x0000, 0x0000, 0x0000, 0x0000, 0x0000, 0x0000, 0x0000, 0x0000, 0x0000, 0x0000,
  0x0000, 0x0000, 0x0000, 0x0000, 0x0000, 0x0000, 0x0000, 0x0000, 0x0000, 0x0000, 0x0000, 0x0000,
  0x0000, 0x0000, 0x0000, 0x0000, 0x0000, 0x0000, 0x0000, 0x0000, 0x0000, 0x0000, 0x0000, 0x0000,
  0x0000, 0x0000, 0x0000, 0x0000, 0x0000, 0x0000, 0x0000, 0x0000, 0x0000, 0x0000, 0x0000, 0x0000,
  0x0000, 0x0000, 0x0000, 0x0000, 0x0000, 0x0000, 0x0000, 0x0000, 0x0000, 0x0000, 0x0000, 0x0000,
  0x0000, 0x0000, 0x0000, 0x0000, 0x0000, 0x0000, 0x0000, 0x0000, 0x0000, 0x0000, 0x0000, 0x0000,
  0x0000, 0x0000, 0x0000, 0x0000, 0x0000, 0x0000, 0x0000, 0x0000, 0x0000, 0x0000, 0x0000, 0x0000,
  0x0000, 0x0000, 0x0000, 0x0000, 0x0000, 0x0000, 0x0000, 0x0000, 0x0000, 0x0000, 0x0000, 0x0000,
  0x0000, 0x0000, 0x0000, 0x0000, 0x0000, 0x0000, 0x0000, 0x0000, 0x0000, 0x0000, 0x0000, 0x0000,
  0x0000, 0x0000, 0x0000, 0x0000, 0x0000, 0x0000, 0x0000, 0x0000, 0x0000, 0x0000, 0x0000, 0x0000,
  0x0000, 0x0000, 0x0000, 0x0000, 0x0000, 0x0000, 0x0000, 0x0000, 0x0000, 0x0000, 0x0000, 0x0000,
  0x0000, 0x0000, 0x0000, 0x0000, 0x0000, 0x0000, 0x0000, 0x0000, 0x0000, 0x0000, 0x0000, 0x0000,
  0x0000, 0x0000, 0x0000, 0x0000, 0x0000, 0x0000, 0x0000, 0x0000, 0x0000, 0x0000, 0x0000, 0x0000,
  0x0000, 0x0000, 0x0000, 0x0000, 0x0000, 0x0000, 0x0000, 0x0000, 0x0000, 0x0000, 0x0000, 0x0000,
  0x0000, 0x0000, 0x0000, 0x0000, 0x0000, 0x0000, 0x0000, 0x0000, 0x0000, 0x0000, 0x0000, 0x0000,
  0x0000, 0x0000, 0x0000, 0x0000, 0x0000, 0x0000, 0x0000, 0x0000, 0x0000, 0x0000, 0x0000, 0x0000,
  0x0000, 0x0000, 0x0000, 0x0000, 0x0000, 0x0000, 0x0000, 0x0000, 0x0000, 0x0000, 0x0000, 0x0000,
  0x0000, 0x0000, 0x0000, 0x0000, 0x0000, 0x0000, 0x0000, 0x0000, 0x0000, 0x0000, 0x0000, 0x0000,
  0x2922, 0x8346, 0xD54A, 0xF5AA, 0xF56A, 0xED29, 0xED29, 0xED2A, 0xED4A, 0xED4A, 0xED4A, 0xED4A,
  0xED6A, 0xFDCB, 0xFDAB, 0xD4A8, 0x7AA5, 0x20C1, 0x0000, 0x0000, 0x0000, 0x0000, 0x0000, 0x0000,
  0x0000, 0x0000, 0x0000, 0x0000, 0x0000, 0x0000, 0x0000, 0x0000, 0x0000, 0x0000, 0x0020, 0x0020,
  0x0040, 0x0060, 0x0060, 0x0080, 0x0080, 0x00C0, 0x00C0, 0x00E0, 0x0120, 0x0960, 0x0940, 0x00A0,
  0x0080, 0x00C0, 0x0100, 0x0120, 0x00E0, 0x00A0, 0x00A0, 0x0080, 0x0080, 0x0060, 0x0040, 0x0040,
  0x0020, 0x0020, 0x0000, 0x0000, 0x0000, 0x0000, 0x0000, 0x0000, 0x0000, 0x0000, 0x0000, 0x0000,
  0x0000, 0x0000, 0x0000, 0x0000, 0x0000, 0x0000, 0x28E1, 0x82E5, 0xD4E9, 0xFDEB, 0xFDEB, 0xF5AB,
  0xED8B, 0xF5AB, 0xF5AB, 0xF58B, 0xF58B, 0xF58B, 0xF5AB, 0xFDEB, 0xF5CC, 0xB469, 0x49E4, 0x0020,
  0x0000, 0x0000, 0x0000, 0x0000, 0x0000, 0x0000, 0x0000, 0x0000, 0x0000, 0x0000, 0x0000, 0x0000,
  0x0000, 0x0000, 0x0000, 0x0000, 0x0000, 0x0000, 0x0000, 0x0000, 0x0000, 0x0000, 0x0000, 0x0000,
  0x0000, 0x0000, 0x0000, 0x0000, 0x0000, 0x0000, 0x0000, 0x0000, 0x0000, 0x0000, 0x0000, 0x0000,
  0x0000, 0x0000, 0x0000, 0x0000, 0x0000, 0x0000, 0x0000, 0x0000, 0x0000, 0x0000, 0x0000, 0x0000,
  0x0000, 0x0000, 0x0000, 0x0000, 0x0000, 0x0000, 0x0000, 0x0000, 0x0000, 0x0000, 0x0000, 0x0000,
  0x0000, 0x0000, 0x0000, 0x0000, 0x0000, 0x0000, 0x0000, 0x0000, 0x0000, 0x0000, 0x0000, 0x0000,
  0x0000, 0x0000, 0x0000, 0x0000, 0x0000, 0x0000, 0x0000, 0x0000, 0x0000, 0x0000, 0x0000, 0x0000,
  0x0000, 0x0000, 0x0000, 0x0000, 0x0000, 0x0000, 0x0000, 0x0000, 0x0000, 0x0000, 0x0000, 0x0000,
  0x0000, 0x0000, 0x0000, 0x0000, 0x0000, 0x0000, 0x0000, 0x0000, 0x0000, 0x0000, 0x0000, 0x0000,
  0x0000, 0x0000, 0x0000, 0x0000, 0x0000, 0x0000, 0x0000, 0x0000, 0x0000, 0x0000, 0x0000, 0x0000,
  0x0000, 0x0000, 0x0000, 0x0000, 0x0000, 0x0000, 0x0000, 0x0000, 0x0000, 0x0000, 0x0000, 0x0000,
  0x0000, 0x0000, 0x0000, 0x0000, 0x0000, 0x0000, 0x0000, 0x0000, 0x0000, 0x0000, 0x0000, 0x0000,
  0x0000, 0x0000, 0x0000, 0x0000, 0x0000, 0x0000, 0x0000, 0x0000, 0x0000, 0x0000, 0x0000, 0x0000,
  0x0000, 0x0000, 0x0000, 0x0000, 0x0000, 0x0000, 0x0000, 0x0000, 0x0000, 0x0000, 0x0000, 0x0000,
  0x0000, 0x0000, 0x0000, 0x0000, 0x0000, 0x0000, 0x0000, 0x0000, 0x0000, 0x0000, 0x0000, 0x0000,
  0x0000, 0x0000, 0x0000, 0x0000, 0x0000, 0x0000, 0x0000, 0x0000, 0x0000, 0x0000, 0x0000, 0x0000,
  0x0000, 0x0000, 0x0000, 0x0000, 0x0000, 0x0000, 0x0000, 0x0000, 0x0000, 0x0000, 0x0000, 0x0000,
  0x0000, 0x0000, 0x0000, 0x0000, 0x0000, 0x0000, 0x0000, 0x0000, 0x0000, 0x0000, 0x0000, 0x0000,
  0x0000, 0x0000, 0x0000, 0x0000, 0x0000, 0x1061, 0x5A03, 0xABE6, 0xE529, 0xF58A, 0xED4A, 0xE509,
  0xED29, 0xED29, 0xED49, 0xED29, 0xE529, 0xED2A, 0xF56A, 0xFDAA, 0xED6A, 0xABC7, 0x51A3, 0x0820,
  0x0000, 0x0000, 0x0000, 0x0000, 0x0000, 0x0000, 0x0000, 0x0000, 0x0000, 0x0000, 0x0000, 0x0000,
  0x0000, 0x0000, 0x0000, 0x0000, 0x0000, 0x0020, 0x0020, 0x0040, 0x0040, 0x0060, 0x0080, 0x0080,
  0x00A0, 0x0080, 0x0100, 0x0180, 0x0160, 0x00E0, 0x00A0, 0x00E0, 0x0120, 0x0120, 0x0180, 0x01A0,
  0x0100, 0x00A0, 0x00A0, 0x00E0, 0x00A0, 0x0060, 0x0060, 0x0040, 0x0040, 0x0020, 0x0000, 0x0000,
  0x0000, 0x0000, 0x0000, 0x0000, 0x0000, 0x0000, 0x0000, 0x0000, 0x0000, 0x0000, 0x0000, 0x0000,
  0x0000, 0x0000, 0x0000, 0x0000, 0x0840, 0x59E3, 0xB427, 0xF5CB, 0xFE0B, 0xFDCB, 0xED8A, 0xF58A,
  0xF58B, 0xF5AB, 0xF58B, 0xED8B, 0xF58B, 0xFDCB, 0xFDEC, 0xCD0A, 0x7B06, 0x2102, 0x0000, 0x0000,
  0x0000, 0x0000, 0x0000, 0x0000, 0x0000, 0x0000, 0x0000, 0x0000, 0x0000, 0x0000, 0x0000, 0x0000,
  0x0000, 0x0000, 0x0000, 0x0000, 0x0000, 0x0000, 0x0000, 0x0000, 0x0000, 0x0000, 0x0000, 0x0000,
  0x0000, 0x0000, 0x0000, 0x0000, 0x0000, 0x0000, 0x0000, 0x0000, 0x0000, 0x0000, 0x0000, 0x0000,
  0x0000, 0x0000, 0x0000, 0x0000, 0x0000, 0x0000, 0x0000, 0x0000, 0x0000, 0x0000, 0x0000, 0x0000,
  0x0000, 0x0000, 0x0000, 0x0000, 0x0000, 0x0000, 0x0000, 0x0000, 0x0000, 0x0000, 0x0000, 0x0000,
  0x0000, 0x0000, 0x0000, 0x0000, 0x0000, 0x0000, 0x0000, 0x0000, 0x0000, 0x0000, 0x0000, 0x0000,
  0x0000, 0x0000, 0x0000, 0x0000, 0x0000, 0x0000, 0x0000, 0x0000, 0x0000, 0x0000, 0x0000, 0x0000,
  0x0000, 0x0000, 0x0000, 0x0000, 0x0000, 0x0000, 0x0000, 0x0000, 0x0000, 0x0000, 0x0000, 0x0000,
  0x0000, 0x0000, 0x0000, 0x0000, 0x0000, 0x0000, 0x0000, 0x0000, 0x0000, 0x0000, 0x0000, 0x0000,
  0x0000, 0x0000, 0x0000, 0x0000, 0x0000, 0x0000, 0x0000, 0x0000, 0x0000, 0x0000, 0x0000, 0x0000,
  0x0000, 0x0000, 0x0000, 0x0000, 0x0000, 0x0000, 0x0000, 0x0000, 0x0000, 0x0000, 0x0000, 0x0000,
  0x0000, 0x0000, 0x0000, 0x0000, 0x0000, 0x0000, 0x0000, 0x0000, 0x0000, 0x0000, 0x0000, 0x0000,
  0x0000, 0x0000, 0x0000, 0x0000, 0x0000, 0x0000, 0x0000, 0x0000, 0x0000, 0x0000, 0x0000, 0x0000,
  0x0000, 0x0000, 0x0000, 0x0000, 0x0000, 0x0000, 0x0000, 0x0000, 0x0000, 0x0000, 0x0000, 0x0000,
  0x0000, 0x0000, 0x0000, 0x0000, 0x0000, 0x0000, 0x0000, 0x0000, 0x0000, 0x0000, 0x0000, 0x0000,
  0x0000, 0x0000, 0x0000, 0x0000, 0x0000, 0x0000, 0x0000, 0x0000, 0x0000, 0x0000, 0x0000, 0x0000,
  0x0000, 0x0000, 0x0000, 0x0000, 0x0000, 0x0000, 0x0000, 0x0000, 0x0000, 0x0000, 0x0000, 0x0000,
  0x0000, 0x0000, 0x0000, 0x0000, 0x0000, 0x0000, 0x0000, 0x0000, 0x0000, 0x0000, 0x0000, 0x2922,
  0x8B25, 0xD4E9, 0xF56A, 0xF529, 0xE4E8, 0xE4E8, 0xE509, 0xED29, 0xED4A, 0xED4A, 0xE52A, 0xED29,
  0xF54A, 0xF56A, 0xD488, 0x82C4, 0x28E1, 0x0000, 0x0000, 0x0000, 0x0000, 0x0000, 0x0000, 0x0000,
  0x0000, 0x0000, 0x0000, 0x0000, 0x0000, 0x0000, 0x0000, 0x0000, 0x0000, 0x0000, 0x0000, 0x0000,
  0x0000, 0x0020, 0x0020, 0x0040, 0x0060, 0x0080, 0x00A0, 0x00A0, 0x00E0, 0x43C9, 0x4429, 0x0180,
  0x0A62, 0x6D6E, 0x6D4E, 0x0A41, 0x0241, 0x5D0C, 0x2B65, 0x0180, 0x2344, 0x85D1, 0x4C4A, 0x0120,
  0x00C0, 0x0080, 0x0060, 0x0040, 0x0040, 0x0020, 0x0020, 0x0000, 0x0000, 0x0000, 0x0000, 0x0000,
  0x0000, 0x0000, 0x0000, 0x0000, 0x0000, 0x0000, 0x0000, 0x0000, 0x0000, 0x0000, 0x0000, 0x0000,
  0x0000, 0x0000, 0x0000, 0x3121, 0x8B45, 0xE529, 0xFE0B, 0xFDEB, 0xF5AB, 0xED8B, 0xF5AB, 0xF58B,
  0xF58B, 0xED8B, 0xF58B, 0xFDEC, 0xFE4D, 0xF5EC, 0xA408, 0x41C3, 0x0000, 0x0000, 0x0000, 0x0000,
  0x0000, 0x0000, 0x0000, 0x0000, 0x0000, 0x0000, 0x0000, 0x0000, 0x0000, 0x0000, 0x0000, 0x0000,
  0x0000, 0x0000, 0x0000, 0x0000, 0x0000, 0x0000, 0x0000, 0x0000, 0x0000, 0x0000, 0x0000, 0x0000,
  0x0000, 0x0000, 0x0000, 0x0000, 0x0000, 0x0000, 0x0000, 0x0000, 0x0000, 0x0000, 0x0000, 0x0000,
  0x0000, 0x0000, 0x0000, 0x0000, 0x0000, 0x0000, 0x0000, 0x0000, 0x0000, 0x0000, 0x0000, 0x0000,
  0x0000, 0x0000, 0x0000, 0x0000, 0x0000, 0x0000, 0x0000, 0x0000, 0x0000, 0x0000, 0x0000, 0x0000,
  0x0000, 0x0000, 0x0000, 0x0000, 0x0000, 0x0000, 0x0000, 0x0000, 0x0000, 0x0000, 0x0000, 0x0000,
  0x0000, 0x0000, 0x0000, 0x0000, 0x0000, 0x0000, 0x0000, 0x0000, 0x0000, 0x0000, 0x0000, 0x0000,
  0x0000, 0x0000, 0x0000, 0x0000, 0x0000, 0x0000, 0x0000, 0x0000, 0x0000, 0x0000, 0x0000, 0x0000,
  0x0000, 0x0000, 0x0000, 0x0000, 0x0000, 0x0000, 0x0000, 0x0000, 0x0000, 0x0000, 0x0000, 0x0000,
  0x0000, 0x0000, 0x0000, 0x0000, 0x0000, 0x0000, 0x0000, 0x0000, 0x0000, 0x0000, 0x0000, 0x0000,
  0x0000, 0x0000, 0x0000, 0x0000, 0x0000, 0x0000, 0x0000, 0x0000, 0x0000, 0x0000, 0x0000, 0x0000,
  0x0000, 0x0000, 0x0000, 0x0000, 0x0000, 0x0000, 0x0000, 0x0000, 0x0000, 0x0000, 0x0000, 0x0000,
  0x0000, 0x0000, 0x0000, 0x0000, 0x0000, 0x0000, 0x0000, 0x0000, 0x0000, 0x0000, 0x0000, 0x0000,
  0x0000, 0x0000, 0x0000, 0x0000, 0x0000, 0x0000, 0x0000, 0x0000, 0x0000, 0x0000, 0x0000, 0x0000,
  0x0000, 0x0000, 0x0000, 0x0000, 0x0000, 0x0000, 0x0000, 0x0000, 0x0000, 0x0000, 0x0000, 0x0000,
  0x0000, 0x0000, 0x0000, 0x0000, 0x0000, 0x0000, 0x0000, 0x0000, 0x0000, 0x0000, 0x0000, 0x0000,
  0x0000, 0x0000, 0x0000, 0x0000, 0x0000, 0x0000, 0x0000, 0x0000, 0x0000, 0x0000, 0x0000, 0x0000,
  0x0000, 0x0000, 0x0000, 0x0000, 0x1060, 0x5A44, 0xB407, 0xE509, 0xF549, 0xE509, 0xE509, 0xE509,
  0xE509, 0xE509, 0xE509, 0xE509, 0xE52A, 0xF56A, 0xFDCB, 0xED29, 0xABA6, 0x51A3, 0x0820, 0x0000,
  0x0000, 0x0000, 0x0000, 0x0000, 0x0000, 0x0000, 0x0000, 0x0000, 0x0000, 0x0000, 0x0000, 0x0000,
  0x0000, 0x0000, 0x0000, 0x0000, 0x0000, 0x0000, 0x0000, 0x0000, 0x0020, 0x0020, 0x0040, 0x0040,
  0x0060, 0x0080, 0x00C0, 0x00E0, 0x09C1, 0x8672, 0x8632, 0x0140, 0x656E, 0x6DEE, 0x8651, 0x5D2C,
  0x1302, 0xAF57, 0x4C2A, 0x0180, 0x9ED5, 0x554B, 0x9F15, 0x22C5, 0x0080, 0x00A0, 0x0080, 0x0060,
  0x0040, 0x0020, 0x0020, 0x0000, 0x0000, 0x0000, 0x0000, 0x0000, 0x0000, 0x0000, 0x0000, 0x0000,
  0x0000, 0x0000, 0x0000, 0x0000, 0x0000, 0x0000, 0x0000, 0x0000, 0x0000, 0x0000, 0x0000, 0x0000,
  0x0000, 0x1060, 0x6A64, 0xC4A8, 0xFDEB, 0xFE0B, 0xF5AA, 0xED6A, 0xED8A, 0xF5AB, 0xF5AB, 0xF5CB,
  0xF5AB, 0xF5AB, 0xFDCA, 0xFDCB, 0xCCCA, 0x72E6, 0x18C1, 0x0000, 0x0000, 0x0000, 0x0000, 0x0000,
  0x0000, 0x0000, 0x0000, 0x0000, 0x0000, 0x0000, 0x0000, 0x0000, 0x0000, 0x0000, 0x0000, 0x0000,
  0x0000, 0x0000, 0x0000, 0x0000, 0x0000, 0x0000, 0x0000, 0x0000, 0x0000, 0x0000, 0x0000, 0x0000,
  0x0000, 0x0000, 0x0000, 0x0000, 0x0000, 0x0000, 0x0000, 0x0000, 0x0000, 0x0000, 0x0000, 0x0000,
  0x0000, 0x0000, 0x0000, 0x0000, 0x0000, 0x0000, 0x0000, 0x0000, 0x0000, 0x0000, 0x0000, 0x0000,
  0x0000, 0x0000, 0x0000, 0x0000, 0x0000, 0x0000, 0x0000, 0x0000, 0x0000, 0x0000, 0x0000, 0x0000,
  0x0000, 0x0000, 0x0000, 0x0000, 0x0000, 0x0000, 0x0000, 0x0000, 0x0000, 0x0000, 0x0000, 0x0000,
  0x0000, 0x0000, 0x0000, 0x0000, 0x0000, 0x0000, 0x0000, 0x0000, 0x0000, 0x0000, 0x0000, 0x0000,
  0x0000, 0x0000, 0x0000, 0x0000, 0x0000, 0x0000, 0x0000, 0x0000, 0x0000, 0x0000, 0x0000, 0x0000,
  0x0000, 0x0000, 0x0000, 0x0000, 0x0000, 0x0000, 0x0000, 0x0000, 0x0000, 0x0000, 0x0000, 0x0000,
  0x0000, 0x0000, 0x0000, 0x0000, 0x0000, 0x0000, 0x0000, 0x0000, 0x0000, 0x0000, 0x0000, 0x0000,
  0x0000, 0x0000, 0x0000, 0x0000, 0x0000, 0x0000, 0x0000, 0x0000, 0x0000, 0x0000, 0x0000, 0x0000,
  0x0000, 0x0000, 0x0000, 0x0000, 0x0000, 0x0000, 0x0000, 0x0000, 0x0000, 0x0000, 0x0000, 0x0000,
  0x0000, 0x0000, 0x0000, 0x0000, 0x0000, 0x0000, 0x0000, 0x0000, 0x0000, 0x0000, 0x0000, 0x0000,
  0x0000, 0x0000, 0x0000, 0x0000, 0x0000, 0x0000, 0x0000, 0x0000, 0x0000, 0x0000, 0x0000, 0x0000,
  0x0000, 0x0000, 0x0000, 0x0000, 0x0000, 0x0000, 0x0000, 0x0000, 0x0000, 0x0000, 0x0000, 0x0000,
  0x0000, 0x0000, 0x0000, 0x0000, 0x0000, 0x0000, 0x0000, 0x0000, 0x0000, 0x0000, 0x0000, 0x0000,
  0x0000, 0x0000, 0x0000, 0x0000, 0x0000, 0x0000, 0x0000, 0x0000, 0x0000, 0x0000, 0x3142, 0x8B26,
  0xD4E9, 0xF58A, 0xF54A, 0xE4E9, 0xE4E9, 0xE509, 0xE509, 0xED29, 0xE529, 0xE509, 0xE509, 0xF549,
  0xF549, 0xCC88, 0x82E5, 0x28E1, 0x0000, 0x0000, 0x0000, 0x0000, 0x0000, 0x0000, 0x0000, 0x0000,
  0x0000, 0x0000, 0x0000, 0x0000, 0x0000, 0x0000, 0x0000, 0x0000, 0x0000, 0x0000, 0x0000, 0x0000,
  0x0000, 0x0000, 0x0020, 0x0020, 0x0020, 0x0040, 0x0060, 0x0060, 0x0060, 0x0080, 0x00A0, 0x0140,
  0x01C0, 0x23E5, 0x75F0, 0x0160, 0x7E31, 0x3446, 0x44C9, 0x7E30, 0x01C0, 0x5D6C, 0x4449, 0x0200,
  0x9F15, 0x0300, 0x7E50, 0x3BA7, 0x00A0, 0x00C0, 0x0080, 0x0080, 0x0060, 0x0040, 0x0040, 0x0020,
  0x0020, 0x0020, 0x0000, 0x0000, 0x0000, 0x0000, 0x0000, 0x0000, 0x0000, 0x0000, 0x0000, 0x0000,
  0x0000, 0x0000, 0x0000, 0x0000, 0x0000, 0x0000, 0x0000, 0x0000, 0x0000, 0x0000, 0x0000, 0x0000,
  0x4182, 0x9B86, 0xED6A, 0xFE0C, 0xFDEB, 0xF5AB, 0xF5AB, 0xF5AA, 0xF58A, 0xED6A, 0xED4A, 0xED6A,
  0xFDCB, 0xFE2C, 0xEDAB, 0x9BA7, 0x3983, 0x0000, 0x0000, 0x0000, 0x0000, 0x0000, 0x0000, 0x0000,
  0x0000, 0x0000, 0x0000, 0x0000, 0x0000, 0x0000, 0x0000, 0x0000, 0x0000, 0x0000, 0x0000, 0x0000,
  0x0000, 0x0000, 0x0000, 0x0000, 0x0000, 0x0000, 0x0000, 0x0000, 0x0000, 0x0000, 0x0000, 0x0000,
  0x0000, 0x0000, 0x0000, 0x0000, 0x0000, 0x0000, 0x0000, 0x0000, 0x0000, 0x0000, 0x0000, 0x0000,
  0x0000, 0x0000, 0x0000, 0x0000, 0x0000, 0x0000, 0x0000, 0x0000, 0x0000, 0x0000, 0x0000, 0x0000,
  0x0000, 0x0000, 0x0000, 0x0000, 0x0000, 0x0000, 0x0000, 0x0000, 0x0000, 0x0000, 0x0000, 0x0000,
  0x0000, 0x0000, 0x0000, 0x0000, 0x0000, 0x0000, 0x0000, 0x0000, 0x0000, 0x0000, 0x0000, 0x0000,
  0x0000, 0x0000, 0x0000, 0x0000, 0x0000, 0x0000, 0x0000, 0x0000, 0x0000, 0x0000, 0x0000, 0x0000,
  0x0000, 0x0000, 0x0000, 0x0000, 0x0000, 0x0000, 0x0000, 0x0000, 0x0000, 0x0000, 0x0000, 0x0000,
  0x0000, 0x0000, 0x0000, 0x0000, 0x0000, 0x0000, 0x0000, 0x0000, 0x0000, 0x0000, 0x0000, 0x0000,
  0x0000, 0x0000, 0x0000, 0x0000, 0x0000, 0x0000, 0x0000, 0x0000, 0x0000, 0x0000, 0x0000, 0x0000,
  0x0000, 0x0000, 0x0000, 0x0000, 0x0000, 0x0000, 0x0000, 0x0000, 0x0000, 0x0000, 0x0000, 0x0000,
  0x0000, 0x0000, 0x0000, 0x0000, 0x0000, 0x0000, 0x0000, 0x0000, 0x0000, 0x0000, 0x0000, 0x0000,
  0x0000, 0x0000, 0x0000, 0x0000, 0x0000, 0x0000, 0x0000, 0x0000, 0x0000, 0x0000, 0x0000, 0x0000,
  0x0000, 0x0000, 0x0000, 0x0000, 0x0000, 0x0000, 0x0000, 0x0000, 0x0000, 0x0000, 0x0000, 0x0000,
  0x0000, 0x0000, 0x0000, 0x0000, 0x0000, 0x0000, 0x0000, 0x0000, 0x0000, 0x0000, 0x0000, 0x0000,
  0x0000, 0x0000, 0x0000, 0x0000, 0x0000, 0x0000, 0x0000, 0x0000, 0x0000, 0x0000, 0x0000, 0x0000,
  0x0000, 0x0000, 0x0000, 0x1061, 0x5A44, 0xB427, 0xED29, 0xF549, 0xED09, 0xE509, 0xE509, 0xE509,
  0xE509, 0xED29, 0xE509, 0xED29, 0xF56A, 0xFD8A, 0xED29, 0xABA6, 0x49A2, 0x0820, 0x0000, 0x0000,
  0x0000, 0x0000, 0x0000, 0x0000, 0x0000, 0x0000, 0x0000, 0x0000, 0x0000, 0x0000, 0x0000, 0x0000,
  0x0000, 0x0000, 0x0000, 0x0000, 0x0000, 0x0000, 0x0000, 0x0000, 0x0000, 0x0000, 0x0000, 0x0000,
  0x0000, 0x0000, 0x0020, 0x0040, 0x0080, 0x00A0, 0x00C0, 0x0140, 0x0200, 0x5D6C, 0xA716, 0x0A81,
  0x6DAF, 0x7E31, 0x8672, 0x654D, 0x0AC2, 0x9ED4, 0x7DF0, 0x02C0, 0x96D4, 0x554B, 0x96F4, 0x2345,
  0x0120, 0x00C0, 0x0080, 0x0080, 0x0020, 0x0000, 0x0000, 0x0000, 0x0000, 0x0000, 0x0000, 0x0000,
  0x0000, 0x0000, 0x0000, 0x0000, 0x0000, 0x0000, 0x0000, 0x0000, 0x0000, 0x0000, 0x0000, 0x0000,
  0x0000, 0x0000, 0x0000, 0x0000, 0x0000, 0x0000, 0x0000, 0x0000, 0x0000, 0x0000, 0x20A1, 0x7AC5,
  0xD50A, 0xFE0B, 0xFDEA, 0xF58A, 0xED6A, 0xED8A, 0xF58A, 0xF58A, 0xED6A, 0xED6A, 0xF58B, 0xFDCB,
  0xF5AA, 0xC489, 0x6AA5, 0x18C1, 0x0000, 0x0000, 0x0000, 0x0000, 0x0000, 0x0000, 0x0000, 0x0000,
  0x0000, 0x0000, 0x0000, 0x0000, 0x0000, 0x0000, 0x0000, 0x0000, 0x0000, 0x0000, 0x0000, 0x0000,
  0x0000, 0x0000, 0x0000, 0x0000, 0x0000, 0x0000, 0x0000, 0x0000, 0x0000, 0x0000, 0x0000, 0x0000,
  0x0000, 0x0000, 0x0000, 0x0000, 0x0000, 0x0000, 0x0000, 0x0000, 0x0000, 0x0000, 0x0000, 0x0000,
  0x0000, 0x0000, 0x0000, 0x0000, 0x0000, 0x0000, 0x0000, 0x0000, 0x0000, 0x0000, 0x0000, 0x0000,
  0x0000, 0x0000, 0x0000, 0x0000, 0x0000, 0x0000, 0x0000, 0x0000, 0x0000, 0x0000, 0x0000, 0x0000,
  0x0000, 0x0000, 0x0000, 0x0000, 0x0000, 0x0000, 0x0000, 0x0000, 0x0000, 0x0000, 0x0000, 0x0000,
  0x0000, 0x0000, 0x0000, 0x0000, 0x0000, 0x0000, 0x0000, 0x0000, 0x0000, 0x0000, 0x0000, 0x0000,
  0x0000, 0x0000, 0x0000, 0x0000, 0x0000, 0x0000, 0x0000, 0x0000, 0x0000, 0x0000, 0x0000, 0x0000,
  0x0000, 0x0000, 0x0000, 0x0000, 0x0000, 0x0000, 0x0000, 0x0000, 0x0000, 0x0000, 0x0000, 0x0000,
  0x0000, 0x0000, 0x0000, 0x0000, 0x0000, 0x0000, 0x0000, 0x0000, 0x0000, 0x0000, 0x0000, 0x0000,
  0x0000, 0x0000, 0x0000, 0x0000, 0x0000, 0x0000, 0x0000, 0x0000, 0x0000, 0x0000, 0x0000, 0x0000,
  0x0000, 0x0000, 0x0000, 0x0000, 0x0000, 0x0000, 0x0000, 0x0000, 0x0000, 0x0000, 0x0000, 0x0000,
  0x0000, 0x0000, 0x0000, 0x0000, 0x0000, 0x0000, 0x0000, 0x0000, 0x0000, 0x0000, 0x0000, 0x0000,
  0x0000, 0x0000, 0x0000, 0x0000, 0x0000, 0x0000, 0x0000, 0x0000, 0x0000, 0x0000, 0x0000, 0x0000,
  0x0000, 0x0000, 0x0000, 0x0000, 0x0000, 0x0000, 0x0000, 0x0000, 0x0000, 0x0000, 0x0000, 0x0000,
  0x0000, 0x0000, 0x0000, 0x0000, 0x0000, 0x0000, 0x0000, 0x0000, 0x0000, 0x2922, 0x8325, 0xD4C8,
  0xF56A, 0xF549, 0xE509, 0xE509, 0xE509, 0xE509, 0xE509, 0xED29, 0xED2A, 0xED4A, 0xF569, 0xFD69,
  0xDCA8, 0x8B05, 0x3101, 0x0000, 0x0000, 0x0000, 0x0020, 0x0020, 0x0000, 0x0000, 0x0000, 0x0000,
  0x0000, 0x0000, 0x0000, 0x0000, 0x0000, 0x0000, 0x0000, 0x0000, 0x0000, 0x0000, 0x0000, 0x0000,
  0x0000, 0x0000, 0x0000, 0x0000, 0x18C2, 0x3183, 0x4204, 0x4A45, 0x4A25, 0x41E4, 0x2943, 0x0881,
  0x0000, 0x0080, 0x0140, 0x0140, 0x0A01, 0x5D2D, 0x758F, 0x23C5, 0x0B01, 0x6DAF, 0x654D, 0x0220,
  0x2345, 0x7DB0, 0x7DCF, 0x1362, 0x1B64, 0x7590, 0x4429, 0x01A0, 0x0180, 0x00E0, 0x0000, 0x0000,
  0x10A1, 0x31A4, 0x4A46, 0x5286, 0x5286, 0x4A45, 0x3183, 0x18A1, 0x0000, 0x0000, 0x0000, 0x0000,
  0x0000, 0x0000, 0x0000, 0x0000, 0x0000, 0x0000, 0x0000, 0x0000, 0x0000, 0x0000, 0x0000, 0x0000,
  0x0000, 0x0020, 0x0000, 0x0020, 0x0020, 0x0020, 0x0000, 0x0000, 0x0840, 0x49C3, 0xABC6, 0xED49,
  0xFE0B, 0xFE0C, 0xF5CB, 0xF58A, 0xF56A, 0xF58A, 0xF58B, 0xED6B, 0xED6B, 0xFDAB, 0xFDCB, 0xE54A,
  0x9BA7, 0x3962, 0x0000, 0x0000, 0x0000, 0x0000, 0x0000, 0x0000, 0x0000, 0x0000, 0x0000, 0x0000,
  0x0000, 0x0000, 0x0000, 0x0000, 0x0000, 0x0000, 0x0000, 0x0000, 0x0000, 0x0000, 0x0000, 0x0000,
  0x0000, 0x0000, 0x0000, 0x0000, 0x0000, 0x0000, 0x0000, 0x0000, 0x0000, 0x0000, 0x0000, 0x0000,
  0x0000, 0x0000, 0x0000, 0x0000, 0x0000, 0x0000, 0x0000, 0x0000, 0x0000, 0x0000, 0x0000, 0x0000,
  0x0000, 0x0000, 0x0000, 0x0000, 0x0000, 0x0000, 0x0000, 0x0000, 0x0000, 0x0000, 0x0000, 0x0000,
  0x0000, 0x0000, 0x0000, 0x0000, 0x0000, 0x0000, 0x0000, 0x0000, 0x0000, 0x0000, 0x0000, 0x0000,
  0x0000, 0x0000, 0x0000, 0x0000, 0x0000, 0x0000, 0x0000, 0x0000, 0x0000, 0x0000, 0x0000, 0x0000,
  0x0000, 0x0000, 0x0000, 0x0000, 0x0000, 0x0000, 0x0000, 0x0000, 0x0000, 0x0000, 0x0000, 0x0000,
  0x0000, 0x0000, 0x0000, 0x0000, 0x0000, 0x0000, 0x0000, 0x0000, 0x0000, 0x0000, 0x0000, 0x0000,
  0x0000, 0x0000, 0x0000, 0x0000, 0x0000, 0x0000, 0x0000, 0x0000, 0x0000, 0x0000, 0x0000, 0x0000,
  0x0000, 0x0000, 0x0000, 0x0000, 0x0000, 0x0000, 0x0000, 0x0000, 0x0000, 0x0000, 0x0000, 0x0000,
  0x0000, 0x0000, 0x0000, 0x0000, 0x0000, 0x0000, 0x0000, 0x0000, 0x0000, 0x0000, 0x0000, 0x0000,
  0x0000, 0x0000, 0x0000, 0x0000, 0x0000, 0x0000, 0x0000, 0x0000, 0x0000, 0x0000, 0x0000, 0x0000,
  0x0000, 0x0000, 0x0000, 0x0000, 0x0000, 0x0000, 0x0000, 0x0000, 0x0000, 0x0000, 0x0000, 0x0000,
  0x0000, 0x0000, 0x0000, 0x0000, 0x0000, 0x0000, 0x0000, 0x0000, 0x0000, 0x0000, 0x0000, 0x0000,
  0x0000, 0x0000, 0x0000, 0x0000, 0x0000, 0x0000, 0x0000, 0x0000, 0x0000, 0x0000, 0x0000, 0x0000,
  0x0000, 0x0000, 0x1060, 0x5223, 0xAC07, 0xE529, 0xF549, 0xE4E9, 0xDCC8, 0xE509, 0xED2A, 0xED2A,
  0xE529, 0xE509, 0xE509, 0xED29, 0xED4A, 0xE52A, 0xA366, 0x3941, 0x0000, 0x0000, 0x0000, 0x0000,
  0x0000, 0x0000, 0x0000, 0x0000, 0x0000, 0x0000, 0x0000, 0x0000, 0x0000, 0x0000, 0x0000, 0x0000,
  0x0000, 0x0000, 0x0000, 0x0000, 0x0000, 0x0000, 0x0000, 0x0000, 0x2102, 0x5AA6, 0x9C29, 0xCD4B,
  0xEE2D, 0xFEAE, 0xFECE, 0xFEEF, 0xFEEF, 0xFECE, 0xFEAE, 0xE60D, 0xB52D, 0x6BC8, 0x01A0, 0x0180,
  0x0140, 0x00C0, 0x0160, 0x0240, 0x0240, 0x01C0, 0x0160, 0x0180, 0x0160, 0x0140, 0x0200, 0x0260,
  0x01E0, 0x0180, 0x0160, 0x0180, 0x0120, 0x0900, 0x6B27, 0xBD0C, 0xE66F, 0xFF11, 0xFF52, 0xFF52,
  0xFF31, 0xFF10, 0xFE8E, 0xEE0D, 0xCD4C, 0x9409, 0x5266, 0x10A1, 0x0000, 0x0000, 0x0000, 0x0000,
  0x0000, 0x0000, 0x0000, 0x0000, 0x0000, 0x0000, 0x0000, 0x0000, 0x0000, 0x0000, 0x0000, 0x0000,
  0x0000, 0x0000, 0x0000, 0x0000, 0x0000, 0x0000, 0x0000, 0x1060, 0x6A84, 0xCCCA, 0xF5AB, 0xF58A,
  0xF58A, 0xF58B, 0xF58B, 0xF58B, 0xF58B, 0xED6A, 0xED4A, 0xED4A, 0xFDAB, 0xED8A, 0xBC48, 0x6264,
  0x1081, 0x0000, 0x0000, 0x0000, 0x0000, 0x0000, 0x0000, 0x0000, 0x0000, 0x0000, 0x0000, 0x0000,
  0x0000, 0x0000, 0x0000, 0x0000, 0x0000, 0x0000, 0x0000, 0x0000, 0x0000, 0x0000, 0x0000, 0x0000,
  0x0000, 0x0000, 0x0000, 0x0000, 0x0000, 0x0000, 0x0000, 0x0000, 0x0000, 0x0000, 0x0000, 0x0000,
  0x0000, 0x0000, 0x0000, 0x0000, 0x0000, 0x0000, 0x0000, 0x0000, 0x0000, 0x0000, 0x0000, 0x0000,
  0x0000, 0x0000, 0x0000, 0x0000, 0x0000, 0x0000, 0x0000, 0x0000, 0x0000, 0x0000, 0x0000, 0x0000,
  0x0000, 0x0000, 0x0000, 0x0000, 0x0000, 0x0000, 0x0000, 0x0000, 0x0000, 0x0000, 0x0000, 0x0000,
  0x0000, 0x0000, 0x0000, 0x0000, 0x0000, 0x0000, 0x0000, 0x0000, 0x0000, 0x0000, 0x0000, 0x0000,
  0x0000, 0x0000, 0x0000, 0x0000, 0x0000, 0x0000, 0x0000, 0x0000, 0x0000, 0x0000, 0x0000, 0x0000,
  0x0000, 0x0000, 0x0000, 0x0000, 0x0000, 0x0000, 0x0000, 0x0000, 0x0000, 0x0000, 0x0000, 0x0000,
  0x0000, 0x0000, 0x0000, 0x0000, 0x0000, 0x0000, 0x0000, 0x0000, 0x0000, 0x0000, 0x0000, 0x0000,
  0x0000, 0x0000, 0x0000, 0x0000, 0x0000, 0x0000, 0x0000, 0x0000, 0x0000, 0x0000, 0x0000, 0x0000,
  0x0000, 0x0000, 0x0000, 0x0000, 0x0000, 0x0000, 0x0000, 0x0000, 0x0000, 0x0000, 0x0000, 0x0000,
  0x0000, 0x0000, 0x0000, 0x0000, 0x0000, 0x0000, 0x0000, 0x0000, 0x0000, 0x0000, 0x0000, 0x0000,
  0x0000, 0x0000, 0x0000, 0x0000, 0x0000, 0x0000, 0x0000, 0x0000, 0x0000, 0x0000, 0x0000, 0x0000,
  0x0000, 0x0000, 0x0000, 0x0000, 0x0000, 0x0000, 0x0000, 0x0000, 0x0000, 0x0000, 0x0000, 0x0000,
  0x0000, 0x0000, 0x0000, 0x0000, 0x0000, 0x0000, 0x0000, 0x0000, 0x3122, 0x8325, 0xD4C8, 0xF589,
  0xF549, 0xE4E8, 0xDCC8, 0xE4E9, 0xE509, 0xE529, 0xE529, 0xE529, 0xE529, 0xE509, 0xE509, 0xED29,
  0xED29, 0xB407, 0x72C5, 0x6AA6, 0x6AC6, 0x72C6, 0x72C6, 0x6AA5, 0x72C6, 0x72C6, 0x6AA5, 0x6AA5,
  0x6A85, 0x6A85, 0x6A85, 0x72E5, 0x7B26, 0x72C5, 0x2902, 0x0000, 0x0000, 0x0000, 0x0000, 0x0000,
  0x0000, 0x18A1, 0x62A5, 0xB4CA, 0xF60C, 0xFE8D, 0xFE6D, 0xFE4C, 0xFE4C, 0xFE4D, 0xFE6D, 0xFE4D,
  0xFE6D, 0xFE6D, 0xFEAE, 0xFECF, 0xFF52, 0xFF13, 0x19A1, 0x00E0, 0x0120, 0x4C0A, 0x4C6A, 0x01C0,
  0x12A2, 0x6DAE, 0x6D6E, 0x0A41, 0x0A01, 0x5CAC, 0x2B65, 0x01E0, 0x2BC5, 0x8611, 0x4C89, 0x0180,
  0x00A0, 0x1922, 0xFF13, 0xFF72, 0xFEF0, 0xFED0, 0xFED0, 0xFEAF, 0xFE8E, 0xFE8E, 0xFE8E, 0xFE8D,
  0xFEAE, 0xFEF0, 0xFEF0, 0xE62E, 0x9C29, 0x39A4, 0x0000, 0x0000, 0x0000, 0x0000, 0x0000, 0x0000,
  0x0820, 0x5A43, 0x7B88, 0x7B89, 0x7327, 0x7306, 0x7306, 0x7307, 0x7307, 0x7307, 0x7306, 0x72E6,
  0x72E6, 0x7306, 0x7327, 0x6AE7, 0x6A86, 0x7B26, 0xCCE9, 0xF5AB, 0xF5AB, 0xF58B, 0xF58B, 0xF58B,
  0xED6A, 0xED6A, 0xED4A, 0xED4A, 0xED4A, 0xED2A, 0xF56A, 0xFDAA, 0xDD2A, 0x9366, 0x3162, 0x0000,
  0x0000, 0x0000, 0x0000, 0x0000, 0x0000, 0x0000, 0x0000, 0x0000, 0x0000, 0x0000, 0x0000, 0x0000,
  0x0000, 0x0000, 0x0000, 0x0000, 0x0000, 0x0000, 0x0000, 0x0000, 0x0000, 0x0000, 0x0000, 0x0000,
  0x0000, 0x0000, 0x0000, 0x0000, 0x0000, 0x0000, 0x0000, 0x0000, 0x0000, 0x0000, 0x0000, 0x0000,
  0x0000, 0x0000, 0x0000, 0x0000, 0x0000, 0x0000, 0x0000, 0x0000, 0x0000, 0x0000, 0x0000, 0x0000,
  0x0000, 0x0000, 0x0000, 0x0000, 0x0000, 0x0000, 0x0000, 0x0000, 0x0000, 0x0000, 0x0000, 0x0000,
  0x0000, 0x0000, 0x0000, 0x0000, 0x0000, 0x0000, 0x0000, 0x0000, 0x0000, 0x0000, 0x0000, 0x0000,
  0x0000, 0x0000, 0x0000, 0x0000, 0x0000, 0x0000, 0x0000, 0x0000, 0x0000, 0x0000, 0x0000, 0x0000,
  0x0000, 0x0000, 0x0000, 0x0000, 0x0000, 0x0000, 0x0000, 0x0000, 0x0000, 0x0000, 0x0000, 0x0000,
  0x0000, 0x0000, 0x0000, 0x0000, 0x0000, 0x0000, 0x0000, 0x0000, 0x0000, 0x0000, 0x0000, 0x0000,
  0x0000, 0x0000, 0x0000, 0x0000, 0x0000, 0x0000, 0x0000, 0x0000, 0x0000, 0x0000, 0x0000, 0x0000,
  0x0000, 0x0000, 0x0000, 0x0000, 0x0000, 0x0000, 0x0000, 0x0000, 0x0000, 0x0000, 0x0000, 0x0000,
  0x0000, 0x0000, 0x0000, 0x0000, 0x0000, 0x0000, 0x0000, 0x0000, 0x0000, 0x0000, 0x0000, 0x0000,
  0x0000, 0x0000, 0x0000, 0x0000, 0x0000, 0x0000, 0x0000, 0x0000, 0x0000, 0x0000, 0x0000, 0x0000,
  0x0000, 0x0000, 0x0000, 0x0000, 0x0000, 0x0000, 0x0000, 0x0000, 0x0000, 0x0000, 0x0000, 0x0000,
  0x0000, 0x0000, 0x0000, 0x0000, 0x0000, 0x0000, 0x0000, 0x0000, 0x0000, 0x0000, 0x0000, 0x0000,
  0x0000, 0x1060, 0x5A44, 0xB407, 0xE508, 0xED08, 0xE4E9, 0xE4E9, 0xE509, 0xE529, 0xE509, 0xE509,
  0xE529, 0xE529, 0xE509, 0xE509, 0xE509, 0xE509, 0xE509, 0xE509, 0xE509, 0xED49, 0xFD8A, 0xFDAB,
  0xFDAB, 0xFDAB, 0xFD8B, 0xF58A, 0xF56A, 0xF58B, 0xFDAB, 0xF58B, 0xF58A, 0xFDAA, 0xFDCA, 0xF569,
  0xABE7, 0x49A3, 0x1060, 0x0000, 0x0000, 0x0000, 0x0020, 0x41C4, 0x9C08, 0xE5AB, 0xFE4C, 0xFE2C,
  0xFDEB, 0xF5EC, 0xF5EC, 0xFE0C, 0xFE2C, 0xFE4C, 0xFE6D, 0xFE6D, 0xFE6D, 0xFE8E, 0xFEAF, 0xFEAF,
  0xFED0, 0xE670, 0x1941, 0x00C0, 0x09E1, 0x86B3, 0x8E32, 0x0100, 0x6D4E, 0x6E0F, 0x7E51, 0x552C,
  0x1B43, 0xB778, 0x546A, 0x01C0, 0x9EF4, 0x5D2B, 0x96F5, 0x2304, 0x0080, 0x1902, 0xEE91, 0xFF12,
  0xFEF1, 0xFEF0, 0xFED0, 0xFECF, 0xFEAF, 0xFEAF, 0xFEAF, 0xFE8E, 0xFE8E, 0xFE6E, 0xFE6E, 0xFE8E,
  0xFECE, 0xFE8E, 0xCD2C, 0x6AE6, 0x18C1, 0x0000, 0x0000, 0x0000, 0x0020, 0x2901, 0x7306, 0xD56B,
  0xFECE, 0xFEEE, 0xFE8D, 0xFE6D, 0xFE6D, 0xFE4C, 0xFE0C, 0xFDEB, 0xFE0C, 0xFE2C, 0xFE4D, 0xFE4C,
  0xFE0B, 0xFDCB, 0xF58A, 0xF58B, 0xF5AB, 0xF58B, 0xED6A, 0xED6A, 0xED6A, 0xED6A, 0xED6A, 0xED6A,
  0xED6A, 0xED4A, 0xED2A, 0xE52A, 0xED4A, 0xFD8A, 0xF56A, 0xBC68, 0x6264, 0x1060, 0x0000, 0x0000,
  0x0000, 0x0000, 0x0000, 0x0000, 0x0000, 0x0000, 0x0000, 0x0000, 0x0000, 0x0000, 0x0000, 0x0000,
  0x0000, 0x0000, 0x0000, 0x0000, 0x0000, 0x0000, 0x0000, 0x0000, 0x0000, 0x0000, 0x0000, 0x0000,
  0x0000, 0x0000, 0x0000, 0x0000, 0x0000, 0x0000, 0x0000, 0x0000, 0x0000, 0x0000, 0x0000, 0x0000,
  0x0000, 0x0000, 0x0000, 0x0000, 0x0000, 0x0000, 0x0000, 0x0000, 0x0000, 0x0000, 0x0000, 0x0000,
  0x0000, 0x0000, 0x0000, 0x0000, 0x0000, 0x0000, 0x0000, 0x0000, 0x0000, 0x0000, 0x0000, 0x0000,
  0x0000, 0x0000, 0x0000, 0x0000, 0x0000, 0x0000, 0x0000, 0x0000, 0x0000, 0x0000, 0x0000, 0x0000,
  0x0000, 0x0000, 0x0000, 0x0000, 0x0000, 0x0000, 0x0000, 0x0000, 0x0000, 0x0000, 0x0000, 0x0000,
  0x0000, 0x0000, 0x0000, 0x0000, 0x0000, 0x0000, 0x0000, 0x0000, 0x0000, 0x0000, 0x0000, 0x0000,
  0x0000, 0x0000, 0x0000, 0x0000, 0x0000, 0x0000, 0x0000, 0x0000, 0x0000, 0x0000, 0x0000, 0x0000,
  0x0000, 0x0000, 0x0000, 0x0000, 0x0000, 0x0000, 0x0000, 0x0000, 0x0000, 0x0000, 0x0000, 0x0000,
  0x0000, 0x0000, 0x0000, 0x0000, 0x0000, 0x0000, 0x0000, 0x0000, 0x0000, 0x0000, 0x0000, 0x0000,
  0x0000, 0x0000, 0x0000, 0x0000, 0x0000, 0x0000, 0x0000, 0x0000, 0x0000, 0x0000, 0x0000, 0x0000,
  0x0000, 0x0000, 0x0000, 0x0000, 0x0000, 0x0000, 0x0000, 0x0000, 0x0000, 0x0000, 0x0000, 0x0000,
  0x0000, 0x0000, 0x0000, 0x0000, 0x0000, 0x0000, 0x0000, 0x0000, 0x0000, 0x0000, 0x0000, 0x0000,
  0x0000, 0x0000, 0x0000, 0x0000, 0x0000, 0x0000, 0x0000, 0x0000, 0x3121, 0xD4C8, 0xF58A, 0xED49,
  0xDCC8, 0xDCA8, 0xDCE8, 0xE509, 0xE509, 0xE509, 0xE509, 0xE509, 0xED29, 0xE529, 0xE509, 0xF549,
  0xF569, 0xF56A, 0xF549, 0xF529, 0xF549, 0xED29, 0xE509, 0xE509, 0xE4E9, 0xE509, 0xE529, 0xE509,
  0xE4E9, 0xDCE9, 0xE52A, 0xF58A, 0xF58B, 0xBC28, 0x6223, 0x1880, 0x0000, 0x0000, 0x0000, 0x0000,
  0x18C1, 0x72E5, 0xCD0A, 0xFE4C, 0xFE4C, 0xFDCB, 0xF5AB, 0xF5CB, 0xF5EB, 0xFE0C, 0xFE0C, 0xFE0C,
  0xFE2C, 0xFE2C, 0xFE4D, 0xF64D, 0xFE6D, 0xFE8E, 0xFEAE, 0xFEAF, 0xFECF, 0xEE6F, 0x19A1, 0x01A0,
  0x0200, 0x23E5, 0x75D0, 0x0120, 0x7DF1, 0x2C06, 0x4489, 0x7E50, 0x01E0, 0x5DAD, 0x4C89, 0x0220,
  0x96D4, 0x02A0, 0x7610, 0x33E7, 0x00E0, 0x1942, 0xEE90, 0xFF10, 0xFEF0, 0xFEF1, 0xFED0, 0xFEAF,
  0xFEAF, 0xFEAF, 0xFEAF, 0xFEAF, 0xFEAE, 0xFE8E, 0xFE6E, 0xFE4D, 0xF62D, 0xFE2D, 0xFE8E, 0xFEAE,
  0xEE0D, 0x9C29, 0x41C4, 0x0020, 0x0000, 0x0000, 0x0000, 0x0000, 0x3962, 0xA3E8, 0xEDED, 0xFE4D,
  0xFDEB, 0xED8A, 0xED6A, 0xED8B, 0xF58B, 0xF5AB, 0xF5AB, 0xF5CB, 0xED8B, 0xED6A, 0xFDCA, 0xFE0C,
  0xFDEC, 0xFDCB, 0xFDCB, 0xFDCB, 0xF5AA, 0xED8A, 0xF58A, 0xF58A, 0xED6A, 0xED6A, 0xED4A, 0xED2A,
  0xE529, 0xE509, 0xE509, 0xF58A, 0xFDCB, 0xDD2A, 0x3942, 0x0000, 0x0000, 0x0000, 0x0000, 0x0000,
  0x0000, 0x0000, 0x0000, 0x0000, 0x0000, 0x0000, 0x0000, 0x0000, 0x0000, 0x0000, 0x0000, 0x0000,
  0x0000, 0x0000, 0x0000, 0x0000, 0x0000, 0x0000, 0x0000, 0x0000, 0x0000, 0x0000, 0x0000, 0x0000,
  0x0000, 0x0000, 0x0000, 0x0000, 0x0000, 0x0000, 0x0000, 0x0000, 0x0000, 0x0000, 0x0000, 0x0000,
  0x0000, 0x0000, 0x0000, 0x0000, 0x0000, 0x0000, 0x0000, 0x0000, 0x0000, 0x0000, 0x0000, 0x0000,
  0x0000, 0x0000, 0x0000, 0x0000, 0x0000, 0x0000, 0x0000, 0x0000, 0x0000, 0x0000, 0x0000, 0x0000,
  0x0000, 0x0000, 0x0000, 0x0000, 0x0000, 0x0000, 0x0000, 0x0000, 0x0000, 0x0000, 0x0000, 0x0000,
  0x0000, 0x0000, 0x0000, 0x0000, 0x0000, 0x0000, 0x0000, 0x0000, 0x0000, 0x0000, 0x0000, 0x0000,
  0x0000, 0x0000, 0x0000, 0x0000, 0x0000, 0x0000, 0x0000, 0x0000, 0x0000, 0x0000, 0x0000, 0x0000,
  0x0000, 0x0000, 0x0000, 0x0000, 0x0000, 0x0000, 0x0000, 0x0000, 0x0000, 0x0000, 0x0000, 0x0000,
  0x0000, 0x0000, 0x0000, 0x0000, 0x0000, 0x0000, 0x0000, 0x0000, 0x0000, 0x0000, 0x0000, 0x0000,
  0x0000, 0x0000, 0x0000, 0x0000, 0x0000, 0x0000, 0x0000, 0x0000, 0x0000, 0x0000, 0x0000, 0x0000,
  0x0000, 0x0000, 0x0000, 0x0000, 0x0000, 0x0000, 0x0000, 0x0000, 0x0000, 0x0000, 0x0000, 0x0000,
  0x0000, 0x0000, 0x0000, 0x0000, 0x0000, 0x0000, 0x0000, 0x0000, 0x0000, 0x0000, 0x0000, 0x0000,
  0x0000, 0x0000, 0x0000, 0x0000, 0x0000, 0x0000, 0x0000, 0x0000, 0x0000, 0x0000, 0x0000, 0x0000,
  0x0000, 0x0000, 0x0000, 0x0000, 0x4982, 0xE4C7, 0xD4A8, 0xE4E9, 0xDCE8, 0xDCE8, 0xE509, 0xE509,
  0xE4E9, 0xE4E9, 0xE4E9, 0xE509, 0xE509, 0xF54A, 0xED28, 0xA385, 0x6203, 0x3962, 0x3942, 0x51A2,
  0x9304, 0xE509, 0xF58A, 0xE509, 0xE509, 0xE509, 0xE52A, 0xED4A, 0xF56A, 0xF56A, 0xD4A8, 0x9325,
  0x4162, 0x0020, 0x0000, 0x0000, 0x0000, 0x0820, 0x41E3, 0xA428, 0xE58A, 0xFE0B, 0xFDEB, 0xF5AB,
  0xF5AB, 0xF5CB, 0xF5CB, 0xF5EB, 0xF5CB, 0xF5EC, 0xF60C, 0xFE2C, 0xFE6D, 0xFE8D, 0xFECE, 0xFEEE,
  0xFEEF, 0xFEEF, 0xFECF, 0xFEAE, 0xFE8E, 0xEE6F, 0x19C1, 0x01A0, 0x0200, 0x552B, 0xA715, 0x12A2,
  0x658E, 0x75F0, 0x7E51, 0x5CEC, 0x0A41, 0x8ED3, 0x7E10, 0x02A0, 0x8EB3, 0x552B, 0x96D4, 0x2344,
  0x0140, 0x1982, 0xEEB1, 0xFEF0, 0xFEF0, 0xFF11, 0xFF31, 0xFF30, 0xFF30, 0xFF31, 0xFF10, 0xFECF,
  0xFEAE, 0xFE6E, 0xFE4D, 0xFE4D, 0xFE4D, 0xFE4D, 0xFE4D, 0xFE2C, 0xFE2C, 0xFE6C, 0xFE6D, 0xCD4B,
  0x7306, 0x18C1, 0x0000, 0x0000, 0x0000, 0x0000, 0x20C1, 0x6A85, 0xC468, 0xFDAB, 0xFE2C, 0xFE0C,
  0xF5CB, 0xF5AB, 0xF5AB, 0xF5AB, 0xFDEC, 0xFDEB, 0xB407, 0x6244, 0x4183, 0x4182, 0x5A03, 0x9B86,
  0xF58A, 0xFDCB, 0xED6A, 0xED6A, 0xED6A, 0xED4A, 0xED49, 0xED4A, 0xED4A, 0xED4A, 0xED4A, 0xE52A,
  0xDCE9, 0xF56A, 0x59E3, 0x0000, 0x0000, 0x0000, 0x0000, 0x0000, 0x0000, 0x0000, 0x0000, 0x0000,
  0x0000, 0x0000, 0x0000, 0x0000, 0x0000, 0x0000, 0x0000, 0x0000, 0x0000, 0x0000, 0x0000, 0x0000,
  0x0000, 0x0000, 0x0000, 0x0000, 0x0000, 0x0000, 0x0000, 0x0000, 0x0000, 0x0000, 0x0000, 0x0000,
  0x0000, 0x0000, 0x0000, 0x0000, 0x0000, 0x0000, 0x0000, 0x0000, 0x0000, 0x0000, 0x0000, 0x0000,
  0x0000, 0x0000, 0x0000, 0x0000, 0x0000, 0x0000, 0x0000, 0x0000, 0x0000, 0x0000, 0x0000, 0x0000,
  0x0000, 0x0000, 0x0000, 0x0000, 0x0000, 0x0000, 0x0000, 0x0000, 0x0000, 0x0000, 0x0000, 0x0000,
  0x0000, 0x0000, 0x0000, 0x0000, 0x0000, 0x0000, 0x0000, 0x0000, 0x0000, 0x0000, 0x0000, 0x0000,
  0x0000, 0x0000, 0x0000, 0x0000, 0x0000, 0x0000, 0x0000, 0x0000, 0x0000, 0x0000, 0x0000, 0x0000,
  0x0000, 0x0000, 0x0000, 0x0000, 0x0000, 0x0000, 0x0000, 0x0000, 0x0000, 0x0000, 0x0000, 0x0000,
  0x0000, 0x0000, 0x0000, 0x0000, 0x0000, 0x0000, 0x0000, 0x0000, 0x0000, 0x0000, 0x0000, 0x0000,
  0x0000, 0x0000, 0x0000, 0x0000, 0x0000, 0x0000, 0x0000, 0x0000, 0x0000, 0x0000, 0x0000, 0x0000,
  0x0000, 0x0000, 0x0000, 0x0000, 0x0000, 0x0000, 0x0000, 0x0000, 0x0000, 0x0000, 0x0000, 0x0000,
  0x0000, 0x0000, 0x0000, 0x0000, 0x0000, 0x0000, 0x0000, 0x0000, 0x0000, 0x0000, 0x0000, 0x0000,
  0x0000, 0x0000, 0x0000, 0x0000, 0x0000, 0x0000, 0x0000, 0x0000, 0x0000, 0x0000, 0x0000, 0x0000,
  0x0000, 0x0000, 0x0000, 0x0000, 0x0000, 0x0000, 0x0000, 0x0000, 0x0000, 0x0000, 0x0000, 0x0000,
  0x4141, 0xD466, 0xD488, 0xDCC9, 0xDCC8, 0xDCC8, 0xE4E9, 0xE509, 0xE4E9, 0xDCE8, 0xDCC8, 0xDCC8,
  0xED09, 0xD487, 0x4142, 0x0000, 0x0000, 0x0000, 0x0000, 0x0000, 0x0000, 0x2901, 0xC427, 0xFD89,
  0xF56A, 0xFD8A, 0xF56A, 0xE4E9, 0xB3E7, 0x6204, 0x1880, 0x0000, 0x0000, 0x0000, 0x0000, 0x2902,
  0x7AE5, 0xCCC9, 0xFDEB, 0xFE0B, 0xF58A, 0xED6A, 0xED8A, 0xF5AB, 0xF5CB, 0xF5AB, 0xF5CB, 0xFE0C,
  0xFE2C, 0xFE4C, 0xFE4C, 0xF60C, 0xDD8B, 0xC50A, 0xBCCA, 0xB4EA, 0xBD0B, 0xCD8C, 0xEE4D, 0xFEEF,
  0xFF30, 0xEEB0, 0x1161, 0x0100, 0x09E1, 0x5CEC, 0x758F, 0x2BE6, 0x0AC1, 0x6DCF, 0x5D4C, 0x0220,
  0x2344, 0x75AF, 0x75AF, 0x1342, 0x1B84, 0x6DCF, 0x3C08, 0x0180, 0x0100, 0x1942, 0xEF13, 0xFFB3,
  0xFF10, 0xDE2E, 0xCDAD, 0xBD4C, 0xACCB, 0xB50C, 0xCD8D, 0xDDEE, 0xF64D, 0xFEAE, 0xFECE, 0xFEAE,
  0xFE6D, 0xFE4D, 0xFE4D, 0xFE2C, 0xFE2C, 0xF60C, 0xFE0C, 0xFE6D, 0xFE8D, 0xEDCB, 0x9C09, 0x41C4,
  0x0020, 0x0000, 0x0000, 0x0000, 0x0000, 0x4182, 0x9BA7, 0xDD4A, 0xFE0C, 0xFE2C, 0xFDEB, 0xFDEB,
  0xE54A, 0x51E3, 0x0000, 0x0000, 0x0000, 0x0000, 0x0000, 0x0000, 0x2901, 0xBC27, 0xFD89, 0xE529,
  0xED49, 0xED49, 0xED49, 0xED49, 0xED4A, 0xE52A, 0xE529, 0xE4E9, 0xDCC8, 0xED09, 0x49A2, 0x0000,
  0x0000, 0x0000, 0x0000, 0x0000, 0x0000, 0x0000, 0x0000, 0x0000, 0x0000, 0x0000, 0x0000, 0x0000,
  0x0000, 0x0000, 0x0000, 0x0000, 0x0000, 0x0000, 0x0000, 0x0000, 0x0000, 0x0000, 0x0000, 0x0000,
  0x0000, 0x0000, 0x0000, 0x0000, 0x0000, 0x0000, 0x0000, 0x0000, 0x0000, 0x0000, 0x0000, 0x0000,
  0x0000, 0x0000, 0x0000, 0x0000, 0x0000, 0x0000, 0x0000, 0x0000, 0x0000, 0x0000, 0x0000, 0x0000,
  0x0000, 0x0000, 0x0000, 0x0000, 0x0000, 0x0000, 0x0000, 0x0000, 0x0000, 0x0000, 0x0000, 0x0000,
  0x0000, 0x0000, 0x0000, 0x0000, 0x0000, 0x0000, 0x0000, 0x0000, 0x0000, 0x0000, 0x0000, 0x0000,
  0x0000, 0x0000, 0x0000, 0x0000, 0x0000, 0x0000, 0x0000, 0x0000, 0x0000, 0x0000, 0x0000, 0x0000,
  0x0000, 0x0000, 0x0000, 0x0000, 0x0000, 0x0000, 0x0000, 0x0000, 0x0000, 0x0000, 0x0000, 0x0000,
  0x0000, 0x0000, 0x0000, 0x0000, 0x0000, 0x0000, 0x0000, 0x0000, 0x0000, 0x0000, 0x0000, 0x0000,
  0x0000, 0x0000, 0x0000, 0x0000, 0x0000, 0x0000, 0x0000, 0x0000, 0x0000, 0x0000, 0x0000, 0x0000,
  0x0000, 0x0000, 0x0000, 0x0000, 0x0000, 0x0000, 0x0000, 0x0000, 0x0000, 0x0000, 0x0000, 0x0000,
  0x0000, 0x0000, 0x0000, 0x0000, 0x0000, 0x0000, 0x0000, 0x0000, 0x0000, 0x0000, 0x0000, 0x0000,
  0x0000, 0x0000, 0x0000, 0x0000, 0x0000, 0x0000, 0x0000, 0x0000, 0x0000, 0x0000, 0x0000, 0x0000,
  0x0000, 0x0000, 0x0000, 0x0000, 0x0000, 0x0000, 0x0000, 0x0000, 0x0000, 0x0000, 0x0000, 0x0000,
  0x0000, 0x0000, 0x0000, 0x0000, 0x0000, 0x0000, 0x0000, 0x0000, 0x51C2, 0xED08, 0xE4C8, 0xED09,
  0xECE8, 0xED09, 0xF54A, 0xF58A, 0xF58A, 0xF58A, 0xF549, 0xF549, 0xE487, 0x28C1, 0x0000, 0x0000,
  0x41A3, 0x7B05, 0x8326, 0x5A03, 0x0820, 0x0000, 0x1060, 0xABA6, 0xB3E7, 0x8B25, 0x51C3, 0x18A1,
  0x0000, 0x0000, 0x0000, 0x0000, 0x0840, 0x49C3, 0xA428, 0xEDCB, 0xFE0B, 0xF5AA, 0xED8A, 0xED8A,
  0xED8A, 0xED8A, 0xED6A, 0xF5AB, 0xFDEB, 0xFE0B, 0xFDEC, 0xE56A, 0xB428, 0x7AC5, 0x41A3, 0x20E1,
  0x0860, 0x0000, 0x0000, 0x0000, 0x0000, 0x0040, 0x18E1, 0x4223, 0x9449, 0xD60F, 0x1961, 0x0100,
  0x01A0, 0x0180, 0x0180, 0x01C0, 0x0220, 0x01E0, 0x0220, 0x0260, 0x01C0, 0x0160, 0x01A0, 0x0220,
  0x0240, 0x01E0, 0x01E0, 0x0180, 0x00C0, 0x1901, 0xCE10, 0x944A, 0x39E4, 0x10A1, 0x0020, 0x0020,
  0x0000, 0x0000, 0x0020, 0x0860, 0x20E1, 0x49E3, 0x8346, 0xBCC9, 0xEE0C, 0xFECE, 0xFECE, 0xFE4C,
  0xFE2C, 0xFE2C, 0xFE2C, 0xFE2C, 0xF5EC, 0xFE2C, 0xFE8D, 0xFE8E, 0xCD2B, 0x6AC6, 0x18C1, 0x0000,
  0x0000, 0x0000, 0x0000, 0x1060, 0x49C3, 0x8305, 0xABC7, 0xC468, 0x3922, 0x0000, 0x0000, 0x3983,
  0x7306, 0x7B47, 0x49E4, 0x0000, 0x0000, 0x0820, 0xBC26, 0xFDCA, 0xFDAA, 0xFDCB, 0xFDCB, 0xFDAA,
  0xFDAA, 0xF58A, 0xF56A, 0xF56A, 0xED4A, 0xFDAA, 0x59E3, 0x0000, 0x0000, 0x0000, 0x0000, 0x0000,
  0x0000, 0x0000, 0x0000, 0x0000, 0x0000, 0x0000, 0x0000, 0x0000, 0x0000, 0x0000, 0x0000, 0x0000,
  0x0000, 0x0000, 0x0000, 0x0000, 0x0000, 0x0000, 0x0000, 0x0000, 0x0000, 0x0000, 0x0000, 0x0000,
  0x0000, 0x0000, 0x0000, 0x0000, 0x0000, 0x0000, 0x0000, 0x0000, 0x0000, 0x0000, 0x0000, 0x0000,
  0x0000, 0x0000, 0x0000, 0x0000, 0x0000, 0x0000, 0x0000, 0x0000, 0x0000, 0x0000, 0x0000, 0x0000,
  0x0000, 0x0000, 0x0000, 0x0000, 0x0000, 0x0000, 0x0000, 0x0000, 0x0000, 0x0000, 0x0000, 0x0000,
  0x0000, 0x0000, 0x0000, 0x0000, 0x0000, 0x0000, 0x0000, 0x0000, 0x0000, 0x0000, 0x0000, 0x0000,
  0x0000, 0x0000, 0x0000, 0x0000, 0x0000, 0x0000, 0x0000, 0x0000, 0x0000, 0x0000, 0x0000, 0x0000,
  0x0000, 0x0000, 0x0000, 0x0000, 0x0000, 0x0000, 0x0000, 0x0000, 0x0000, 0x0000, 0x0000, 0x0000,
  0x0000, 0x0000, 0x0000, 0x0000, 0x0000, 0x0000, 0x0000, 0x0000, 0x0000, 0x0000, 0x0000, 0x0000,
  0x0000, 0x0000, 0x0000, 0x0000, 0x0000, 0x0000, 0x0000, 0x0000, 0x0000, 0x0000, 0x0000, 0x0000,
  0x0000, 0x0000, 0x0000, 0x0000, 0x0000, 0x0000, 0x0000, 0x0000, 0x0000, 0x0000, 0x0000, 0x0000,
  0x0000, 0x0000, 0x0000, 0x0000, 0x0000, 0x0000, 0x0000, 0x0000, 0x0000, 0x0000, 0x0000, 0x0000,
  0x0000, 0x0000, 0x0000, 0x0000, 0x0000, 0x0000, 0x0000, 0x0000, 0x0000, 0x0000, 0x0000, 0x0000,
  0x0000, 0x0000, 0x0000, 0x0000, 0x0000, 0x0000, 0x0000, 0x0000, 0x0000, 0x0000, 0x0000, 0x0000,
  0x0000, 0x0000, 0x0000, 0x0000, 0x3101, 0x9325, 0x82C4, 0x8AE4, 0x82C4, 0x8AC4, 0x9346, 0x9346,
  0x9346, 0x9346, 0x9325, 0x9B45, 0x4982, 0x0000, 0x1061, 0xA3E7, 0xF5AA, 0xFDAA, 0xF58A, 0xF58A,
  0xC467, 0x20E1, 0x0000, 0x0000, 0x0000, 0x0000, 0x0000, 0x0000, 0x0000, 0x0000, 0x2922, 0x8347,
  0xD52A, 0xFDEB, 0xFDEB, 0xF5AA, 0xED8A, 0xED8A, 0xF5AA, 0xED8A, 0xF58A, 0xFDEB, 0xFE0B, 0xF5AA,
  0xC488, 0x8305, 0x4183, 0x1081, 0x0000, 0x0000, 0x0000, 0x0000, 0x0000, 0x0040, 0x0040, 0x0060,
  0x0060, 0x0080, 0x00A0, 0x00A0, 0x0080, 0x1121, 0x0900, 0x0140, 0x0200, 0x550B, 0x75CF, 0x1302,
  0x0280, 0x550C, 0x3CA8, 0x0240, 0x1B03, 0x6DAF, 0x550B, 0x0220, 0x1322, 0x656D, 0x1B23, 0x01A0,
  0x0120, 0x00E0, 0x10C1, 0x0000, 0x0060, 0x0060, 0x0060, 0x0060, 0x0080, 0x0060, 0x0020, 0x0000,
  0x0000, 0x0000, 0x0000, 0x0000, 0x18C1, 0x5224, 0x9BE8, 0xDD6A, 0xFE6C, 0xFEAD, 0xFE8D, 0xFE2C,
  0xF5EC, 0xFE2C, 0xFE4D, 0xFE2C, 0xFE6C, 0xFE8D, 0xEDED, 0xA449, 0x41E4, 0x0840, 0x0000, 0x0000,
  0x0000, 0x0000, 0x0000, 0x0000, 0x0000, 0x1061, 0xA44A, 0xFE4C, 0xFE8D, 0xFE8D, 0xFE6C, 0xBCA9,
  0x20C1, 0x0000, 0x20C1, 0x9B86, 0x9B86, 0x9386, 0x9366, 0x9345, 0x9345, 0x9345, 0x8B25, 0x8B25,
  0x8B25, 0x9B66, 0x3101, 0x0000, 0x0000, 0x0000, 0x0000, 0x0000, 0x0000, 0x0000, 0x0000, 0x0000,
  0x0000, 0x0000, 0x0000, 0x0000, 0x0000, 0x0000, 0x0000, 0x0000, 0x0000, 0x0000, 0x0000, 0x0000,
  0x0000, 0x0000, 0x0000, 0x0000, 0x0000, 0x0000, 0x0000, 0x0000, 0x0000, 0x0000, 0x0000, 0x0000,
  0x0000, 0x0000, 0x0000, 0x0000, 0x0000, 0x0000, 0x0000, 0x0000, 0x0000, 0x0000, 0x0000, 0x0000,
  0x0000, 0x0000, 0x0000, 0x0000, 0x0000, 0x0000, 0x0000, 0x0000, 0x0000, 0x0000, 0x0000, 0x0000,
  0x0000, 0x0000, 0x0000, 0x0000, 0x0000, 0x0000, 0x0000, 0x0000, 0x0000, 0x0000, 0x0000, 0x0000,
  0x0000, 0x0000, 0x0000, 0x0000, 0x0000, 0x0000, 0x0000, 0x0000, 0x0000, 0x0000, 0x0000, 0x0000,
  0x0000, 0x0000, 0x0000, 0x0000, 0x0000, 0x0000, 0x0000, 0x0000, 0x0000, 0x0000, 0x0000, 0x0000,
  0x0000, 0x0000, 0x0000, 0x0000, 0x0000, 0x0000, 0x0000, 0x0000, 0x0000, 0x0000, 0x0000, 0x0000,
  0x0000, 0x0000, 0x0000, 0x0000, 0x0000, 0x0000, 0x0000, 0x0000, 0x0000, 0x0000, 0x0000, 0x0000,
  0x0000, 0x0000, 0x0000, 0x0000, 0x0000, 0x0000, 0x0000, 0x0000, 0x0000, 0x0000, 0x0000, 0x0000,
  0x0000, 0x0000, 0x0000, 0x0000, 0x0000, 0x0000, 0x0000, 0x0000, 0x0000, 0x0000, 0x0000, 0x0000,
  0x0000, 0x0000, 0x0000, 0x0000, 0x0000, 0x0000, 0x0000, 0x0000, 0x0000, 0x0000, 0x0000, 0x0000,
  0x0000, 0x0000, 0x0000, 0x0000, 0x0000, 0x0000, 0x0000, 0x0000, 0x0000, 0x0000, 0x0000, 0x0000,
  0x0000, 0x0000, 0x0000, 0x0000, 0x0000, 0x0000, 0x0000, 0x0000, 0x0000, 0x0000, 0x0000, 0x0000,
  0x0000, 0x0000, 0x0000, 0x0000, 0x0000, 0x0000, 0x0000, 0x0000, 0x0000, 0x0000, 0x0000, 0x0000,
  0x0000, 0x0000, 0x9BA6, 0xFE0B, 0xED29, 0xE529, 0xE509, 0xE508, 0xFDCA, 0xCCC9, 0x0000, 0x0000,
  0x0000, 0x0000, 0x1081, 0x3962, 0x72E5, 0xB468, 0xEDAA, 0xFE0B, 0xFDCB, 0xF58A, 0xED8A, 0xEDAA,
  0xED8A, 0xF5AA, 0xFDCA, 0xFDCA, 0xF58A, 0xC488, 0x7AC5, 0x3121, 0x0000, 0x0000, 0x0000, 0x0000,
  0x0000, 0x0000, 0x0000, 0x0000, 0x0000, 0x0000, 0x0000, 0x0000, 0x0000, 0x0020, 0x0060, 0x00A0,
  0x00C0, 0x00E0, 0x0120, 0x0100, 0x3C28, 0x8EB3, 0x65AE, 0x8651, 0x0341, 0xA736, 0x7E10, 0x0220,
  0x8692, 0x556C, 0x8ED4, 0x2BE7, 0x2BA5, 0xC7BA, 0x33A6, 0x01A0, 0x0160, 0x0100, 0x00C0, 0x0060,
  0x0040, 0x0020, 0x0000, 0x0000, 0x0000, 0x0000, 0x0000, 0x0000, 0x0000, 0x0000, 0x0000, 0x0000,
  0x0000, 0x0000, 0x0000, 0x0840, 0x49A3, 0x9BE7, 0xDDAC, 0xFE6D, 0xFE6C, 0xFE8D, 0xFE6D, 0xFE2C,
  0xF62C, 0xF60C, 0xFE4C, 0xFE8D, 0xFE4D, 0xD54B, 0x8BA8, 0x4A04, 0x20E2, 0x0020, 0x0000, 0x0000,
  0x0000, 0x9C4A, 0xFEEF, 0xFDEB, 0xF5EC, 0xF5EB, 0xF5CB, 0xFE6C, 0xC4A9, 0x0820, 0x0000, 0x0000,
  0x0000, 0x0000, 0x0000, 0x0000, 0x0000, 0x0000, 0x0000, 0x0000, 0x0000, 0x0000, 0x0000, 0x0000,
  0x0000, 0x0000, 0x0000, 0x0000, 0x0000, 0x0000, 0x0000, 0x0000, 0x0000, 0x0000, 0x0000, 0x0000,
  0x0000, 0x0000, 0x0000, 0x0000, 0x0000, 0x0000, 0x0000, 0x0000, 0x0000, 0x0000, 0x0000, 0x0000,
  0x0000, 0x0000, 0x0000, 0x0000, 0x0000, 0x0000, 0x0000, 0x0000, 0x0000, 0x0000, 0x0000, 0x0000,
  0x0000, 0x0000, 0x0000, 0x0000, 0x0000, 0x0000, 0x0000, 0x0000, 0x0000, 0x0000, 0x0000, 0x0000,
  0x0000, 0x0000, 0x0000, 0x0000, 0x0000, 0x0000, 0x0000, 0x0000, 0x0000, 0x0000, 0x0000, 0x0000,
  0x0000, 0x0000, 0x0000, 0x0000, 0x0000, 0x0000, 0x0000, 0x0000, 0x0000, 0x0000, 0x0000, 0x0000,
  0x0000, 0x0000, 0x0000, 0x0000, 0x0000, 0x0000, 0x0000, 0x0000, 0x0000, 0x0000, 0x0000, 0x0000,
  0x0000, 0x0000, 0x0000, 0x0000, 0x0000, 0x0000, 0x0000, 0x0000, 0x0000, 0x0000, 0x0000, 0x0000,
  0x0000, 0x0000, 0x0000, 0x0000, 0x0000, 0x0000, 0x0000, 0x0000, 0x0000, 0x0000, 0x0000, 0x0000,
  0x0000, 0x0000, 0x0000, 0x0000, 0x0000, 0x0000, 0x0000, 0x0000, 0x0000, 0x0000, 0x0000, 0x0000,
  0x0000, 0x0000, 0x0000, 0x0000, 0x0000, 0x0000, 0x0000, 0x0000, 0x0000, 0x0000, 0x0000, 0x0000,
  0x0000, 0x0000, 0x0000, 0x0000, 0x0000, 0x0000, 0x0000, 0x0000, 0x0000, 0x0000, 0x0000, 0x0000,
  0x0000, 0x0000, 0x0000, 0x0000, 0x0000, 0x0000, 0x0000, 0x0000, 0x0000, 0x0000, 0x0000, 0x0000,
  0x0000, 0x0000, 0x0000, 0x0000, 0x0000, 0x0000, 0x0000, 0x0000, 0x0000, 0x0000, 0x0000, 0x0000,
  0x0000, 0x0000, 0x0000, 0x0000, 0x0000, 0x0000, 0x0000, 0x0000, 0x0000, 0x0000, 0x0000, 0x0000,
  0x0000, 0x20C1, 0x2921, 0x2901, 0x2901, 0x28E1, 0x2902, 0x20A1, 0x0000, 0x20C1, 0xED49, 0xED49,
  0xED49, 0xED49, 0xED29, 0xED29, 0xED49, 0xF5AA, 0x9387, 0x7B47, 0x9BE7, 0xB468, 0xDD09, 0xF5AA,
  0xFDEB, 0xFDCA, 0xED6A, 0xED6A, 0xED8A, 0xEDAA, 0xF5CB, 0xFE0B, 0xFE0B, 0xF58A, 0xC447, 0x7284,
  0x2901, 0x0020, 0x0000, 0x0000, 0x0000, 0x0000, 0x0000, 0x18C1, 0x41A3, 0x3983, 0x39A3, 0x41C3,
  0x41A3, 0x39A3, 0x39A3, 0x39C3, 0x39A3, 0x39A3, 0x39C3, 0x3A23, 0x3243, 0x0960, 0x0160, 0x0140,
  0x550C, 0x5D6C, 0x1382, 0x96F4, 0x0280, 0x44E9, 0x6D8E, 0x0200, 0x96F4, 0x0BA2, 0x65EE, 0x4D0A,
  0x01A0, 0x7630, 0x2B45, 0x0140, 0x0160, 0x0120, 0x1161, 0x3A24, 0x39E4, 0x39C4, 0x39E4, 0x39E4,
  0x39C4, 0x39A4, 0x39A4, 0x39A4, 0x3983, 0x39A3, 0x41C4, 0x3163, 0x0840, 0x0000, 0x0000, 0x0000,
  0x0000, 0x0000, 0x1060, 0x49C3, 0x9386, 0xDDAB, 0xFECE, 0xFECE, 0xFE8D, 0xFE2C, 0xF60C, 0xF5EC,
  0xFE0C, 0xFE4D, 0xFEAE, 0xFE8D, 0xF60C, 0xCD4B, 0xACAB, 0x93C9, 0x8BA9, 0xFE6E, 0xFE2D, 0xFE2C,
  0xFE0C, 0xFE0B, 0xFDEB, 0xF5EB, 0xFE4C, 0x49C3, 0x0000, 0x0840, 0x20C1, 0x20E1, 0x20C1, 0x20E1,
  0x2902, 0x20C1, 0x0000, 0x0000, 0x0000, 0x0000, 0x0000, 0x0000, 0x0000, 0x0000, 0x0000, 0x0000,
  0x0000, 0x0000, 0x0000, 0x0000, 0x0000, 0x0000, 0x0000, 0x0000, 0x0000, 0x0000, 0x0000, 0x0000,
  0x0000, 0x0000, 0x0000, 0x0000, 0x0000, 0x0000, 0x0000, 0x0000, 0x0000, 0x0000, 0x0000, 0x0000,
  0x0000, 0x0000, 0x0000, 0x0000, 0x0000, 0x0000, 0x0000, 0x0000, 0x0000, 0x0000, 0x0000, 0x0000,
  0x0000, 0x0000, 0x0000, 0x0000, 0x0000, 0x0000, 0x0000, 0x0000, 0x0000, 0x0000, 0x0000, 0x0000,
  0x0000, 0x0000, 0x0000, 0x0000, 0x0000, 0x0000, 0x0000, 0x0000, 0x0000, 0x0000, 0x0000, 0x0000,
  0x0000, 0x0000, 0x0000, 0x0000, 0x0000, 0x0000, 0x0000, 0x0000, 0x0000, 0x0000, 0x0000, 0x0000,
  0x0000, 0x0000, 0x0000, 0x0000, 0x0000, 0x0000, 0x0000, 0x0000, 0x0000, 0x0000, 0x0000, 0x0000,
  0x0000, 0x0000, 0x0000, 0x0000, 0x0000, 0x0000, 0x0000, 0x0000, 0x0000, 0x0000, 0x0000, 0x0000,
  0x0000, 0x0000, 0x0000, 0x0000, 0x0000, 0x0000, 0x0000, 0x0000, 0x0000, 0x0000, 0x0000, 0x0000,
  0x0000, 0x0000, 0x0000, 0x0000, 0x0000, 0x0000, 0x0000, 0x0000, 0x0000, 0x0000, 0x0000, 0x0000,
  0x0000, 0x0000, 0x0000, 0x0000, 0x0000, 0x0000, 0x0000, 0x0000, 0x0000, 0x0000, 0x0000, 0x0000,
  0x0000, 0x0000, 0x0000, 0x0000, 0x0000, 0x0000, 0x0000, 0x0000, 0x0000, 0x0000, 0x0000, 0x0000,
  0x0000, 0x0000, 0x0000, 0x0000, 0x0000, 0x0000, 0x0000, 0x0000, 0x0000, 0x0000, 0x0000, 0x0000,
  0x0000, 0x0000, 0x0000, 0x0000, 0x0000, 0x0000, 0x0000, 0x0000, 0x0000, 0x0000, 0x0000, 0x0000,
  0x0000, 0x0000, 0x0000, 0x0000, 0x0000, 0x0000, 0x0000, 0x0000, 0x0000, 0xABC5, 0xED49, 0xE549,
  0xE528, 0xDD08, 0xFDCB, 0x7284, 0x0000, 0x51C3, 0xF569, 0xED49, 0xED49, 0xED49, 0xED49, 0xED49,
  0xED49, 0xED49, 0xFDEB, 0xFDEB, 0xFDEB, 0xFDCA, 0xF58A, 0xED49, 0xE529, 0xE54A, 0xED8A, 0xF5AA,
  0xFDEB, 0xFE0B, 0xF5AB, 0xBC68, 0x7AA5, 0x3101, 0x0000, 0x0000, 0x0000, 0x0000, 0x0000, 0x0020,
  0x3163, 0x72E6, 0xB448, 0xE58A, 0xFE2B, 0xFE2B, 0xFE0B, 0xFE2B, 0xFE4C, 0xFE6C, 0xFE8D, 0xFEAD,
  0xFECE, 0xFEEE, 0xFEEE, 0xFF0F, 0xEE8E, 0x1961, 0x0120, 0x0180, 0x4469, 0x9EF4, 0x6DEE, 0x8612,
  0x0240, 0x7610, 0x8EB3, 0x0AC1, 0x8E72, 0x660E, 0x9F14, 0x3427, 0x12E3, 0xA736, 0x54CB, 0x01A0,
  0x0160, 0x00A0, 0x3A24, 0xFF92, 0xFF51, 0xFF51, 0xFF31, 0xFF32, 0xFF10, 0xFECF, 0xFEAE, 0xFEAE,
  0xFEAE, 0xFEAE, 0xFEAE, 0xFE8E, 0xD58C, 0x93C7, 0x5224, 0x20E2, 0x0000, 0x0000, 0x0000, 0x0000,
  0x0000, 0x1060, 0x49E3, 0x9BE8, 0xDDAC, 0xFE8D, 0xFEAD, 0xFE6D, 0xFE4D, 0xF60C, 0xF60C, 0xF62C,
  0xFE4D, 0xFE8D, 0xFECE, 0xFECE, 0xFECE, 0xFE4D, 0xFE2C, 0xFE2D, 0xFE2C, 0xFE0C, 0xFE0C, 0xF60C,
  0xFE8E, 0x8327, 0x0000, 0x3142, 0xEDAA, 0xEDAA, 0xED8A, 0xE56A, 0xF5AB, 0xBC47, 0x0000, 0x0000,
  0x0000, 0x0000, 0x0000, 0x0000, 0x0000, 0x0000, 0x0000, 0x0000, 0x0000, 0x0000, 0x0000, 0x0000,
  0x0000, 0x0000, 0x0000, 0x0000, 0x0000, 0x0000, 0x0000, 0x0000, 0x0000, 0x0000, 0x0000, 0x0000,
  0x0000, 0x0000, 0x0000, 0x0000, 0x0000, 0x0000, 0x0000, 0x0000, 0x0000, 0x0000, 0x0000, 0x0000,
  0x0000, 0x0000, 0x0000, 0x0000, 0x0000, 0x0000, 0x0000, 0x0000, 0x0000, 0x0000, 0x0000, 0x0000,
  0x0000, 0x0000, 0x0000, 0x0000, 0x0000, 0x0000, 0x0000, 0x0000, 0x0000, 0x0000, 0x0000, 0x0000,
  0x0000, 0x0000, 0x0000, 0x0000, 0x0000, 0x0000, 0x0000, 0x0000, 0x0000, 0x0000, 0x0000, 0x0000,
  0x0000, 0x0000, 0x0000, 0x0000, 0x0000, 0x0000, 0x0000, 0x0000, 0x0000, 0x0000, 0x0000, 0x0000,
  0x0000, 0x0000, 0x0000, 0x0000, 0x0000, 0x0000, 0x0000, 0x0000, 0x0000, 0x0000, 0x0000, 0x0000,
  0x0000, 0x0000, 0x0000, 0x0000, 0x0000, 0x0000, 0x0000, 0x0000, 0x0000, 0x0000, 0x0000, 0x0000,
  0x0000, 0x0000, 0x0000, 0x0000, 0x0000, 0x0000, 0x0000, 0x0000, 0x0000, 0x0000, 0x0000, 0x0000,
  0x0000, 0x0000, 0x0000, 0x0000, 0x0000, 0x0000, 0x0000, 0x0000, 0x0000, 0x0000, 0x0000, 0x0000,
  0x0000, 0x0000, 0x0000, 0x0000, 0x0000, 0x0000, 0x0000, 0x0000, 0x0000, 0x0000, 0x0000, 0x0000,
  0x0000, 0x0000, 0x0000, 0x0000, 0x0000, 0x0000, 0x0000, 0x0000, 0x0000, 0x0000, 0x0000, 0x0000,
  0x0000, 0x0000, 0x0000, 0x0000, 0x0000, 0x0000, 0x0000, 0x0000, 0x0000, 0x0000, 0x0000, 0x0000,
  0x0000, 0x0000, 0x0000, 0x0000, 0x0000, 0x0000, 0x0000, 0x0000, 0x0000, 0x0000, 0x0000, 0x0000,
  0x0000, 0x0000, 0x0000, 0x0000, 0x0000, 0xABA5, 0xE508, 0xDCC8, 0xDCC8, 0xDCE8, 0xFDAB, 0x6A44,
  0x0000, 0x49C2, 0xF589, 0xED49, 0xED6A, 0xED49, 0xED49, 0xED49, 0xED49, 0xED69, 0xED6A, 0xED49,
  0xED69, 0xF58A, 0xF5AA, 0xFDCA, 0xFDCA, 0xFDCA, 0xF5AA, 0xE529, 0xB427, 0x6A84, 0x28E1, 0x0000,
  0x0000, 0x0000, 0x0000, 0x0000, 0x0000, 0x2922, 0x7306, 0xC4EA, 0xF5EC, 0xFE0B, 0xFDCA, 0xF5AB,
  0xF5AA, 0xF5CB, 0xF5AA, 0xF5AA, 0xF5CB, 0xF60B, 0xF62C, 0xFE4C, 0xFE8D, 0xFEAE, 0xFEAE, 0xFECE,
  0xE64D, 0x1921, 0x00E0, 0x01A0, 0x0240, 0x5D0C, 0x756F, 0x1242, 0x1262, 0x654E, 0x75AF, 0x23E5,
  0x1362, 0x75CF, 0x54EB, 0x01E0, 0x33C7, 0x75B0, 0x654D, 0x0A21, 0x0120, 0x0040, 0x39E3, 0xFF31,
  0xFEF1, 0xFF11, 0xFEF0, 0xFED0, 0xFEAF, 0xFE8E, 0xF64D, 0xFE4D, 0xFE6D, 0xFE6D, 0xFE4D, 0xFE4D,
  0xFE6D, 0xFE4C, 0xFE2B, 0xEDED, 0xB4AA, 0x6285, 0x18C1, 0x0000, 0x0000, 0x0000, 0x0000, 0x0000,
  0x0840, 0x49C3, 0x93A7, 0xD509, 0xF5EB, 0xFEAD, 0xFEEE, 0xFEEE, 0xFEAE, 0xFE8D, 0xFE4D, 0xFE2D,
  0xFE4D, 0xFE6D, 0xFE4D, 0xFE4D, 0xFE2C, 0xFE2C, 0xFE2C, 0xF60C, 0xFE6D, 0x7AE6, 0x0000, 0x2922,
  0xF5EC, 0xF5AB, 0xF58A, 0xED6A, 0xF58A, 0xC448, 0x0000, 0x0000, 0x0000, 0x0000, 0x0000, 0x0000,
  0x0000, 0x0000, 0x0000, 0x0000, 0x0000, 0x0000, 0x0000, 0x0000, 0x0000, 0x0000, 0x0000, 0x0000,
  0x0000, 0x0000, 0x0000, 0x0000, 0x0000, 0x0000, 0x0000, 0x0000, 0x0000, 0x0000, 0x0000, 0x0000,
  0x0000, 0x0000, 0x0000, 0x0000, 0x0000, 0x0000, 0x0000, 0x0000, 0x0000, 0x0000, 0x0000, 0x0000,
  0x0000, 0x0000, 0x0000, 0x0000, 0x0000, 0x0000, 0x0000, 0x0000, 0x0000, 0x0000, 0x0000, 0x0000,
  0x0000, 0x0000, 0x0000, 0x0000, 0x0000, 0x0000, 0x0000, 0x0000, 0x0000, 0x0000, 0x0000, 0x0000,
  0x0000, 0x0000, 0x0000, 0x0000, 0x0000, 0x0000, 0x0000, 0x0000, 0x0000, 0x0000, 0x0000, 0x0000,
  0x0000, 0x0000, 0x0000, 0x0000, 0x0000, 0x0000, 0x0000, 0x0000, 0x0000, 0x0000, 0x0000, 0x0000,
  0x0000, 0x0000, 0x0000, 0x0000, 0x0000, 0x0000, 0x0000, 0x0000, 0x0000, 0x0000, 0x0000, 0x0000,
  0x0000, 0x0000, 0x0000, 0x0000, 0x0000, 0x0000, 0x0000, 0x0000, 0x0000, 0x0000, 0x0000, 0x0000,
  0x0000, 0x0000, 0x0000, 0x0000, 0x0000, 0x0000, 0x0000, 0x0000, 0x0000, 0x0000, 0x0000, 0x0000,
  0x0000, 0x0000, 0x0000, 0x0000, 0x0000, 0x0000, 0x0000, 0x0000, 0x0000, 0x0000, 0x0000, 0x0000,
  0x0000, 0x0000, 0x0000, 0x0000, 0x0000, 0x0000, 0x0000, 0x0000, 0x0000, 0x0000, 0x0000, 0x0000,
  0x0000, 0x0000, 0x0000, 0x0000, 0x0000, 0x0000, 0x0000, 0x0000, 0x0000, 0x0000, 0x0000, 0x0000,
  0x0000, 0x0000, 0x0000, 0x0000, 0x0000, 0x0000, 0x0000, 0x0000, 0x0000, 0x0000, 0x0000, 0x0000,
  0x0000, 0x0000, 0x0000, 0x0000, 0x0000, 0x0000, 0x0000, 0x0000, 0x0000, 0x0000, 0x0000, 0x0000,
  0x0000, 0xC447, 0xFD89, 0xED28, 0xED28, 0xED28, 0xFDC9, 0x9325, 0x0000, 0x18A1, 0xE529, 0xED6A,
  0xED49, 0xED49, 0xED49, 0xED69, 0xED49, 0xF589, 0xE529, 0xDD09, 0xDD08, 0xD4C8, 0xCCA8, 0xBC68,
  0xA3A7, 0x72A4, 0x3962, 0x1060, 0x0000, 0x0000, 0x0000, 0x0000, 0x0000, 0x1080, 0x49E4, 0x9408,
  0xD56A, 0xFE2A, 0xFE4A, 0xFE2B, 0xFE0B, 0xFE0B, 0xFDEB, 0xFE2B, 0xFE4C, 0xFE4C, 0xFE4C, 0xFE6C,
  0xFE8D, 0xFEAD, 0xFECE, 0xFEEF, 0xFF2F, 0xFF2F, 0xFF30, 0xFF71, 0xFECF, 0x1941, 0x00C0, 0x0140,
  0x01A0, 0x0160, 0x0160, 0x01A0, 0x01A0, 0x0160, 0x01E0, 0x0280, 0x0240, 0x01E0, 0x01E0, 0x0220,
  0x01C0, 0x0180, 0x01A0, 0x0160, 0x0100, 0x0040, 0x3A24, 0xFFD4, 0xFF93, 0xFF92, 0xFF72, 0xFF51,
  0xFF31, 0xFF30, 0xFF0F, 0xFEEF, 0xFEEF, 0xFEEF, 0xFECE, 0xFEAE, 0xFE8D, 0xFE4C, 0xFE4C, 0xFE8D,
  0xFEAE, 0xFE8C, 0xFE0B, 0xBCC9, 0x7306, 0x2922, 0x0840, 0x0000, 0x0000, 0x0000, 0x0000, 0x0000,
  0x20E1, 0x5A44, 0x8BA7, 0xB4CA, 0xCD6B, 0xDDAB, 0xE5AB, 0xEDCC, 0xEDED, 0xFE8D, 0xFE4D, 0xFE4D,
  0xFE4D, 0xFE4D, 0xFE2C, 0xF60C, 0xFE4D, 0x4183, 0x0000, 0x5204, 0xFECD, 0xFE2B, 0xFE0B, 0xFDCA,
  0xFE0B, 0xD4A8, 0x0000, 0x0000, 0x0000, 0x0000, 0x0000, 0x0000, 0x0000, 0x0000, 0x0000, 0x0000,
  0x0000, 0x0000, 0x0000, 0x0000, 0x0000, 0x0000, 0x0000, 0x0000, 0x0000, 0x0000, 0x0000, 0x0000,
  0x0000, 0x0000, 0x0000, 0x0000, 0x0000, 0x0000, 0x0000, 0x0000, 0x0000, 0x0000, 0x0000, 0x0000,
  0x0000, 0x0000, 0x0000, 0x0000, 0x0000, 0x0000, 0x0000, 0x0000, 0x0000, 0x0000, 0x0000, 0x0000,
  0x0000, 0x0000, 0x0000, 0x0000, 0x0000, 0x0000, 0x0000, 0x0000, 0x0000, 0x0000, 0x0000, 0x0000,
  0x0000, 0x0000, 0x0000, 0x0000, 0x0000, 0x0000, 0x0000, 0x0000, 0x0000, 0x0000, 0x0000, 0x0000,
  0x0000, 0x0000, 0x0000, 0x0000, 0x0000, 0x0000, 0x0000, 0x0000, 0x0000, 0x0000, 0x0000, 0x0000,
  0x0000, 0x0000, 0x0000, 0x0000, 0x0000, 0x0000, 0x0000, 0x0000, 0x0000, 0x0000, 0x0000, 0x0000,
  0x0000, 0x0000, 0x0000, 0x0000, 0x0000, 0x0000, 0x0000, 0x0000, 0x0000, 0x0000, 0x0000, 0x0000,
  0x0000, 0x0000, 0x0000, 0x0000, 0x0000, 0x0000, 0x0000, 0x0000, 0x0000, 0x0000, 0x0000, 0x0000,
  0x0000, 0x0000, 0x0000, 0x0000, 0x0000, 0x0000, 0x0000, 0x0000, 0x0000, 0x0000, 0x0000, 0x0000,
  0x0000, 0x0000, 0x0000, 0x0000, 0x0000, 0x0000, 0x0000, 0x0000, 0x0000, 0x0000, 0x0000, 0x0000,
  0x0000, 0x0000, 0x0000, 0x0000, 0x0000, 0x0000, 0x0000, 0x0000, 0x0000, 0x0000, 0x0000, 0x0000,
  0x0000, 0x0000, 0x0000, 0x0000, 0x0000, 0x0000, 0x0000, 0x0000, 0x0000, 0x0000, 0x0000, 0x0000,
  0x0000, 0x0000, 0x0000, 0x0000, 0x0000, 0x0000, 0x0000, 0x0000, 0x0000, 0x0000, 0x0000, 0x0000,
  0x0000, 0x0000, 0x0000, 0x0000, 0x0000, 0x0000, 0x0000, 0x0000, 0x0000, 0x7283, 0x9B65, 0x9B45,
  0x9B65, 0x9B65, 0xA385, 0x7A84, 0x0820, 0x0000, 0x7AC5, 0xFDEA, 0xED49, 0xED29, 0xED49, 0xED6A,
  0xFE0B, 0xCC88, 0x18A1, 0x1080, 0x1080, 0x1060, 0x0820, 0x0000, 0x0000, 0x0000, 0x0000, 0x0000,
  0x0000, 0x0020, 0x0020, 0x0000, 0x0020, 0x3962, 0x6AC5, 0x72E5, 0x6264, 0x5A03, 0x5A03, 0x5A24,
  0x6264, 0x6264, 0x6244, 0x6244, 0x6264, 0x6264, 0x6264, 0x6285, 0x6285, 0x62A5, 0x62A5, 0x62A5,
  0x62C5, 0x62C5, 0x62E5, 0x62E6, 0x5AA5, 0x08C0, 0x00E0, 0x0140, 0x0180, 0x4429, 0x4489, 0x0200,
  0x0A81, 0x5D2C, 0x3C27, 0x01C0, 0x1303, 0x75CF, 0x5D4C, 0x02A0, 0x1342, 0x652D, 0x1263, 0x0100,
  0x0100, 0x00C0, 0x1161, 0x6B68, 0x6327, 0x62E6, 0x62C6, 0x62C6, 0x62E6, 0x62C6, 0x62C6, 0x62A6,
  0x62A5, 0x6285, 0x6285, 0x6265, 0x5A64, 0x6264, 0x6265, 0x6285, 0x6244, 0x5A24, 0x6244, 0x6AA5,
  0x7306, 0x5A44, 0x1080, 0x0000, 0x0000, 0x0020, 0x0020, 0x0000, 0x0000, 0x0000, 0x0000, 0x0000,
  0x0020, 0x0860, 0x1081, 0x18A1, 0x1081, 0x8B87, 0xFF0F, 0xFE8D, 0xFE6D, 0xFE4D, 0xFE2C, 0xFE8D,
  0xB428, 0x0020, 0x0020, 0x5203, 0xA428, 0x9BC7, 0x9BA6, 0x9B86, 0x9B86, 0x7A84, 0x0000, 0x0000,
  0x0000, 0x0000, 0x0000, 0x0000, 0x0000, 0x0000, 0x0000, 0x0000, 0x0000, 0x0000, 0x0000, 0x0000,
  0x0000, 0x0000, 0x0000, 0x0000, 0x0000, 0x0000, 0x0000, 0x0000, 0x0000, 0x0000, 0x0000, 0x0000,
  0x0000, 0x0000, 0x0000, 0x0000, 0x0000, 0x0000, 0x0000, 0x0000, 0x0000, 0x0000, 0x0000, 0x0000,
  0x0000, 0x0000, 0x0000, 0x0000, 0x0000, 0x0000, 0x0000, 0x0000, 0x0000, 0x0000, 0x0000, 0x0000,
  0x0000, 0x0000, 0x0000, 0x0000, 0x0000, 0x0000, 0x0000, 0x0000, 0x0000, 0x0000, 0x0000, 0x0000,
  0x0000, 0x0000, 0x0000, 0x0000, 0x0000, 0x0000, 0x0000, 0x0000, 0x0000, 0x0000, 0x0000, 0x0000,
  0x0000, 0x0000, 0x0000, 0x0000, 0x0000, 0x0000, 0x0000, 0x0000, 0x0000, 0x0000, 0x0000, 0x0000,
  0x0000, 0x0000, 0x0000, 0x0000, 0x0000, 0x0000, 0x0000, 0x0000, 0x0000, 0x0000, 0x0000, 0x0000,
  0x0000, 0x0000, 0x0000, 0x0000, 0x0000, 0x0000, 0x0000, 0x0000, 0x0000, 0x0000, 0x0000, 0x0000,
  0x0000, 0x0000, 0x0000, 0x0000, 0x0000, 0x0000, 0x0000, 0x0000, 0x0000, 0x0000, 0x0000, 0x0000,
  0x0000, 0x0000, 0x0000, 0x0000, 0x0000, 0x0000, 0x0000, 0x0000, 0x0000, 0x0000, 0x0000, 0x0000,
  0x0000, 0x0000, 0x0000, 0x0000, 0x0000, 0x0000, 0x0000, 0x0000, 0x0000, 0x0000, 0x0000, 0x0000,
  0x0000, 0x0000, 0x0000, 0x0000, 0x0000, 0x0000, 0x0000, 0x0000, 0x0000, 0x0000, 0x0000, 0x0000,
  0x0000, 0x0000, 0x0000, 0x0000, 0x0000, 0x0000, 0x0000, 0x0000, 0x0000, 0x0000, 0x0000, 0x0000,
  0x0000, 0x0000, 0x0000, 0x0000, 0x0000, 0x0000, 0x0000, 0x0000, 0x0000, 0x0000, 0x0000, 0x0000,
  0x0000, 0x0000, 0x0000, 0x0000, 0x0000, 0x0000, 0x0000, 0x0000, 0x0000, 0x0000, 0x0000, 0x0000,
  0x0000, 0x0000, 0x0000, 0x7AA4, 0xDCC8, 0xED29, 0xED29, 0xED29, 0xBC28, 0x20C1, 0x0000, 0x0000,
  0x0000, 0x0000, 0x0000, 0x0000, 0x0000, 0x0000, 0x0000, 0x0000, 0x0000, 0x0000, 0x0000, 0x0000,
  0x0000, 0x0000, 0x0000, 0x0000, 0x0000, 0x0000, 0x0000, 0x0000, 0x0000, 0x0000, 0x0000, 0x0000,
  0x0000, 0x0000, 0x0000, 0x0000, 0x0000, 0x0000, 0x0000, 0x0000, 0x0000, 0x0000, 0x0000, 0x0000,
  0x0000, 0x00C0, 0x0120, 0x0140, 0x0180, 0x7E31, 0x8671, 0x01E0, 0x1B23, 0xA715, 0x6D8E, 0x0180,
  0x8652, 0x5D8C, 0x96F4, 0x33E6, 0x2BA5, 0xBFB9, 0x2B66, 0x0120, 0x0120, 0x00E0, 0x0080, 0x0000,
  0x0000, 0x0000, 0x0000, 0x0000, 0x0000, 0x0000, 0x0000, 0x0000, 0x0000, 0x0000, 0x0000, 0x0000,
  0x0000, 0x0000, 0x0000, 0x0000, 0x0000, 0x0000, 0x0000, 0x0000, 0x0000, 0x0000, 0x0000, 0x0000,
  0x0000, 0x0000, 0x0000, 0x0000, 0x0000, 0x0000, 0x0000, 0x0000, 0x0000, 0x0000, 0x0000, 0x0000,
  0x0000, 0x0000, 0x8347, 0xEE4E, 0xFE6D, 0xFE2C, 0xF5EC, 0xA3E7, 0x1040, 0x0000, 0x0000, 0x0000,
  0x0000, 0x0000, 0x0000, 0x0000, 0x0000, 0x0000, 0x0000, 0x0000, 0x0000, 0x0000, 0x0000, 0x0000,
  0x0000, 0x0000, 0x0000, 0x0000, 0x0000, 0x0000, 0x0000, 0x0000, 0x0000, 0x0000, 0x0000, 0x0000,
  0x0000, 0x0000, 0x0000, 0x0000, 0x0000, 0x0000, 0x0000, 0x0000, 0x0000, 0x0000, 0x0000, 0x0000,
  0x0000, 0x0000, 0x0000, 0x0000, 0x0000, 0x0000, 0x0000, 0x0000, 0x0000, 0x0000, 0x0000, 0x0000,
  0x0000, 0x0000, 0x0000, 0x0000, 0x0000, 0x0000, 0x0000, 0x0000, 0x0000, 0x0000, 0x0000, 0x0000,
  0x0000, 0x0000, 0x0000, 0x0000, 0x0000, 0x0000, 0x0000, 0x0000, 0x0000, 0x0000, 0x0000, 0x0000,
  0x0000, 0x0000, 0x0000, 0x0000, 0x0000, 0x0000, 0x0000, 0x0000, 0x0000, 0x0000, 0x0000, 0x0000,
  0x0000, 0x0000, 0x0000, 0x0000, 0x0000, 0x0000, 0x0000, 0x0000, 0x0000, 0x0000, 0x0000, 0x0000,
  0x0000, 0x0000, 0x0000, 0x0000, 0x0000, 0x0000, 0x0000, 0x0000, 0x0000, 0x0000, 0x0000, 0x0000,
  0x0000, 0x0000, 0x0000, 0x0000, 0x0000, 0x0000, 0x0000, 0x0000, 0x0000, 0x0000, 0x0000, 0x0000,
  0x0000, 0x0000, 0x0000, 0x0000, 0x0000, 0x0000, 0x0000, 0x0000, 0x0000, 0x0000, 0x0000, 0x0000,
  0x0000, 0x0000, 0x0000, 0x0000, 0x0000, 0x0000, 0x0000, 0x0000, 0x0000, 0x0000, 0x0000, 0x0000,
  0x0000, 0x0000, 0x0000, 0x0000, 0x0000, 0x0000, 0x0000, 0x0000, 0x0000, 0x0000, 0x0000, 0x0000,
  0x0000, 0x0000, 0x0000, 0x0000, 0x0000, 0x0000, 0x0000, 0x0000, 0x0000, 0x0000, 0x0000, 0x0000,
  0x0000, 0x0000, 0x0000, 0x0000, 0x0000, 0x0000, 0x0000, 0x0000, 0x0000, 0x0000, 0x0000, 0x0000,
  0x0000, 0x0000, 0x0000, 0x0000, 0x0000, 0x0000, 0x0000, 0x0000, 0x0000, 0x0000, 0x0000, 0x0000,
  0x0000, 0x0000, 0x0000, 0x0000, 0x20C1, 0x2902, 0x2901, 0x28E1, 0x28E1, 0x0840, 0x0000, 0x0000,
  0x82E5, 0xF58A, 0xFD8A, 0x9B45, 0x0000, 0x0000, 0x18A1, 0x3983, 0x3962, 0x3962, 0x3962, 0x3962,
  0x3963, 0x3983, 0x3983, 0x3983, 0x3983, 0x3983, 0x3983, 0x3983, 0x3983, 0x3983, 0x41A3, 0x41A3,
  0x4183, 0x4183, 0x39A3, 0x41A3, 0x41A3, 0x41A3, 0x41A3, 0x41A3, 0x39A3, 0x39A3, 0x39A3, 0x39A3,
  0x39C3, 0x39A3, 0x39A3, 0x39A3, 0x39A3, 0x3983, 0x3183, 0x31A3, 0x31E3, 0x0120, 0x0100, 0x0120,
  0x0100, 0x2385, 0x760F, 0x01E0, 0x0180, 0x44A9, 0x658E, 0x0260, 0x9F15, 0x1382, 0x5DEE, 0x4CAA,
  0x0140, 0x7E30, 0x2BA5, 0x01A0, 0x0160, 0x00C0, 0x08C0, 0x39C4, 0x39E4, 0x41E4, 0x39C4, 0x39C4,
  0x39C4, 0x39C4, 0x41C4, 0x39C4, 0x39A4, 0x39A4, 0x39A4, 0x41A4, 0x41A4, 0x41A4, 0x41A4, 0x41A4,
  0x41A3, 0x41A3, 0x41A3, 0x41A3, 0x41A4, 0x41A4, 0x39A4, 0x39A3, 0x3983, 0x3983, 0x39A3, 0x39A4,
  0x39A4, 0x3983, 0x3983, 0x3983, 0x3983, 0x3983, 0x39A3, 0x41A4, 0x2902, 0x0000, 0x0000, 0x6AA5,
  0xFEAF, 0xFE8E, 0xC4CA, 0x0000, 0x0000, 0x0840, 0x2902, 0x2902, 0x2902, 0x2902, 0x20C1, 0x0000,
  0x0000, 0x0000, 0x0000, 0x0000, 0x0000, 0x0000, 0x0000, 0x0000, 0x0000, 0x0000, 0x0000, 0x0000,
  0x0000, 0x0000, 0x0000, 0x0000, 0x0000, 0x0000, 0x0000, 0x0000, 0x0000, 0x0000, 0x0000, 0x0000,
  0x0000, 0x0000, 0x0000, 0x0000, 0x0000, 0x0000, 0x0000, 0x0000, 0x0000, 0x0000, 0x0000, 0x0000,
  0x0000, 0x0000, 0x0000, 0x0000, 0x0000, 0x0000, 0x0000, 0x0000, 0x0000, 0x0000, 0x0000, 0x0000,
  0x0000, 0x0000, 0x0000, 0x0000, 0x0000, 0x0000, 0x0000, 0x0000, 0x0000, 0x0000, 0x0000, 0x0000,
  0x0000, 0x0000, 0x0000, 0x0000, 0x0000, 0x0000, 0x0000, 0x0000, 0x0000, 0x0000, 0x0000, 0x0000,
  0x0000, 0x0000, 0x0000, 0x0000, 0x0000, 0x0000, 0x0000, 0x0000, 0x0000, 0x0000, 0x0000, 0x0000,
  0x0000, 0x0000, 0x0000, 0x0000, 0x0000, 0x0000, 0x0000, 0x0000, 0x0000, 0x0000, 0x0000, 0x0000,
  0x0000, 0x0000, 0x0000, 0x0000, 0x0000, 0x0000, 0x0000, 0x0000, 0x0000, 0x0000, 0x0000, 0x0000,
  0x0000, 0x0000, 0x0000, 0x0000, 0x0000, 0x0000, 0x0000, 0x0000, 0x0000, 0x0000, 0x0000, 0x0000,
  0x0000, 0x0000, 0x0000, 0x0000, 0x0000, 0x0000, 0x0000, 0x0000, 0x0000, 0x0000, 0x0000, 0x0000,
  0x0000, 0x0000, 0x0000, 0x0000, 0x0000, 0x0000, 0x0000, 0x0000, 0x0000, 0x0000, 0x0000, 0x0000,
  0x0000, 0x0000, 0x0000, 0x0000, 0x0000, 0x0000, 0x0000, 0x0000, 0x0000, 0x0000, 0x0000, 0x0000,
  0x0000, 0x0000, 0x0000, 0x0000, 0x0000, 0x0000, 0x0000, 0x0000, 0x0000, 0x0000, 0x0000, 0x0000,
  0x0000, 0x0000, 0x0000, 0x0000, 0x0000, 0x0000, 0x0000, 0x0000, 0x0000, 0x0000, 0x0000, 0x0000,
  0x0000, 0x0000, 0x0000, 0x0000, 0x0000, 0x0000, 0x0000, 0x0000, 0x0000, 0x0000, 0x0000, 0x0000,
  0xB3E7, 0xED6A, 0xDCC8, 0xDCC8, 0xDCC8, 0x20C1, 0x0000, 0x1881, 0xDD29, 0xF5AA, 0xF5CB, 0xDD09,
  0x1060, 0x0000, 0x51E3, 0xFE0B, 0xF56A, 0xF56A, 0xED6A, 0xED4A, 0xED6A, 0xF56A, 0xF58A, 0xF58A,
  0xF58A, 0xF58A, 0xF5AB, 0xF5AB, 0xF5AB, 0xF5AB, 0xF5AB, 0xF5AB, 0xF5AB, 0xFDCB, 0xFDEC, 0xFE0C,
  0xFE0C, 0xFE0C, 0xFE2C, 0xFE2C, 0xFE2C, 0xFE2C, 0xFE4D, 0xFE6D, 0xFE8D, 0xFE8D, 0xFE8D, 0xFE8D,
  0xFE8D, 0xFEAE, 0xFEAF, 0xFEF0, 0xEE6F, 0x1921, 0x00A0, 0x0100, 0x01A0, 0x658D, 0xA756, 0x12C2,
  0x0A21, 0x7E31, 0x8ED3, 0x0B21, 0x8E93, 0x6DEE, 0x8EF4, 0x3407, 0x1B23, 0xAF77, 0x552B, 0x01E0,
  0x0120, 0x0020, 0x39C3, 0xFF51, 0xFF32, 0xFF31, 0xFF10, 0xFF10, 0xFF10, 0xFEF0, 0xFEF0, 0xFEF0,
  0xFECF, 0xFEAF, 0xFE8F, 0xFE8E, 0xFE8E, 0xFE6E, 0xFE6E, 0xFE4D, 0xFE4D, 0xFE4D, 0xFE4D, 0xFE4D,
  0xFE4D, 0xFE4D, 0xFE2D, 0xFE2D, 0xFE2D, 0xFE2D, 0xFE4D, 0xFE4D, 0xFE2D, 0xFE0C, 0xFE0C, 0xFE0C,
  0xFE0C, 0xFDEC, 0xF5EC, 0xFE8E, 0x8B47, 0x0000, 0x0020, 0xB48A, 0xFEAE, 0xFE4E, 0xFE8F, 0x4183,
  0x0000, 0x2902, 0xF5EC, 0xF5CB, 0xED8A, 0xFDCB, 0xBC68, 0x0000, 0x0000, 0x0000, 0x0000, 0x0000,
  0x0000, 0x0000, 0x0000, 0x0000, 0x0000, 0x0000, 0x0000, 0x0000, 0x0000, 0x0000, 0x0000, 0x0000,
  0x0000, 0x0000, 0x0000, 0x0000, 0x0000, 0x0000, 0x0000, 0x0000, 0x0000, 0x0000, 0x0000, 0x0000,
  0x0000, 0x0000, 0x0000, 0x0000, 0x0000, 0x0000, 0x0000, 0x0000, 0x0000, 0x0000, 0x0000, 0x0000,
  0x0000, 0x0000, 0x0000, 0x0000, 0x0000, 0x0000, 0x0000, 0x0000, 0x0000, 0x0000, 0x0000, 0x0000,
  0x0000, 0x0000, 0x0000, 0x0000, 0x0000, 0x0000, 0x0000, 0x0000, 0x0000, 0x0000, 0x0000, 0x0000,
  0x0000, 0x0000, 0x0000, 0x0000, 0x0000, 0x0000, 0x0000, 0x0000, 0x0000, 0x0000, 0x0000, 0x0000,
  0x0000, 0x0000, 0x0000, 0x0000, 0x0000, 0x0000, 0x0000, 0x0000, 0x0000, 0x0000, 0x0000, 0x0000,
  0x0000, 0x0000, 0x0000, 0x0000, 0x0000, 0x0000, 0x0000, 0x0000, 0x0000, 0x0000, 0x0000, 0x0000,
  0x0000, 0x0000, 0x0000, 0x0000, 0x0000, 0x0000, 0x0000, 0x0000, 0x0000, 0x0000, 0x0000, 0x0000,
  0x0000, 0x0000, 0x0000, 0x0000, 0x0000, 0x0000, 0x0000, 0x0000, 0x0000, 0x0000, 0x0000, 0x0000,
  0x0000, 0x0000, 0x0000, 0x0000, 0x0000, 0x0000, 0x0000, 0x0000, 0x0000, 0x0000, 0x0000, 0x0000,
  0x0000, 0x0000, 0x0000, 0x0000, 0x0000, 0x0000, 0x0000, 0x0000, 0x0000, 0x0000, 0x0000, 0x0000,
  0x0000, 0x0000, 0x0000, 0x0000, 0x0000, 0x0000, 0x0000, 0x0000, 0x0000, 0x0000, 0x0000, 0x0000,
  0x0000, 0x0000, 0x0000, 0x0000, 0x0000, 0x0000, 0x0000, 0x0000, 0x0000, 0x0000, 0x0000, 0x0000,
  0x0000, 0x0000, 0x0000, 0x0000, 0x0000, 0x0000, 0x0000, 0x0000, 0x0000, 0x0000, 0x0000, 0x0000,
  0x0000, 0x0000, 0x0000, 0x0000, 0x0000, 0x0000, 0x0000, 0x0000, 0xA386, 0xE509, 0xD4A8, 0xED29,
  0x9B46, 0x0000, 0x0000, 0x7AC4, 0xFDEA, 0xED8A, 0xED6A, 0xFDEA, 0x6223, 0x0000, 0x0840, 0xD4C9,
  0xF58A, 0xED4A, 0xE52A, 0xE509, 0xE509, 0xE4E9, 0xE4E9, 0xE509, 0xE529, 0xED4A, 0xED6A, 0xED6A,
  0xED4A, 0xED4A, 0xED4A, 0xED4A, 0xED4A, 0xED6A, 0xED8B, 0xF58B, 0xF58B, 0xF58B, 0xF58B, 0xF5AB,
  0xF5CB, 0xF5EB, 0xF5EB, 0xF60C, 0xFE0C, 0xFE2C, 0xFE2C, 0xFE4C, 0xFE4D, 0xFE8E, 0xFE8E, 0xFECF,
  0xEE4E, 0x18E1, 0x00A0, 0x0140, 0x0A41, 0x5D0C, 0x6D2E, 0x2305, 0x12A2, 0x656E, 0x6D6E, 0x1B44,
  0x12E2, 0x6D6E, 0x4489, 0x0240, 0x3427, 0x758F, 0x5CEC, 0x01C0, 0x00E0, 0x0040, 0x3A04, 0xFF31,
  0xFEF0, 0xFED0, 0xFED0, 0xFED0, 0xFED0, 0xFEAF, 0xFE8F, 0xFE8F, 0xFE6E, 0xFE4E, 0xFE4E, 0xFE2D,
  0xFE2D, 0xFE0D, 0xF60C, 0xF5EC, 0xF5EC, 0xF5EC, 0xF5EC, 0xF5EC, 0xF5CC, 0xF5CC, 0xF5CC, 0xF5CC,
  0xF5CC, 0xF5EC, 0xF5EC, 0xF5CC, 0xF5CC, 0xF5AB, 0xF5AB, 0xF5AB, 0xF5CC, 0xF5CC, 0xF58B, 0xED6A,
  0x28E1, 0x0000, 0x3963, 0xFE4D, 0xFE2C, 0xFE4D, 0xFEAE, 0xA429, 0x0000, 0x0000, 0xB448, 0xFE0B,
  0xED6A, 0xFDAB, 0xBC28, 0x0000, 0x0000, 0x0000, 0x0000, 0x0000, 0x0000, 0x0000, 0x0000, 0x0000,
  0x0000, 0x0000, 0x0000, 0x0000, 0x0000, 0x0000, 0x0000, 0x0000, 0x0000, 0x0000, 0x0000, 0x0000,
  0x0000, 0x0000, 0x0000, 0x0000, 0x0000, 0x0000, 0x0000, 0x0000, 0x0000, 0x0000, 0x0000, 0x0000,
  0x0000, 0x0000, 0x0000, 0x0000, 0x0000, 0x0000, 0x0000, 0x0000, 0x0000, 0x0000, 0x0000, 0x0000,
  0x0000, 0x0000, 0x0000, 0x0000, 0x0000, 0x0000, 0x0000, 0x0000, 0x0000, 0x0000, 0x0000, 0x0000,
  0x0000, 0x0000, 0x0000, 0x0000, 0x0000, 0x0000, 0x0000, 0x0000, 0x0000, 0x0000, 0x0000, 0x0000,
  0x0000, 0x0000, 0x0000, 0x0000, 0x0000, 0x0000, 0x0000, 0x0000, 0x0000, 0x0000, 0x0000, 0x0000,
  0x0000, 0x0000, 0x0000, 0x0000, 0x0000, 0x0000, 0x0000, 0x0000, 0x0000, 0x0000, 0x0000, 0x0000,
  0x0000, 0x0000, 0x0000, 0x0000, 0x0000, 0x0000, 0x0000, 0x0000, 0x0000, 0x0000, 0x0000, 0x0000,
  0x0000, 0x0000, 0x0000, 0x0000, 0x0000, 0x0000, 0x0000, 0x0000, 0x0000, 0x0000, 0x0000, 0x0000,
  0x0000, 0x0000, 0x0000, 0x0000, 0x0000, 0x0000, 0x0000, 0x0000, 0x0000, 0x0000, 0x0000, 0x0000,
  0x0000, 0x0000, 0x0000, 0x0000, 0x0000, 0x0000, 0x0000, 0x0000, 0x0000, 0x0000, 0x0000, 0x0000,
  0x0000, 0x0000, 0x0000, 0x0000, 0x0000, 0x0000, 0x0000, 0x0000, 0x0000, 0x0000, 0x0000, 0x0000,
  0x0000, 0x0000, 0x0000, 0x0000, 0x0000, 0x0000, 0x0000, 0x0000, 0x0000, 0x0000, 0x0000, 0x0000,
  0x0000, 0x0000, 0x0000, 0x0000, 0x0000, 0x0000, 0x0000, 0x0000, 0x0000, 0x0000, 0x0000, 0x0000,
  0x0000, 0x0000, 0x0000, 0x0000, 0x0000, 0x0000, 0x0000, 0x0000, 0x0000, 0x0000, 0x0000, 0x0000,
  0x0000, 0x0000, 0x0000, 0x0000, 0xABA5, 0xF549, 0xED09, 0xFD69, 0x49A3, 0x0000, 0x1080, 0xDD08,
  0xFDAA, 0xED49, 0xED49, 0xFDA9, 0xC467, 0x0820, 0x0000, 0x7AC5, 0xFE0B, 0xF58A, 0xF58A, 0xF58A,
  0xF56A, 0xF549, 0xF56A, 0xF58A, 0xFDCB, 0xFDCB, 0xFDCB, 0xFDCB, 0xFDCB, 0xFDEC, 0xFDEB, 0xFDCB,
  0xFDCB, 0xFDCB, 0xFE0B, 0xFDEB, 0xFDEB, 0xFDEB, 0xFDEB, 0xFE0C, 0xFE2C, 0xFE6C, 0xFE6D, 0xFE6D,
  0xFE8D, 0xFE8D, 0xFE8D, 0xFECD, 0xFEEE, 0xFF0F, 0xFEEF, 0xFF0F, 0xF68E, 0x1941, 0x0100, 0x0160,
  0x0180, 0x00E0, 0x00E0, 0x0180, 0x01E0, 0x0180, 0x0180, 0x01C0, 0x0180, 0x0140, 0x01A0, 0x0240,
  0x01C0, 0x0160, 0x0100, 0x0140, 0x0120, 0x00C0, 0x4264, 0xFF92, 0xFF50, 0xFF50, 0xFF51, 0xFF51,
  0xFF31, 0xFF10, 0xFEEF, 0xFEEF, 0xFEEF, 0xFECF, 0xFEAF, 0xFEAF, 0xFEAE, 0xFE8E, 0xFE6D, 0xFE4D,
  0xFE4D, 0xFE6D, 0xFE4D, 0xFE4D, 0xFE4D, 0xFE4D, 0xFE4D, 0xFE4D, 0xFE4D, 0xFE4D, 0xFE4D, 0xFE4D,
  0xFE4D, 0xFE2C, 0xFE2C, 0xFE2C, 0xFE2C, 0xFE0C, 0xFE4C, 0xABC7, 0x0000, 0x0000, 0xA409, 0xFECF,
  0xF62D, 0xF60C, 0xFE4D, 0xF64D, 0x3142, 0x0000, 0x49C3, 0xFE6C, 0xFDEB, 0xFDEB, 0xBC27, 0x0000,
  0x0000, 0x0000, 0x0000, 0x0000, 0x0000, 0x0000, 0x0000, 0x0000, 0x0000, 0x0000, 0x0000, 0x0000,
  0x0000, 0x0000, 0x0000, 0x0000, 0x0000, 0x0000, 0x0000, 0x0000, 0x0000, 0x0000, 0x0000, 0x0000,
  0x0000, 0x0000, 0x0000, 0x0000, 0x0000, 0x0000, 0x0000, 0x0000, 0x0000, 0x0000, 0x0000, 0x0000,
  0x0000, 0x0000, 0x0000, 0x0000, 0x0000, 0x0000, 0x0000, 0x0000, 0x0000, 0x0000, 0x0000, 0x0000,
  0x0000, 0x0000, 0x0000, 0x0000, 0x0000, 0x0000, 0x0000, 0x0000, 0x0000, 0x0000, 0x0000, 0x0000,
  0x0000, 0x0000, 0x0000, 0x0000, 0x0000, 0x0000, 0x0000, 0x0000, 0x0000, 0x0000, 0x0000, 0x0000,
  0x0000, 0x0000, 0x0000, 0x0000, 0x0000, 0x0000, 0x0000, 0x0000, 0x0000, 0x0000, 0x0000, 0x0000,
  0x0000, 0x0000, 0x0000, 0x0000, 0x0000, 0x0000, 0x0000, 0x0000, 0x0000, 0x0000, 0x0000, 0x0000,
  0x0000, 0x0000, 0x0000, 0x0000, 0x0000, 0x0000, 0x0000, 0x0000, 0x0000, 0x0000, 0x0000, 0x0000,
  0x0000, 0x0000, 0x0000, 0x0000, 0x0000, 0x0000, 0x0000, 0x0000, 0x0000, 0x0000, 0x0000, 0x0000,
  0x0000, 0x0000, 0x0000, 0x0000, 0x0000, 0x0000, 0x0000, 0x0000, 0x0000, 0x0000, 0x0000, 0x0000,
  0x0000, 0x0000, 0x0000, 0x0000, 0x0000, 0x0000, 0x0000, 0x0000, 0x0000, 0x0000, 0x0000, 0x0000,
  0x0000, 0x0000, 0x0000, 0x0000, 0x0000, 0x0000, 0x0000, 0x0000, 0x0000, 0x0000, 0x0000, 0x0000,
  0x0000, 0x0000, 0x0000, 0x0000, 0x0000, 0x0000, 0x0000, 0x0000, 0x0000, 0x0000, 0x0000, 0x0000,
  0x0000, 0x0000, 0x0000, 0x0000, 0x0000, 0x0000, 0x0000, 0x0000, 0x0000, 0x0000, 0x0000, 0x0000,
  0x0000, 0x0000, 0x0000, 0x0000, 0x0000, 0x0000, 0x0000, 0x0000, 0x0000, 0x0000, 0x0000, 0x0000,
  0x3922, 0x51C3, 0x49A3, 0x49A2, 0x1060, 0x0000, 0x7AA4, 0xF589, 0xFDCA, 0x72A4, 0x9B65, 0xFDEA,
  0xFDCA, 0x49A3, 0x0000, 0x1881, 0x51C3, 0x49A2, 0x49A3, 0x49A3, 0x49A3, 0x49A3, 0x49A3, 0x51C3,
  0x51C3, 0x49C3, 0x49A3, 0x49C3, 0x51E3, 0x5204, 0x51E3, 0x51C3, 0x51C3, 0x51E3, 0x51E3, 0x51E3,
  0x51E3, 0x51C3, 0x51E3, 0x51E3, 0x51E3, 0x5204, 0x5204, 0x5204, 0x5204, 0x5204, 0x5224, 0x5244,
  0x5A84, 0x5AA5, 0x5284, 0x5244, 0x4A44, 0x0920, 0x0140, 0x0160, 0x01A0, 0x5CEC, 0x75B0, 0x1B23,
  0x02A1, 0x650D, 0x3BE8, 0x0180, 0x2364, 0x8611, 0x654C, 0x0280, 0x2385, 0x7DF1, 0x4C8B, 0x01C0,
  0x0180, 0x0120, 0x1121, 0x4A44, 0x4A64, 0x52A4, 0x52A5, 0x5285, 0x5245, 0x5224, 0x5224, 0x5224,
  0x5224, 0x5224, 0x5204, 0x5204, 0x5204, 0x5204, 0x51E4, 0x49E3, 0x51E3, 0x51E4, 0x51E4, 0x49E3,
  0x51E4, 0x5204, 0x5204, 0x51E4, 0x49E3, 0x49E3, 0x51E3, 0x51E4, 0x51E3, 0x51E3, 0x5204, 0x5204,
  0x51E3, 0x51E3, 0x51E3, 0x20C1, 0x0000, 0x20E1, 0xEE0D, 0xFED0, 0xBCEC, 0x6265, 0xFEAE, 0xFE8D,
  0xA3E8, 0x0000, 0x1040, 0x5204, 0x5A04, 0x59E3, 0x4162, 0x0000, 0x0000, 0x0000, 0x0000, 0x0000,
  0x0000, 0x0000, 0x0000, 0x0000, 0x0000, 0x0000, 0x0000, 0x0000, 0x0000, 0x0000, 0x0000, 0x0000,
  0x0000, 0x0000, 0x0000, 0x0000, 0x0000, 0x0000, 0x0000, 0x0000, 0x0000, 0x0000, 0x0000, 0x0000,
  0x0000, 0x0000, 0x0000, 0x0000, 0x0000, 0x0000, 0x0000, 0x0000, 0x0000, 0x0000, 0x0000, 0x0000,
  0x0000, 0x0000, 0x0000, 0x0000, 0x0000, 0x0000, 0x0000, 0x0000, 0x0000, 0x0000, 0x0000, 0x0000,
  0x0000, 0x0000, 0x0000, 0x0000, 0x0000, 0x0000, 0x0000, 0x0000, 0x0000, 0x0000, 0x0000, 0x0000,
  0x0000, 0x0000, 0x0000, 0x0000, 0x0000, 0x0000, 0x0000, 0x0000, 0x0000, 0x0000, 0x0000, 0x0000,
  0x0000, 0x0000, 0x0000, 0x0000, 0x0000, 0x0000, 0x0000, 0x0000, 0x0000, 0x0000, 0x0000, 0x0000,
  0x0000, 0x0000, 0x0000, 0x0000, 0x0000, 0x0000, 0x0000, 0x0000, 0x0000, 0x0000, 0x0000, 0x0000,
  0x0000, 0x0000, 0x0000, 0x0000, 0x0000, 0x0000, 0x0000, 0x0000, 0x0000, 0x0000, 0x0000, 0x0000,
  0x0000, 0x0000, 0x0000, 0x0000, 0x0000, 0x0000, 0x0000, 0x0000, 0x0000, 0x0000, 0x0000, 0x0000,
  0x0000, 0x0000, 0x0000, 0x0000, 0x0000, 0x0000, 0x0000, 0x0000, 0x0000, 0x0000, 0x0000, 0x0000,
  0x0000, 0x0000, 0x0000, 0x0000, 0x0000, 0x0000, 0x0000, 0x0000, 0x0000, 0x0000, 0x0000, 0x0000,
  0x0000, 0x0000, 0x0000, 0x0000, 0x0000, 0x0000, 0x0000, 0x0000, 0x0000, 0x0000, 0x0000, 0x0000,
  0x0000, 0x0000, 0x0000, 0x0000, 0x0000, 0x0000, 0x0000, 0x0000, 0x0000, 0x0000, 0x0000, 0x0000,
  0x0000, 0x0000, 0x0000, 0x0000, 0x0000, 0x0000, 0x0000, 0x0000, 0x0000, 0x0000, 0x0000, 0x0000,
  0x0000, 0x0000, 0x0000, 0x0000, 0x0000, 0x0000, 0x0000, 0x0000, 0x0000, 0x0000, 0x0000, 0x0000,
  0x0000, 0x1881, 0xDD29, 0xF549, 0xDCC7, 0x0840, 0x3101, 0xF58A, 0xFE0C, 0xBC48, 0x0000, 0x0000,
  0x0000, 0x0000, 0x0000, 0x0000, 0x0000, 0x0000, 0x0000, 0x0000, 0x0000, 0x0000, 0x0000, 0x0000,
  0x0000, 0x0000, 0x0000, 0x0000, 0x0000, 0x0000, 0x0000, 0x0000, 0x0000, 0x0000, 0x0000, 0x0000,
  0x0000, 0x0000, 0x0000, 0x0000, 0x0000, 0x0000, 0x0000, 0x0000, 0x0020, 0x0040, 0x0020, 0x0000,
  0x0040, 0x00E0, 0x0140, 0x0120, 0x3C08, 0x7E91, 0x5D8C, 0x7E51, 0x0B02, 0x9EF5, 0x6D6E, 0x01C0,
  0x8ED3, 0x5DCC, 0x96F4, 0x3487, 0x7E71, 0x4D0A, 0x96F4, 0x2BC5, 0x0180, 0x0120, 0x0080, 0x0000,
  0x0020, 0x0040, 0x0020, 0x0000, 0x0000, 0x0000, 0x0000, 0x0000, 0x0000, 0x0000, 0x0000, 0x0000,
  0x0000, 0x0000, 0x0000, 0x0000, 0x0000, 0x0000, 0x0000, 0x0000, 0x0000, 0x0000, 0x0000, 0x0000,
  0x0000, 0x0000, 0x0000, 0x0000, 0x0000, 0x0000, 0x0000, 0x0000, 0x0000, 0x0000, 0x0000, 0x0000,
  0x0000, 0x8368, 0xFED0, 0xFEAF, 0x6285, 0x0000, 0xDD8B, 0xFEAE, 0xF66F, 0x2922, 0x0000, 0x0000,
  0x0000, 0x0000, 0x0000, 0x0000, 0x0000, 0x0000, 0x0000, 0x0000, 0x0000, 0x0000, 0x0000, 0x0000,
  0x0000, 0x0000, 0x0000, 0x0000, 0x0000, 0x0000, 0x0000, 0x0000, 0x0000, 0x0000, 0x0000, 0x0000,
  0x0000, 0x0000, 0x0000, 0x0000, 0x0000, 0x0000, 0x0000, 0x0000, 0x0000, 0x0000, 0x0000, 0x0000,
  0x0000, 0x0000, 0x0000, 0x0000, 0x0000, 0x0000, 0x0000, 0x0000, 0x0000, 0x0000, 0x0000, 0x0000,
  0x0000, 0x0000, 0x0000, 0x0000, 0x0000, 0x0000, 0x0000, 0x0000, 0x0000, 0x0000, 0x0000, 0x0000,
  0x0000, 0x0000, 0x0000, 0x0000, 0x0000, 0x0000, 0x0000, 0x0000, 0x0000, 0x0000, 0x0000, 0x0000,
  0x0000, 0x0000, 0x0000, 0x0000, 0x0000, 0x0000, 0x0000, 0x0000, 0x0000, 0x0000, 0x0000, 0x0000,
  0x0000, 0x0000, 0x0000, 0x0000, 0x0000, 0x0000, 0x0000, 0x0000, 0x0000, 0x0000, 0x0000, 0x0000,
  0x0000, 0x0000, 0x0000, 0x0000, 0x0000, 0x0000, 0x0000, 0x0000, 0x0000, 0x0000, 0x0000, 0x0000,
  0x0000, 0x0000, 0x0000, 0x0000, 0x0000, 0x0000, 0x0000, 0x0000, 0x0000, 0x0000, 0x0000, 0x0000,
  0x0000, 0x0000, 0x0000, 0x0000, 0x0000, 0x0000, 0x0000, 0x0000, 0x0000, 0x0000, 0x0000, 0x0000,
  0x0000, 0x0000, 0x0000, 0x0000, 0x0000, 0x0000, 0x0000, 0x0000, 0x0000, 0x0000, 0x0000, 0x0000,
  0x0000, 0x0000, 0x0000, 0x0000, 0x0000, 0x0000, 0x0000, 0x0000, 0x0000, 0x0000, 0x0000, 0x0000,
  0x0000, 0x0000, 0x0000, 0x0000, 0x0000, 0x0000, 0x0000, 0x0000, 0x0000, 0x0000, 0x0000, 0x0000,
  0x0000, 0x0000, 0x0000, 0x0000, 0x0000, 0x0000, 0x0000, 0x0000, 0x0000, 0x0000, 0x0000, 0x0000,
  0x0000, 0x0000, 0x0000, 0x0000, 0x0000, 0x0000, 0x0000, 0x0000, 0x0000, 0x0000, 0x0000, 0x0000,
  0x0000, 0x0000, 0x0000, 0x0000, 0x0000, 0x0000, 0x0000, 0x0020, 0x0000, 0x7AE5, 0xFE0C, 0xFDCB,
  0x7AA4, 0x0000, 0x0000, 0xB427, 0xFE4C, 0xFDEB, 0x3122, 0x0000, 0x18A1, 0x6264, 0x6244, 0x6264,
  0x6A85, 0x18A1, 0x0000, 0x0000, 0x0000, 0x0000, 0x0000, 0x0840, 0x6244, 0x6A64, 0x6A64, 0x6264,
  0x6A64, 0x6A64, 0x6A64, 0x6A64, 0x6A85, 0x6A64, 0x6A64, 0x6A64, 0x6A64, 0x6A64, 0x6A85, 0x6A85,
  0x6AA5, 0x6AC6, 0x6AE6, 0x6B06, 0x10E1, 0x0060, 0x0080, 0x00C0, 0x00E0, 0x00E0, 0x0100, 0x0100,
  0x4CAB, 0x5D8C, 0x13C3, 0x96F4, 0x01C0, 0x4489, 0x65AD, 0x0260, 0x9714, 0x0B82, 0x5DCD, 0x454A,
  0x86B2, 0x0300, 0x7E30, 0x3C48, 0x0120, 0x0100, 0x00C0, 0x00C0, 0x00A0, 0x0080, 0x0020, 0x3163,
  0x6AE7, 0x6B07, 0x7328, 0x6B07, 0x6AC6, 0x6AA5, 0x6A85, 0x6AA5, 0x6AA6, 0x6AA6, 0x6AA6, 0x6AA5,
  0x6AA5, 0x6AA6, 0x6AC6, 0x6A85, 0x6264, 0x6264, 0x72E6, 0x3983, 0x0000, 0x0020, 0x0000, 0x0000,
  0x0000, 0x0020, 0x5204, 0x6A85, 0x6AA6, 0x6AC6, 0x3122, 0x0000, 0x1061, 0xE5EE, 0xFEF1, 0xDDAD,
  0x1060, 0x0000, 0x6AA5, 0xFF10, 0xFF32, 0x9BE9, 0x0000, 0x0020, 0x0000, 0x0000, 0x0000, 0x0000,
  0x0000, 0x0000, 0x0000, 0x0000, 0x0000, 0x0000, 0x0000, 0x0000, 0x0000, 0x0000, 0x0000, 0x0000,
  0x0000, 0x0000, 0x0000, 0x0000, 0x0000, 0x0000, 0x0000, 0x0000, 0x0000, 0x0000, 0x0000, 0x0000,
  0x0000, 0x0000, 0x0000, 0x0000, 0x0000, 0x0000, 0x0000, 0x0000, 0x0000, 0x0000, 0x0000, 0x0000,
  0x0000, 0x0000, 0x0000, 0x0000, 0x0000, 0x0000, 0x0000, 0x0000, 0x0000, 0x0000, 0x0000, 0x0000,
  0x0000, 0x0000, 0x0000, 0x0000, 0x0000, 0x0000, 0x0000, 0x0000, 0x0000, 0x0000, 0x0000, 0x0000,
  0x0000, 0x0000, 0x0000, 0x0000, 0x0000, 0x0000, 0x0000, 0x0000, 0x0000, 0x0000, 0x0000, 0x0000,
  0x0000, 0x0000, 0x0000, 0x0000, 0x0000, 0x0000, 0x0000, 0x0000, 0x0000, 0x0000, 0x0000, 0x0000,
  0x0000, 0x0000, 0x0000, 0x0000, 0x0000, 0x0000, 0x0000, 0x0000, 0x0000, 0x0000, 0x0000, 0x0000,
  0x0000, 0x0000, 0x0000, 0x0000, 0x0000, 0x0000, 0x0000, 0x0000, 0x0000, 0x0000, 0x0000, 0x0000,
  0x0000, 0x0000, 0x0000, 0x0000, 0x0000, 0x0000, 0x0000, 0x0000, 0x0000, 0x0000, 0x0000, 0x0000,
  0x0000, 0x0000, 0x0000, 0x0000, 0x0000, 0x0000, 0x0000, 0x0000, 0x0000, 0x0000, 0x0000, 0x0000,
  0x0000, 0x0000, 0x0000, 0x0000, 0x0000, 0x0000, 0x0000, 0x0000, 0x0000, 0x0000, 0x0000, 0x0000,
  0x0000, 0x0000, 0x0000, 0x0000, 0x0000, 0x0000, 0x0000, 0x0000, 0x0000, 0x0000, 0x0000, 0x0000,
  0x0000, 0x0000, 0x0000, 0x0000, 0x0000, 0x0000, 0x0000, 0x0000, 0x0000, 0x0000, 0x0000, 0x0000,
  0x0000, 0x0000, 0x0000, 0x0000, 0x0000, 0x0000, 0x0000, 0x0000, 0x0000, 0x0000, 0x0000, 0x0000,
  0x0000, 0x0000, 0x0000, 0x0000, 0x0000, 0x0000, 0x0000, 0x0000, 0x0000, 0x0000, 0x0000, 0x0000,
  0x0000, 0x0000, 0x0000, 0x0000, 0x1080, 0xDCE8, 0xF5AA, 0xDD29, 0x1060, 0x0000, 0x0000, 0x49C3,
  0xFE0B, 0xFE0A, 0x9345, 0x0000, 0x18A1, 0xE549, 0xFD8A, 0xED49, 0xFD8A, 0x3942, 0x0000, 0x0000,
  0x0000, 0x0000, 0x0000, 0x20C1, 0xFDCA, 0xFDEB, 0xFDCB, 0xFDCB, 0xFDCB, 0xFDCB, 0xFDCB, 0xFDCB,
  0xFDEB, 0xFDEB, 0xFDCB, 0xFDCB, 0xFDEB, 0xFE0B, 0xFE2C, 0xFE6D, 0xFE8D, 0xFECE, 0xFEEF, 0xFEEF,
  0x3122, 0x0000, 0x0080, 0x00A0, 0x00C0, 0x00C0, 0x00E0, 0x0120, 0x3407, 0x96F3, 0x6DEE, 0x75B0,
  0x01E1, 0x7E30, 0x9714, 0x0B42, 0x7E71, 0x65CD, 0x86D3, 0x2C25, 0x8E92, 0x65CD, 0x9F15, 0x2304,
  0x00E0, 0x00E0, 0x00C0, 0x00C0, 0x0080, 0x0060, 0x0000, 0x83C9, 0xFFD3, 0xFF52, 0xFF72, 0xFF51,
  0xFF0F, 0xFECE, 0xFEAE, 0xFEAE, 0xFEAE, 0xFE8D, 0xFE8E, 0xFE6D, 0xFE6D, 0xFE6D, 0xFE6D, 0xFE2C,
  0xFE0B, 0xFE0C, 0xFEEE, 0x8367, 0x0000, 0x0000, 0x0000, 0x0000, 0x0000, 0x0020, 0xDD4A, 0xFE2C,
  0xFE2C, 0xFE8E, 0x41A3, 0x0000, 0x6AA5, 0xFEAE, 0xFED0, 0x7B27, 0x0000, 0x0000, 0x1061, 0xE60F,
  0xFEF0, 0xEE0D, 0x20A1, 0x0000, 0x0000, 0x0000, 0x0000, 0x0000, 0x0000, 0x0000, 0x0000, 0x0000,
  0x0000, 0x0000, 0x0000, 0x0000, 0x0000, 0x0000, 0x0000, 0x0000, 0x0000, 0x0000, 0x0000, 0x0000,
  0x0000, 0x0000, 0x0000, 0x0000, 0x0000, 0x0000, 0x0000, 0x0000, 0x0000, 0x0000, 0x0000, 0x0000,
  0x0000, 0x0000, 0x0000, 0x0000, 0x0000, 0x0000, 0x0000, 0x0000, 0x0000, 0x0000, 0x0000, 0x0000,
  0x0000, 0x0000, 0x0000, 0x0000, 0x0000, 0x0000, 0x0000, 0x0000, 0x0000, 0x0000, 0x0000, 0x0000,
  0x0000, 0x0000, 0x0000, 0x0000, 0x0000, 0x0000, 0x0000, 0x0000, 0x0000, 0x0000, 0x0000, 0x0000,
  0x0000, 0x0000, 0x0000, 0x0000, 0x0000, 0x0000, 0x0000, 0x0000, 0x0000, 0x0000, 0x0000, 0x0000,
  0x0000, 0x0000, 0x0000, 0x0000, 0x0000, 0x0000, 0x0000, 0x0000, 0x0000, 0x0000, 0x0000, 0x0000,
  0x0000, 0x0000, 0x0000, 0x0000, 0x0000, 0x0000, 0x0000, 0x0000, 0x0000, 0x0000, 0x0000, 0x0000,
  0x0000, 0x0000, 0x0000, 0x0000, 0x0000, 0x0000, 0x0000, 0x0000, 0x0000, 0x0000, 0x0000, 0x0000,
  0x0000, 0x0000, 0x0000, 0x0000, 0x0000, 0x0000, 0x0000, 0x0000, 0x0000, 0x0000, 0x0000, 0x0000,
  0x0000, 0x0000, 0x0000, 0x0000, 0x0000, 0x0000, 0x0000, 0x0000, 0x0000, 0x0000, 0x0000, 0x0000,
  0x0000, 0x0000, 0x0000, 0x0000, 0x0000, 0x0000, 0x0000, 0x0000, 0x0000, 0x0000, 0x0000, 0x0000,
  0x0000, 0x0000, 0x0000, 0x0000, 0x0000, 0x0000, 0x0000, 0x0000, 0x0000, 0x0000, 0x0000, 0x0000,
  0x0000, 0x0000, 0x0000, 0x0000, 0x0000, 0x0000, 0x0000, 0x0000, 0x0000, 0x0000, 0x0000, 0x0000,
  0x0000, 0x0000, 0x0000, 0x0000, 0x0000, 0x0000, 0x0000, 0x0000, 0x0000, 0x0000, 0x0000, 0x0000,
  0x0000, 0x0000, 0x0000, 0x0000, 0x0000, 0x0000, 0x0000, 0x0000, 0x0000, 0x0000, 0x0000, 0x0000,
  0x82E5, 0xF589, 0xF589, 0x6A64, 0x0000, 0x0020, 0x0000, 0x0000, 0xC4A7, 0xFDEA, 0xED28, 0x20C1,
  0x0000, 0x7AC4, 0xFD89, 0xED29, 0xF549, 0x3921, 0x0000, 0x0000, 0x0000, 0x0000, 0x0000, 0x20C1,
  0xFE0C, 0xFE4C, 0xFE0B, 0xFDEB, 0xFDEB, 0xFDEB, 0xFDEB, 0xFDEB, 0xFDEB, 0xFDEB, 0xFDEB, 0xFDEB,
  0xFE2C, 0xFE6C, 0xFE6D, 0xFE8D, 0xFEAE, 0xFECE, 0xFECD, 0xFEAD, 0x2922, 0x0020, 0x0080, 0x0080,
  0x00A0, 0x00C0, 0x0100, 0x0180, 0x0240, 0x4CCA, 0x5D2D, 0x0A41, 0x12A2, 0x5D0C, 0x650D, 0x1B64,
  0x0B02, 0x5D6D, 0x3C68, 0x0260, 0x1B83, 0x6D8E, 0x3C28, 0x01A0, 0x0120, 0x00E0, 0x00C0, 0x00A0,
  0x0060, 0x0080, 0x0000, 0x8BEA, 0xFFF4, 0xFF72, 0xFF71, 0xFF50, 0xFF2F, 0xFF0F, 0xFF0F, 0xFEEF,
  0xFECE, 0xFEAD, 0xFE8D, 0xFE8D, 0xFE6D, 0xFE8D, 0xFEAD, 0xFE8D, 0xFE6D, 0xFE6D, 0xFECD, 0x8326,
  0x0000, 0x0000, 0x0000, 0x0000, 0x0000, 0x0840, 0xDD6B, 0xFE2C, 0xFE2C, 0xC489, 0x0000, 0x0840,
  0xD54B, 0xFE6D, 0xEDEC, 0x18A1, 0x0000, 0x0020, 0x0000, 0x8347, 0xFEAE, 0xFE8D, 0x8B67, 0x0000,
  0x0000, 0x0000, 0x0000, 0x0000, 0x0000, 0x0000, 0x0000, 0x0000, 0x0000, 0x0000, 0x0000, 0x0000,
  0x0000, 0x0000, 0x0000, 0x0000, 0x0000, 0x0000, 0x0000, 0x0000, 0x0000, 0x0000, 0x0000, 0x0000,
  0x0000, 0x0000, 0x0000, 0x0000, 0x0000, 0x0000, 0x0000, 0x0000, 0x0000, 0x0000, 0x0000, 0x0000,
  0x0000, 0x0000, 0x0000, 0x0000, 0x0000, 0x0000, 0x0000, 0x0000, 0x0000, 0x0000, 0x0000, 0x0000,
  0x0000, 0x0000, 0x0000, 0x0000, 0x0000, 0x0000, 0x0000, 0x0000, 0x0000, 0x0000, 0x0000, 0x0000,
  0x0000, 0x0000, 0x0000, 0x0000, 0x0000, 0x0000, 0x0000, 0x0000, 0x0000, 0x0000, 0x0000, 0x0000,
  0x0000, 0x0000, 0x0000, 0x0000, 0x0000, 0x0000, 0x0000, 0x0000, 0x0000, 0x0000, 0x0000, 0x0000,
  0x0000, 0x0000, 0x0000, 0x0000, 0x0000, 0x0000, 0x0000, 0x0000, 0x0000, 0x0000, 0x0000, 0x0000,
  0x0000, 0x0000, 0x0000, 0x0000, 0x0000, 0x0000, 0x0000, 0x0000, 0x0000, 0x0000, 0x0000, 0x0000,
  0x0000, 0x0000, 0x0000, 0x0000, 0x0000, 0x0000, 0x0000, 0x0000, 0x0000, 0x0000, 0x0000, 0x0000,
  0x0000, 0x0000, 0x0000, 0x0000, 0x0000, 0x0000, 0x0000, 0x0000, 0x0000, 0x0000, 0x0000, 0x0000,
  0x0000, 0x0000, 0x0000, 0x0000, 0x0000, 0x0000, 0x0000, 0x0000, 0x0000, 0x0000, 0x0000, 0x0000,
  0x0000, 0x0000, 0x0000, 0x0000, 0x0000, 0x0000, 0x0000, 0x0000, 0x0000, 0x0000, 0x0000, 0x0000,
  0x0000, 0x0000, 0x0000, 0x0000, 0x0000, 0x0000, 0x0000, 0x0000, 0x0000, 0x0000, 0x0000, 0x0000,
  0x0000, 0x0000, 0x0000, 0x0000, 0x0000, 0x0000, 0x0000, 0x0000, 0x0000, 0x0000, 0x0000, 0x0000,
  0x0000, 0x0000, 0x0000, 0x0000, 0x0000, 0x0000, 0x0000, 0x0000, 0x0000, 0x0000, 0x0000, 0x0000,
  0x0000, 0x0000, 0x0000, 0x0000, 0x0000, 0x0000, 0x0000, 0x1880, 0xDD08, 0xF589, 0xD4A7, 0x0840,
  0x0000, 0x0000, 0x0000, 0x0000, 0x5A03, 0xFDCA, 0xFE0B, 0x8B26, 0x0000, 0x28E1, 0xBC07, 0xB3E7,
  0xBBE7, 0x28C1, 0x0000, 0x0000, 0x0000, 0x0000, 0x0000, 0x1060, 0x6AA5, 0x72C5, 0x6A84, 0x6A85,
  0x6A85, 0x6A64, 0x6A84, 0x6A64, 0x6A64, 0x6A64, 0x6A64, 0x6A64, 0x6A85, 0x6AA5, 0x6AA5, 0x6AA5,
  0x6AA5, 0x6AC5, 0x72C5, 0x6AC5, 0x10A0, 0x0040, 0x0080, 0x0080, 0x00A0, 0x00C0, 0x0100, 0x0140,
  0x0180, 0x0100, 0x0140, 0x0200, 0x0200, 0x0180, 0x0180, 0x01C0, 0x01A0, 0x01A0, 0x0200, 0x0280,
  0x0200, 0x0180, 0x01A0, 0x01A0, 0x0120, 0x00E0, 0x00A0, 0x0080, 0x0080, 0x0080, 0x0040, 0x39E4,
  0x7368, 0x6B07, 0x6AE6, 0x6AE6, 0x6AE6, 0x6AE6, 0x6AE6, 0x72E6, 0x6AC6, 0x6AC5, 0x6AA5, 0x6AA5,
  0x6AA5, 0x6AA5, 0x6AC5, 0x6AA5, 0x6AA5, 0x72A5, 0x72C5, 0x3142, 0x0000, 0x0000, 0x0000, 0x0000,
  0x0000, 0x0020, 0xA408, 0xC4AA, 0xCCEA, 0x6244, 0x0000, 0x5A45, 0xFEAF, 0xFE8E, 0x9387, 0x0000,
  0x0000, 0x0000, 0x0000, 0x1080, 0xE5AB, 0xFE6D, 0xEDED, 0x18A1, 0x0000, 0x0000, 0x0000, 0x0000,
  0x0000, 0x0000, 0x0000, 0x0000, 0x0000, 0x0000, 0x0000, 0x0000, 0x0000, 0x0000, 0x0000, 0x0000,
  0x0000, 0x0000, 0x0000, 0x0000, 0x0000, 0x0000, 0x0000, 0x0000, 0x0000, 0x0000, 0x0000, 0x0000,
  0x0000, 0x0000, 0x0000, 0x0000, 0x0000, 0x0000, 0x0000, 0x0000, 0x0000, 0x0000, 0x0000, 0x0000,
  0x0000, 0x0000, 0x0000, 0x0000, 0x0000, 0x0000, 0x0000, 0x0000, 0x0000, 0x0000, 0x0000, 0x0000,
  0x0000, 0x0000, 0x0000, 0x0000, 0x0000, 0x0000, 0x0000, 0x0000, 0x0000, 0x0000, 0x0000, 0x0000,
  0x0000, 0x0000, 0x0000, 0x0000, 0x0000, 0x0000, 0x0000, 0x0000, 0x0000, 0x0000, 0x0000, 0x0000,
  0x0000, 0x0000, 0x0000, 0x0000, 0x0000, 0x0000, 0x0000, 0x0000, 0x0000, 0x0000, 0x0000, 0x0000,
  0x0000, 0x0000, 0x0000, 0x0000, 0x0000, 0x0000, 0x0000, 0x0000, 0x0000, 0x0000, 0x0000, 0x0000,
  0x0000, 0x0000, 0x0000, 0x0000, 0x0000, 0x0000, 0x0000, 0x0000, 0x0000, 0x0000, 0x0000, 0x0000,
  0x0000, 0x0000, 0x0000, 0x0000, 0x0000, 0x0000, 0x0000, 0x0000, 0x0000, 0x0000, 0x0000, 0x0000,
  0x0000, 0x0000, 0x0000, 0x0000, 0x0000, 0x0000, 0x0000, 0x0000, 0x0000, 0x0000, 0x0000, 0x0000,
  0x0000, 0x0000, 0x0000, 0x0000, 0x0000, 0x0000, 0x0000, 0x0000, 0x0000, 0x0000, 0x0000, 0x0000,
  0x0000, 0x0000, 0x0000, 0x0000, 0x0000, 0x0000, 0x0000, 0x0000, 0x0000, 0x0000, 0x0000, 0x0000,
  0x0000, 0x0000, 0x0000, 0x0000, 0x0000, 0x0000, 0x0000, 0x0000, 0x0000, 0x0000, 0x0000, 0x0000,
  0x0000, 0x0000, 0x0000, 0x0000, 0x0000, 0x0000, 0x0000, 0x0000, 0x0000, 0x0000, 0x0000, 0x0000,
  0x0000, 0x0000, 0x0000, 0x0000, 0x0000, 0x0000, 0x0000, 0x0000, 0x0000, 0x0000, 0x0000, 0x0000,
  0x0000, 0x0000, 0x0000, 0x7AC4, 0xF589, 0xFD89, 0x6A64, 0x0000, 0x0000, 0x0000, 0x0000, 0x0000,
  0x0820, 0xD4E8, 0xFE2C, 0xED8A, 0x1881, 0x0000, 0x0000, 0x0000, 0x0000, 0x0000, 0x0000, 0x0000,
  0x0000, 0x0000, 0x0000, 0x0000, 0x0000, 0x0000, 0x0000, 0x0020, 0x0020, 0x0020, 0x0020, 0x0000,
  0x0020, 0x0020, 0x0020, 0x0020, 0x0820, 0x0020, 0x0000, 0x0000, 0x0000, 0x0000, 0x0000, 0x0000,
  0x0040, 0x0060, 0x0060, 0x0080, 0x00A0, 0x00C0, 0x00E0, 0x00E0, 0x0120, 0x5CAC, 0x54CB, 0x01E0,
  0x0AA1, 0x6D8E, 0x3C28, 0x0160, 0x2345, 0x8672, 0x6DEF, 0x02A0, 0x1B23, 0x75AF, 0x1A83, 0x0120,
  0x0120, 0x00E0, 0x00A0, 0x0080, 0x0080, 0x0060, 0x0060, 0x0020, 0x0000, 0x0000, 0x0000, 0x0020,
  0x0820, 0x0840, 0x0020, 0x0020, 0x0000, 0x0000, 0x0000, 0x0000, 0x0000, 0x0000, 0x0000, 0x0000,
  0x0020, 0x0000, 0x0000, 0x0000, 0x0000, 0x0000, 0x0000, 0x0000, 0x0000, 0x0000, 0x0000, 0x0000,
  0x0000, 0x0000, 0x0020, 0xC54E, 0xFEF1, 0xF62D, 0x2901, 0x0000, 0x0000, 0x0000, 0x0000, 0x0000,
  0x7B06, 0xFEAE, 0xFEAE, 0x7B26, 0x0000, 0x0000, 0x0000, 0x0000, 0x0000, 0x0000, 0x0000, 0x0000,
  0x0000, 0x0000, 0x0000, 0x0000, 0x0000, 0x0000, 0x0000, 0x0000, 0x0000, 0x0000, 0x0000, 0x0000,
  0x0000, 0x0000, 0x0000, 0x0000, 0x0000, 0x0000, 0x0000, 0x0000, 0x0000, 0x0000, 0x0000, 0x0000,
  0x0000, 0x0000, 0x0000, 0x0000, 0x0000, 0x0000, 0x0000, 0x0000, 0x0000, 0x0000, 0x0000, 0x0000,
  0x0000, 0x0000, 0x0000, 0x0000, 0x0000, 0x0000, 0x0000, 0x0000, 0x0000, 0x0000, 0x0000, 0x0000,
  0x0000, 0x0000, 0x0000, 0x0000, 0x0000, 0x0000, 0x0000, 0x0000, 0x0000, 0x0000, 0x0000, 0x0000,
  0x0000, 0x0000, 0x0000, 0x0000, 0x0000, 0x0000, 0x0000, 0x0000, 0x0000, 0x0000, 0x0000, 0x0000,
  0x0000, 0x0000, 0x0000, 0x0000, 0x0000, 0x0000, 0x0000, 0x0000, 0x0000, 0x0000, 0x0000, 0x0000,
  0x0000, 0x0000, 0x0000, 0x0000, 0x0000, 0x0000, 0x0000, 0x0000, 0x0000, 0x0000, 0x0000, 0x0000,
  0x0000, 0x0000, 0x0000, 0x0000, 0x0000, 0x0000, 0x0000, 0x0000, 0x0000, 0x0000, 0x0000, 0x0000,
  0x0000, 0x0000, 0x0000, 0x0000, 0x0000, 0x0000, 0x0000, 0x0000, 0x0000, 0x0000, 0x0000, 0x0000,
  0x0000, 0x0000, 0x0000, 0x0000, 0x0000, 0x0000, 0x0000, 0x0000, 0x0000, 0x0000, 0x0000, 0x0000,
  0x0000, 0x0000, 0x0000, 0x0000, 0x0000, 0x0000, 0x0000, 0x0000, 0x0000, 0x0000, 0x0000, 0x0000,
  0x0000, 0x0000, 0x0000, 0x0000, 0x0000, 0x0000, 0x0000, 0x0000, 0x0000, 0x0000, 0x0000, 0x0000,
  0x0000, 0x0000, 0x0000, 0x0000, 0x0000, 0x0000, 0x0000, 0x0000, 0x0000, 0x0000, 0x0000, 0x0000,
  0x0000, 0x0000, 0x0000, 0x0000, 0x0000, 0x0000, 0x0000, 0x0000, 0x0000, 0x0000, 0x0000, 0x0000,
  0x0000, 0x0000, 0x0000, 0x0000, 0x0000, 0x0000, 0x0000, 0x0000, 0x0000, 0x0000, 0x1880, 0xDCC8,
  0xF569, 0xD4A8, 0x1040, 0x0000, 0x0000, 0x0000, 0x0000, 0x0000, 0x0000, 0x72A4, 0xFE4B, 0xFE2B,
  0x7284, 0x0000, 0x0000, 0x0000, 0x0000, 0x0000, 0x0000, 0x0000, 0x0000, 0x0000, 0x0000, 0x0000,
  0x0020, 0x0000, 0xB48A, 0xEE0D, 0xE58B, 0xE56A, 0xE529, 0xE529, 0xE56A, 0xE56B, 0xE56A, 0xED8B,
  0xE58B, 0xE56A, 0xE528, 0xE549, 0xEDAB, 0xD56B, 0x18C1, 0x0040, 0x0040, 0x0040, 0x0060, 0x0080,
  0x00A0, 0x00A0, 0x00C0, 0x00C0, 0x0181, 0x7E51, 0x8652, 0x01C0, 0x12E3, 0x96D4, 0x656D, 0x01C0,
  0x8EB3, 0x4D0A, 0x8ED4, 0x3427, 0x2364, 0xB798, 0x2B26, 0x0100, 0x0120, 0x00E0, 0x00A0, 0x0080,
  0x0080, 0x0060, 0x0040, 0x0060, 0x0020, 0x4A04, 0xEE4D, 0xEE2E, 0xEE6F, 0xEE2E, 0xEDEC, 0xE58B,
  0xE56A, 0xE56A, 0xE54A, 0xE56A, 0xE58B, 0xE56A, 0xE56A, 0xE58B, 0xEE0D, 0x41A3, 0x0000, 0x0000,
  0x0000, 0x0000, 0x0000, 0x0000, 0x0000, 0x0000, 0x0000, 0x0000, 0x0000, 0x0000, 0x41A4, 0xFEF1,
  0xFF12, 0xB48A, 0x0000, 0x0000, 0x0000, 0x0000, 0x0000, 0x0000, 0x18A1, 0xEDED, 0xFE8D, 0xE58B,
  0x1060, 0x0000, 0x0000, 0x0000, 0x0000, 0x0000, 0x0000, 0x0000, 0x0000, 0x0000, 0x0000, 0x0000,
  0x0000, 0x0000, 0x0000, 0x0000, 0x0000, 0x0000, 0x0000, 0x0000, 0x0000, 0x0000, 0x0000, 0x0000,
  0x0000, 0x0000, 0x0000, 0x0000, 0x0000, 0x0000, 0x0000, 0x0000, 0x0000, 0x0000, 0x0000, 0x0000,
  0x0000, 0x0000, 0x0000, 0x0000, 0x0000, 0x0000, 0x0000, 0x0000, 0x0000, 0x0000, 0x0000, 0x0000,
  0x0000, 0x0000, 0x0000, 0x0000, 0x0000, 0x0000, 0x0000, 0x0000, 0x0000, 0x0000, 0x0000, 0x0000,
  0x0000, 0x0000, 0x0000, 0x0000, 0x0000, 0x0000, 0x0000, 0x0000, 0x0000, 0x0000, 0x0000, 0x0000,
  0x0000, 0x0000, 0x0000, 0x0000, 0x0000, 0x0000, 0x0000, 0x0000, 0x0000, 0x0000, 0x0000, 0x0000,
  0x0000, 0x0000, 0x0000, 0x0000, 0x0000, 0x0000, 0x0000, 0x0000, 0x0000, 0x0000, 0x0000, 0x0000,
  0x0000, 0x0000, 0x0000, 0x0000, 0x0000, 0x0000, 0x0000, 0x0000, 0x0000, 0x0000, 0x0000, 0x0000,
  0x0000, 0x0000, 0x0000, 0x0000, 0x0000, 0x0000, 0x0000, 0x0000, 0x0000, 0x0000, 0x0000, 0x0000,
  0x0000, 0x0000, 0x0000, 0x0000, 0x0000, 0x0000, 0x0000, 0x0000, 0x0000, 0x0000, 0x0000, 0x0000,
  0x0000, 0x0000, 0x0000, 0x0000, 0x0000, 0x0000, 0x0000, 0x0000, 0x0000, 0x0000, 0x0000, 0x0000,
  0x0000, 0x0000, 0x0000, 0x0000, 0x0000, 0x0000, 0x0000, 0x0000, 0x0000, 0x0000, 0x0000, 0x0000,
  0x0000, 0x0000, 0x0000, 0x0000, 0x0000, 0x0000, 0x0000, 0x0000, 0x0000, 0x0000, 0x0000, 0x0000,
  0x0000, 0x0000, 0x0000, 0x0000, 0x0000, 0x0000, 0x0000, 0x0000, 0x0000, 0x0000, 0x0000, 0x0000,
  0x0000, 0x0000, 0x0000, 0x0000, 0x0000, 0x0000, 0x0000, 0x0000, 0x0000, 0x0000, 0x0000, 0x0000,
  0x0000, 0x0000, 0x0000, 0x0000, 0x0000, 0x0000, 0x7AA4, 0xF569, 0xFD89, 0x6A63, 0x0000, 0x0000,
  0x0000, 0x0000, 0x0000, 0x0000, 0x0000, 0x1880, 0xE569, 0xFDE9, 0xCC86, 0x0820, 0x0000, 0x0000,
  0x0000, 0x0000, 0x0000, 0x0000, 0x0000, 0x0000, 0x0000, 0x0000, 0x0000, 0x0000, 0xC50A, 0xFECD,
  0xFDEB, 0xFDEA, 0xFE0B, 0xFE0C, 0xFE4D, 0xFE4C, 0xFE2C, 0xFE0C, 0xFE2B, 0xFE2B, 0xFE2B, 0xFE2C,
  0xFE8E, 0xF64E, 0x1081, 0x0000, 0x0020, 0x0040, 0x0060, 0x0080, 0x0080, 0x00A0, 0x00C0, 0x0120,
  0x0160, 0x2BE5, 0x75F0, 0x0180, 0x0160, 0x4489, 0x5D8C, 0x0260, 0x9F15, 0x1382, 0x5DCD, 0x4CAA,
  0x0120, 0x7E31, 0x2B85, 0x0180, 0x0120, 0x00C0, 0x00A0, 0x0080, 0x0060, 0x0040, 0x0040, 0x0040,
  0x0000, 0x5244, 0xFF51, 0xFED0, 0xFECF, 0xFECE, 0xFE6D, 0xFE4C, 0xFE2B, 0xFE0C, 0xFE4D, 0xFE4D,
  0xFE4D, 0xFE2C, 0xFE0B, 0xFE2C, 0xFECF, 0x41A3, 0x0000, 0x0000, 0x0000, 0x0000, 0x0000, 0x0000,
  0x0000, 0x0000, 0x0000, 0x0000, 0x0000, 0x0000, 0xA428, 0xFECF, 0xFED1, 0x49E4, 0x0000, 0x0000,
  0x0000, 0x0000, 0x0000, 0x0000, 0x0000, 0x8B67, 0xFEAE, 0xFE6D, 0x7AE5, 0x0000, 0x0000, 0x0000,
  0x0000, 0x0000, 0x0000, 0x0000, 0x0000, 0x0000, 0x0000, 0x0000, 0x0000, 0x0000, 0x0000, 0x0000,
  0x0000, 0x0000, 0x0000, 0x0000, 0x0000, 0x0000, 0x0000, 0x0000, 0x0000, 0x0000, 0x0000, 0x0000,
  0x0000, 0x0000, 0x0000, 0x0000, 0x0000, 0x0000, 0x0000, 0x0000, 0x0000, 0x0000, 0x0000, 0x0000,
  0x0000, 0x0000, 0x0000, 0x0000, 0x0000, 0x0000, 0x0000, 0x0000, 0x0000, 0x0000, 0x0000, 0x0000,
  0x0000, 0x0000, 0x0000, 0x0000, 0x0000, 0x0000, 0x0000, 0x0000, 0x0000, 0x0000, 0x0000, 0x0000,
  0x0000, 0x0000, 0x0000, 0x0000, 0x0000, 0x0000, 0x0000, 0x0000, 0x0000, 0x0000, 0x0000, 0x0000,
  0x0000, 0x0000, 0x0000, 0x0000, 0x0000, 0x0000, 0x0000, 0x0000, 0x0000, 0x0000, 0x0000, 0x0000,
  0x0000, 0x0000, 0x0000, 0x0000, 0x0000, 0x0000, 0x0000, 0x0000, 0x0000, 0x0000, 0x0000, 0x0000,
  0x0000, 0x0000, 0x0000, 0x0000, 0x0000, 0x0000, 0x0000, 0x0000, 0x0000, 0x0000, 0x0000, 0x0000,
  0x0000, 0x0000, 0x0000, 0x0000, 0x0000, 0x0000, 0x0000, 0x0000, 0x0000, 0x0000, 0x0000, 0x0000,
  0x0000, 0x0000, 0x0000, 0x0000, 0x0000, 0x0000, 0x0000, 0x0000, 0x0000, 0x0000, 0x0000, 0x0000,
  0x0000, 0x0000, 0x0000, 0x0000, 0x0000, 0x0000, 0x0000, 0x0000, 0x0000, 0x0000, 0x0000, 0x0000,
  0x0000, 0x0000, 0x0000, 0x0000, 0x0000, 0x0000, 0x0000, 0x0000, 0x0000, 0x0000, 0x0000, 0x0000,
  0x0000, 0x0000, 0x0000, 0x0000, 0x0000, 0x0000, 0x0000, 0x0000, 0x0000, 0x0000, 0x0000, 0x0000,
  0x0000, 0x0000, 0x0000, 0x0000, 0x0000, 0x0000, 0x0000, 0x0000, 0x0000, 0x0000, 0x0000, 0x0000,
  0x0000, 0x0000, 0x0000, 0x0000, 0x0000, 0x0000, 0x0000, 0x0000, 0x0000, 0x0000, 0x0000, 0x0000,
  0x0000, 0x18A1, 0xDD09, 0xF5AB, 0xD4E8, 0x1040, 0x0000, 0x0000, 0x0000, 0x0000, 0x0000, 0x0000,
  0x0000, 0x0000, 0x82C4, 0xFDA9, 0xFDA9, 0x59E3, 0x0000, 0x0000, 0x0000, 0x0000, 0x0000, 0x0000,
  0x0000, 0x0000, 0x0000, 0x0000, 0x0000, 0x0000, 0x2902, 0x9BC7, 0xFE6C, 0xC4A9, 0x51C3, 0xC4AA,
  0x9BA8, 0x51E3, 0x72A5, 0xD4E9, 0x5A23, 0x51E3, 0x8326, 0xFE8E, 0xEE0E, 0x5204, 0x0000, 0x0000,
  0x0020, 0x0040, 0x0040, 0x0060, 0x0080, 0x00A0, 0x00C0, 0x0100, 0x01C0, 0x65CE, 0xA736, 0x1AA3,
  0x0A41, 0x8672, 0x9F14, 0x1342, 0x7E10, 0x6E2F, 0x8EF3, 0x2B85, 0x2344, 0xB778, 0x658D, 0x0200,
  0x0120, 0x00C0, 0x00A0, 0x0080, 0x0060, 0x0040, 0x0020, 0x0020, 0x0040, 0x0860, 0x83A9, 0xFF11,
  0xD56C, 0x49E4, 0xB48A, 0x8347, 0x72C5, 0xCCEB, 0x5204, 0xBCAA, 0x93A8, 0x6244, 0xF5EB, 0xF5CC,
  0x5A24, 0x0020, 0x0000, 0x0000, 0x0000, 0x0000, 0x0000, 0x0000, 0x0000, 0x0000, 0x0000, 0x0000,
  0x0000, 0x2902, 0xF62D, 0xFEAE, 0xC4EB, 0x0000, 0x0000, 0x0000, 0x0000, 0x0000, 0x0000, 0x0000,
  0x0000, 0x18A1, 0xEDCC, 0xFE6D, 0xE56B, 0x1060, 0x0000, 0x0000, 0x0000, 0x0000, 0x0000, 0x0000,
  0x0000, 0x0000, 0x0000, 0x0000, 0x0000, 0x0000, 0x0000, 0x0000, 0x0000, 0x0000, 0x0000, 0x0000,
  0x0000, 0x0000, 0x0000, 0x0000, 0x0000, 0x0000, 0x0000, 0x0000, 0x0000, 0x0000, 0x0000, 0x0000,
  0x0000, 0x0000, 0x0000, 0x0000, 0x0000, 0x0000, 0x0000, 0x0000, 0x0000, 0x0000, 0x0000, 0x0000,
  0x0000, 0x0000, 0x0000, 0x0000, 0x0000, 0x0000, 0x0000, 0x0000, 0x0000, 0x0000, 0x0000, 0x0000,
  0x0000, 0x0000, 0x0000, 0x0000, 0x0000, 0x0000, 0x0000, 0x0000, 0x0000, 0x0000, 0x0000, 0x0000,
  0x0000, 0x0000, 0x0000, 0x0000, 0x0000, 0x0000, 0x0000, 0x0000, 0x0000, 0x0000, 0x0000, 0x0000,
  0x0000, 0x0000, 0x0000, 0x0000, 0x0000, 0x0000, 0x0000, 0x0000, 0x0000, 0x0000, 0x0000, 0x0000,
  0x0000, 0x0000, 0x0000, 0x0000, 0x0000, 0x0000, 0x0000, 0x0000, 0x0000, 0x0000, 0x0000, 0x0000,
  0x0000, 0x0000, 0x0000, 0x0000, 0x0000, 0x0000, 0x0000, 0x0000, 0x0000, 0x0000, 0x0000, 0x0000,
  0x0000, 0x0000, 0x0000, 0x0000, 0x0000, 0x0000, 0x0000, 0x0000, 0x0000, 0x0000, 0x0000, 0x0000,
  0x0000, 0x0000, 0x0000, 0x0000, 0x0000, 0x0000, 0x0000, 0x0000, 0x0000, 0x0000, 0x0000, 0x0000,
  0x0000, 0x0000, 0x0000, 0x0000, 0x0000, 0x0000, 0x0000, 0x0000, 0x0000, 0x0000, 0x0000, 0x0000,
  0x0000, 0x0000, 0x0000, 0x0000, 0x0000, 0x0000, 0x0000, 0x0000, 0x0000, 0x0000, 0x0000, 0x0000,
  0x0000, 0x0000, 0x0000, 0x0000, 0x0000, 0x0000, 0x0000, 0x0000, 0x0000, 0x0000, 0x0000, 0x0000,
  0x0000, 0x0000, 0x0000, 0x0000, 0x0000, 0x0000, 0x0000, 0x0000, 0x0000, 0x0000, 0x0000, 0x0000,
  0x0000, 0x0000, 0x0000, 0x0000, 0x0000, 0x0000, 0x0000, 0x0000, 0x0000, 0x82E5, 0xFDCB, 0xFDCA,
  0x6A63, 0x0000, 0x0000, 0x0000, 0x0000, 0x0000, 0x0000, 0x0000, 0x0000, 0x0000, 0x1860, 0xE507,
  0xFDEA, 0xC467, 0x0000, 0x0000, 0x0000, 0x0000, 0x0000, 0x0000, 0x0000, 0x0000, 0x0000, 0x0000,
  0x0000, 0x0000, 0x0000, 0x6264, 0xFECD, 0xA3E8, 0x0000, 0x93A7, 0x5204, 0x0000, 0x20C1, 0xC489,
  0x0000, 0x0000, 0x3983, 0xFEAE, 0xD56B, 0x0000, 0x0000, 0x0020, 0x0020, 0x0040, 0x0040, 0x0060,
  0x0080, 0x00A0, 0x00C0, 0x00E0, 0x09A1, 0x4C4A, 0x548B, 0x2304, 0x12C2, 0x550C, 0x5D0C, 0x1B23,
  0x0A81, 0x54EC, 0x3427, 0x0200, 0x3406, 0x5CEC, 0x548B, 0x09A1, 0x00C0, 0x00C0, 0x00A0, 0x0080,
  0x0060, 0x0040, 0x0020, 0x0020, 0x0040, 0x0000, 0x49E4, 0xFF0F, 0xBCA9, 0x0000, 0x93C9, 0x41C4,
  0x28E2, 0xAC49, 0x0000, 0x8B87, 0x5224, 0x0020, 0xF60D, 0xE5AC, 0x0020, 0x0000, 0x0000, 0x0000,
  0x0000, 0x0000, 0x0000, 0x0000, 0x0000, 0x0000, 0x0000, 0x0000, 0x0000, 0x93A8, 0xFEAE, 0xFE6E,
  0x5204, 0x0000, 0x0000, 0x0000, 0x0000, 0x0000, 0x0000, 0x0000, 0x0000, 0x0000, 0x8B66, 0xFE8D,
  0xFE8D, 0x72A5, 0x0000, 0x0000, 0x0000, 0x0000, 0x0000, 0x0000, 0x0000, 0x0000, 0x0000, 0x0000,
  0x0000, 0x0000, 0x0000, 0x0000, 0x0000, 0x0000, 0x0000, 0x0000, 0x0000, 0x0000, 0x0000, 0x0000,
  0x0000, 0x0000, 0x0000, 0x0000, 0x0000, 0x0000, 0x0000, 0x0000, 0x0000, 0x0000, 0x0000, 0x0000,
  0x0000, 0x0000, 0x0000, 0x0000, 0x0000, 0x0000, 0x0000, 0x0000, 0x0000, 0x0000, 0x0000, 0x0000,
  0x0000, 0x0000, 0x0000, 0x0000, 0x0000, 0x0000, 0x0000, 0x0000, 0x0000, 0x0000, 0x0000, 0x0000,
  0x0000, 0x0000, 0x0000, 0x0000, 0x0000, 0x0000, 0x0000, 0x0000, 0x0000, 0x0000, 0x0000, 0x0000,
  0x0000, 0x0000, 0x0000, 0x0000, 0x0000, 0x0000, 0x0000, 0x0000, 0x0000, 0x0000, 0x0000, 0x0000,
  0x0000, 0x0000, 0x0000, 0x0000, 0x0000, 0x0000, 0x0000, 0x0000, 0x0000, 0x0000, 0x0000, 0x0000,
  0x0000, 0x0000, 0x0000, 0x0000, 0x0000, 0x0000, 0x0000, 0x0000, 0x0000, 0x0000, 0x0000, 0x0000,
  0x0000, 0x0000, 0x0000, 0x0000, 0x0000, 0x0000, 0x0000, 0x0000, 0x0000, 0x0000, 0x0000, 0x0000,
  0x0000, 0x0000, 0x0000, 0x0000, 0x0000, 0x0000, 0x0000, 0x0000, 0x0000, 0x0000, 0x0000, 0x0000,
  0x0000, 0x0000, 0x0000, 0x0000, 0x0000, 0x0000, 0x0000, 0x0000, 0x0000, 0x0000, 0x0000, 0x0000,
  0x0000, 0x0000, 0x0000, 0x0000, 0x0000, 0x0000, 0x0000, 0x0000, 0x0000, 0x0000, 0x0000, 0x0000,
  0x0000, 0x0000, 0x0000, 0x0000, 0x0000, 0x0000, 0x0000, 0x0000, 0x0000, 0x0000, 0x0000, 0x0000,
  0x0000, 0x0000, 0x0000, 0x0000, 0x0000, 0x0000, 0x0000, 0x0000, 0x0000, 0x0000, 0x0000, 0x0000,
  0x0000, 0x0000, 0x0000, 0x0000, 0x0000, 0x0000, 0x0000, 0x0000, 0x0000, 0x0000, 0x0000, 0x0000,
  0x0000, 0x0000, 0x0000, 0x0000, 0x18A1, 0xDCE8, 0xF58A, 0xCCA8, 0x0820, 0x0000, 0x0000, 0x0000,
  0x0000, 0x0000, 0x0000, 0x0000, 0x0000, 0x0000, 0x0000, 0x9365, 0xFDEA, 0xFDEA, 0x49C3, 0x0000,
  0x0000, 0x0000, 0x0000, 0x0000, 0x0000, 0x0000, 0x0000, 0x0000, 0x0000, 0x0000, 0x0000, 0x72C5,
  0xFEEE, 0xA428, 0x0000, 0x9BC7, 0x6244, 0x0000, 0x3122, 0xCD0A, 0x1060, 0x0000, 0x49C3, 0xFE6C,
  0xD529, 0x0840, 0x0000, 0x0020, 0x0020, 0x0040, 0x0040, 0x0060, 0x0080, 0x00A0, 0x00C0, 0x0100,
  0x0140, 0x00E0, 0x0160, 0x01E0, 0x01E0, 0x0180, 0x0180, 0x01A0, 0x01A0, 0x0180, 0x0200, 0x0260,
  0x01C0, 0x0160, 0x00C0, 0x00E0, 0x00E0, 0x00C0, 0x00A0, 0x0080, 0x0060, 0x0040, 0x0020, 0x0020,
  0x0020, 0x0000, 0x5225, 0xFF10, 0xC4EA, 0x0000, 0xA44A, 0x5245, 0x3142, 0xB489, 0x0000, 0x9387,
  0x6265, 0x18A1, 0xFE4E, 0xEDCD, 0x1081, 0x0000, 0x0000, 0x0000, 0x0000, 0x0000, 0x0000, 0x0000,
  0x0000, 0x0000, 0x0000, 0x0000, 0x18A1, 0xEDED, 0xFEAF, 0xD54B, 0x0820, 0x0000, 0x0000, 0x0000,
  0x0000, 0x0000, 0x0000, 0x0000, 0x0000, 0x0000, 0x20C1, 0xF60C, 0xFE6D, 0xDD6B, 0x0840, 0x0000,
  0x0000, 0x0000, 0x0000, 0x0000, 0x0000, 0x0000, 0x0000, 0x0000, 0x0000, 0x0000, 0x0000, 0x0000,
  0x0000, 0x0000, 0x0000, 0x0000, 0x0000, 0x0000, 0x0000, 0x0000, 0x0000, 0x0000, 0x0000, 0x0000,
  0x0000, 0x0000, 0x0000, 0x0000, 0x0000, 0x0000, 0x0000, 0x0000, 0x0000, 0x0000, 0x0000, 0x0000,
  0x0000, 0x0000, 0x0000, 0x0000, 0x0000, 0x0000, 0x0000, 0x0000, 0x0000, 0x0000, 0x0000, 0x0000,
  0x0000, 0x0000, 0x0000, 0x0000, 0x0000, 0x0000, 0x0000, 0x0000, 0x0000, 0x0000, 0x0000, 0x0000,
  0x0000, 0x0000, 0x0000, 0x0000, 0x0000, 0x0000, 0x0000, 0x0000, 0x0000, 0x0000, 0x0000, 0x0000,
  0x0000, 0x0000, 0x0000, 0x0000, 0x0000, 0x0000, 0x0000, 0x0000, 0x0000, 0x0000, 0x0000, 0x0000,
  0x0000, 0x0000, 0x0000, 0x0000, 0x0000, 0x0000, 0x0000, 0x0000, 0x0000, 0x0000, 0x0000, 0x0000,
  0x0000, 0x0000, 0x0000, 0x0000, 0x0000, 0x0000, 0x0000, 0x0000, 0x0000, 0x0000, 0x0000, 0x0000,
  0x0000, 0x0000, 0x0000, 0x0000, 0x0000, 0x0000, 0x0000, 0x0000, 0x0000, 0x0000, 0x0000, 0x0000,
  0x0000, 0x0000, 0x0000, 0x0000, 0x0000, 0x0000, 0x0000, 0x0000, 0x0000, 0x0000, 0x0000, 0x0000,
  0x0000, 0x0000, 0x0000, 0x0000, 0x0000, 0x0000, 0x0000, 0x0000, 0x0000, 0x0000, 0x0000, 0x0000,
  0x0000, 0x0000, 0x0000, 0x0000, 0x0000, 0x0000, 0x0000, 0x0000, 0x0000, 0x0000, 0x0000, 0x0000,
  0x0000, 0x0000, 0x0000, 0x0000, 0x0000, 0x0000, 0x0000, 0x0000, 0x0000, 0x0000, 0x0000, 0x0000,
  0x0000, 0x0000, 0x0000, 0x0000, 0x0000, 0x0000, 0x0000, 0x0000, 0x0000, 0x0000, 0x0000, 0x0000,
  0x0000, 0x0000, 0x0000, 0x0000, 0x0000, 0x0000, 0x0000, 0x0000, 0x0000, 0x0000, 0x0000, 0x0000,
  0x82E4, 0xF569, 0xF589, 0x6243, 0x0000, 0x0000, 0x0000, 0x0000, 0x0000, 0x0000, 0x0000, 0x0000,
  0x0000, 0x0000, 0x0000, 0x3121, 0xF5CA, 0xFE2B, 0xB427, 0x0000, 0x0000, 0x0000, 0x0000, 0x0000,
  0x0000, 0x0000, 0x0000, 0x0000, 0x0000, 0x0000, 0x0000, 0x72C5, 0xFF0E, 0xAC28, 0x0000, 0x9BE8,
  0x6265, 0x0000, 0x3122, 0xCD0B, 0x0840, 0x0000, 0x41C3, 0xFE6C, 0xD529, 0x0840, 0x0000, 0x0020,
  0x0020, 0x0020, 0x0040, 0x0060, 0x0080, 0x00A0, 0x00C0, 0x0100, 0x01A0, 0x652D, 0x5D2C, 0x01C0,
  0x1AE3, 0x7E10, 0x7E10, 0x1282, 0x0AA2, 0x85F1, 0x3407, 0x01C0, 0x3C28, 0x8E53, 0x5CED, 0x0160,
  0x0100, 0x00C0, 0x00A0, 0x0080, 0x0060, 0x0040, 0x0020, 0x0020, 0x0020, 0x0000, 0x5225, 0xFF31,
  0xC50B, 0x0000, 0xA44A, 0x5225, 0x3122, 0xB489, 0x0000, 0x93A8, 0x6265, 0x10A1, 0xFE6F, 0xEDCD,
  0x1061, 0x0000, 0x0000, 0x0000, 0x0000, 0x0000, 0x0000, 0x0000, 0x0000, 0x0000, 0x0000, 0x0000,
  0x7327, 0xFEF0, 0xFED0, 0x6AC6, 0x0000, 0x0000, 0x0000, 0x0000, 0x0000, 0x0000, 0x0000, 0x0000,
  0x0000, 0x0000, 0x0000, 0x93A7, 0xFE8D, 0xFE8D, 0x6A85, 0x0000, 0x0000, 0x0000, 0x0000, 0x0000,
  0x0000, 0x0000, 0x0000, 0x0000, 0x0000, 0x0000, 0x0000, 0x0000, 0x0000, 0x0000, 0x0000, 0x0000,
  0x0000, 0x0000, 0x0000, 0x0000, 0x0000, 0x0000, 0x0000, 0x0000, 0x0000, 0x0000, 0x0000, 0x0000,
  0x0000, 0x0000, 0x0000, 0x0000, 0x0000, 0x0000, 0x0000, 0x0000, 0x0000, 0x0000, 0x0000, 0x0000,
  0x0000, 0x0000, 0x0000, 0x0000, 0x0000, 0x0000, 0x0000, 0x0000, 0x0000, 0x0000, 0x0000, 0x0000,
  0x0000, 0x0000, 0x0000, 0x0000, 0x0000, 0x0000, 0x0000, 0x0000, 0x0000, 0x0000, 0x0000, 0x0000,
  0x0000, 0x0000, 0x0000, 0x0000, 0x0000, 0x0000, 0x0000, 0x0000, 0x0000, 0x0000, 0x0000, 0x0000,
  0x0000, 0x0000, 0x0000, 0x0000, 0x0000, 0x0000, 0x0000, 0x0000, 0x0000, 0x0000, 0x0000, 0x0000,
  0x0000, 0x0000, 0x0000, 0x0000, 0x0000, 0x0000, 0x0000, 0x0000, 0x0000, 0x0000, 0x0000, 0x0000,
  0x0000, 0x0000, 0x0000, 0x0000, 0x0000, 0x0000, 0x0000, 0x0000, 0x0000, 0x0000, 0x0000, 0x0000,
  0x0000, 0x0000, 0x0000, 0x0000, 0x0000, 0x0000, 0x0000, 0x0000, 0x0000, 0x0000, 0x0000, 0x0000,
  0x0000, 0x0000, 0x0000, 0x0000, 0x0000, 0x0000, 0x0000, 0x0000, 0x0000, 0x0000, 0x0000, 0x0000,
  0x0000, 0x0000, 0x0000, 0x0000, 0x0000, 0x0000, 0x0000, 0x0000, 0x0000, 0x0000, 0x0000, 0x0000,
  0x0000, 0x0000, 0x0000, 0x0000, 0x0000, 0x0000, 0x0000, 0x0000, 0x0000, 0x0000, 0x0000, 0x0000,
  0x0000, 0x0000, 0x0000, 0x0000, 0x0000, 0x0000, 0x0000, 0x0000, 0x0000, 0x0000, 0x0000, 0x0000,
  0x0000, 0x0000, 0x0000, 0x0000, 0x0000, 0x0000, 0x0000, 0x0000, 0x0000, 0x0000, 0x0000, 0x0000,
  0x0000, 0x0000, 0x0000, 0x0000, 0x0000, 0x0000, 0x0000, 0x20A0, 0xDCE8, 0xED69, 0xD4A8, 0x0840,
  0x0000, 0x0000, 0x0000, 0x0000, 0x0000, 0x0000, 0x0000, 0x0000, 0x0000, 0x0000, 0x0000, 0x0000,
  0xB406, 0xFE2B, 0xF5CA, 0x3121, 0x0000, 0x0000, 0x0000, 0x0000, 0x0000, 0x0000, 0x0000, 0x0000,
  0x0000, 0x0000, 0x0000, 0x72C5, 0xFEED, 0xA428, 0x0000, 0xA3E8, 0x6244, 0x0000, 0x2902, 0xCCCA,
  0x0840, 0x0000, 0x41A3, 0xFE8C, 0xDD6B, 0x0840, 0x0000, 0x0000, 0x0020, 0x0040, 0x0040, 0x0060,
  0x0080, 0x00A0, 0x00E0, 0x0120, 0x0221, 0x7610, 0x8E52, 0x0160, 0x6D8F, 0x5D8D, 0x65CF, 0x654E,
  0x12E2, 0xAF37, 0x548A, 0x01C0, 0x9EF5, 0x3427, 0x8ED4, 0x2304, 0x00E0, 0x00E0, 0x00A0, 0x0080,
  0x0060, 0x0040, 0x0020, 0x0020, 0x0020, 0x0000, 0x5245, 0xFF51, 0xC50B, 0x0000, 0xA44A, 0x5225,
  0x2922, 0xB489, 0x0000, 0x93C8, 0x6285, 0x10A1, 0xFE6E, 0xE5CD, 0x1060, 0x0000, 0x0000, 0x0000,
  0x0000, 0x0000, 0x0000, 0x0000, 0x0000, 0x0000, 0x0000, 0x0840, 0xDDCE, 0xFF11, 0xE5EE, 0x1060,
  0x0000, 0x0000, 0x0000, 0x0000, 0x0000, 0x0000, 0x0000, 0x0000, 0x0000, 0x0000, 0x0000, 0x20E1,
  0xF60C, 0xFE8D, 0xDD4A, 0x0840, 0x0000, 0x0000, 0x0000, 0x0000, 0x0000, 0x0000, 0x0000, 0x0000,
  0x0000, 0x0000, 0x0000, 0x0000, 0x0000, 0x0000, 0x0000, 0x0000, 0x0000, 0x0000, 0x0000, 0x0000,
  0x0000, 0x0000, 0x0000, 0x0000, 0x0000, 0x0000, 0x0000, 0x0000, 0x0000, 0x0000, 0x0000, 0x0000,
  0x0000, 0x0000, 0x0000, 0x0000, 0x0000, 0x0000, 0x0000, 0x0000, 0x0000, 0x0000, 0x0000, 0x0000,
  0x0000, 0x0000, 0x0000, 0x0000, 0x0000, 0x0000, 0x0000, 0x0000, 0x0000, 0x0000, 0x0000, 0x0000,
  0x0000, 0x0000, 0x0000, 0x0000, 0x0000, 0x0000, 0x0000, 0x0000, 0x0000, 0x0000, 0x0000, 0x0000,
  0x0000, 0x0000, 0x0000, 0x0000, 0x0000, 0x0000, 0x0000, 0x0000, 0x0000, 0x0000, 0x0000, 0x0000,
  0x0000, 0x0000, 0x0000, 0x0000, 0x0000, 0x0000, 0x0000, 0x0000, 0x0000, 0x0000, 0x0000, 0x0000,
  0x0000, 0x0000, 0x0000, 0x0000, 0x0000, 0x0000, 0x0000, 0x0000, 0x0000, 0x0000, 0x0000, 0x0000,
  0x0000, 0x0000, 0x0000, 0x0000, 0x0000, 0x0000, 0x0000, 0x0000, 0x0000, 0x0000, 0x0000, 0x0000,
  0x0000, 0x0000, 0x0000, 0x0000, 0x0000, 0x0000, 0x0000, 0x0000, 0x0000, 0x0000, 0x0000, 0x0000,
  0x0000, 0x0000, 0x0000, 0x0000, 0x0000, 0x0000, 0x0000, 0x0000, 0x0000, 0x0000, 0x0000, 0x0000,
  0x0000, 0x0000, 0x0000, 0x0000, 0x0000, 0x0000, 0x0000, 0x0000, 0x0000, 0x0000, 0x0000, 0x0000,
  0x0000, 0x0000, 0x0000, 0x0000, 0x0000, 0x0000, 0x0000, 0x0000, 0x0000, 0x0000, 0x0000, 0x0000,
  0x0000, 0x0000, 0x0000, 0x0000, 0x0000, 0x0000, 0x0000, 0x0000, 0x0000, 0x0000, 0x0000, 0x0000,
  0x0000, 0x0000, 0x0000, 0x0000, 0x0000, 0x0000, 0x0000, 0x0000, 0x0000, 0x0000, 0x0000, 0x0000,
  0x0000, 0x0000, 0x0000, 0x8B05, 0xF569, 0xF589, 0x6A43, 0x0000, 0x0000, 0x0000, 0x0000, 0x0000,
  0x0000, 0x0000, 0x0000, 0x0000, 0x0000, 0x0000, 0x0000, 0x0000, 0x4182, 0xFDEA, 0xFE0A, 0x9B86,
  0x0000, 0x0000, 0x0000, 0x0000, 0x0000, 0x0000, 0x0000, 0x0000, 0x0000, 0x0000, 0x0000, 0x72C5,
  0xFEED, 0xA407, 0x0000, 0xA3E8, 0x6244, 0x0000, 0x2901, 0xC4A9, 0x0840, 0x0000, 0x41A3, 0xFEAD,
  0xDD8B, 0x0840, 0x0000, 0x0000, 0x0020, 0x0020, 0x0040, 0x0060, 0x0080, 0x00A0, 0x00E0, 0x0160,
  0x01C0, 0x23A4, 0x75D0, 0x0120, 0x7E31, 0x3487, 0x44CA, 0x7E31, 0x01A0, 0x658D, 0x4409, 0x01A0,
  0x96D4, 0x02A0, 0x7E51, 0x33A6, 0x0100, 0x00E0, 0x00A0, 0x0080, 0x0060, 0x0040, 0x0020, 0x0020,
  0x0020, 0x0000, 0x5245, 0xFF52, 0xBD0B, 0x0000, 0xA44A, 0x5225, 0x2902, 0xB469, 0x0000, 0x93C8,
  0x6285, 0x1081, 0xFE6E, 0xEDCD, 0x1061, 0x0000, 0x0000, 0x0000, 0x0000, 0x0000, 0x0000, 0x0000,
  0x0000, 0x0000, 0x0000, 0x6286, 0xFED0, 0xFEF0, 0x8367, 0x0000, 0x0000, 0x0000, 0x0000, 0x0000,
  0x0000, 0x0000, 0x0000, 0x0000, 0x0000, 0x0000, 0x0000, 0x0000, 0x93A7, 0xFE8D, 0xFE6C, 0x6A64,
  0x0000, 0x0000, 0x0000, 0x0000, 0x0000, 0x0000, 0x0000, 0x0000, 0x0000, 0x0000, 0x0000, 0x0000,
  0x0000, 0x0000, 0x0000, 0x0000, 0x0000, 0x0000, 0x0000, 0x0000, 0x0000, 0x0000, 0x0000, 0x0000,
  0x0000, 0x0000, 0x0000, 0x0000, 0x0000, 0x0000, 0x0000, 0x0000, 0x0000, 0x0000, 0x0000, 0x0000,
  0x0000, 0x0000, 0x0000, 0x0000, 0x0000, 0x0000, 0x0000, 0x0000, 0x0000, 0x0000, 0x0000, 0x0000,
  0x0000, 0x0000, 0x0000, 0x0000, 0x0000, 0x0000, 0x0000, 0x0000, 0x0000, 0x0000, 0x0000, 0x0000,
  0x0000, 0x0000, 0x0000, 0x0000, 0x0000, 0x0000, 0x0000, 0x0000, 0x0000, 0x0000, 0x0000, 0x0000,
  0x0000, 0x0000, 0x0000, 0x0000, 0x0000, 0x0000, 0x0000, 0x0000, 0x0000, 0x0000, 0x0000, 0x0000,
  0x0000, 0x0000, 0x0000, 0x0000, 0x0000, 0x0000, 0x0000, 0x0000, 0x0000, 0x0000, 0x0000, 0x0000,
  0x0000, 0x0000, 0x0000, 0x0000, 0x0000, 0x0000, 0x0000, 0x0000, 0x0000, 0x0000, 0x0000, 0x0000,
  0x0000, 0x0000, 0x0000, 0x0000, 0x0000, 0x0000, 0x0000, 0x0000, 0x0000, 0x0000, 0x0000, 0x0000,
  0x0000, 0x0000, 0x0000, 0x0000, 0x0000, 0x0000, 0x0000, 0x0000, 0x0000, 0x0000, 0x0000, 0x0000,
  0x0000, 0x0000, 0x0000, 0x0000, 0x0000, 0x0000, 0x0000, 0x0000, 0x0000, 0x0000, 0x0000, 0x0000,
  0x0000, 0x0000, 0x0000, 0x0000, 0x0000, 0x0000, 0x0000, 0x0000, 0x0000, 0x0000, 0x0000, 0x0000,
  0x0000, 0x0000, 0x0000, 0x0000, 0x0000, 0x0000, 0x0000, 0x0000, 0x0000, 0x0000, 0x0000, 0x0000,
  0x0000, 0x0000, 0x0000, 0x0000, 0x0000, 0x0000, 0x0000, 0x0000, 0x0000, 0x0000, 0x0000, 0x0000,
  0x0000, 0x0000, 0x0000, 0x0000, 0x0000, 0x0000, 0x0000, 0x0000, 0x0000, 0x0000, 0x20C1, 0xDD08,
  0xED69, 0xCC87, 0x0840, 0x0000, 0x0000, 0x0000, 0x0000, 0x0000, 0x0000, 0x0000, 0x0000, 0x0000,
  0x0000, 0x0000, 0x0000, 0x0000, 0x0000, 0xBC67, 0xFE0A, 0xED69, 0x18A1, 0x0000, 0x0000, 0x0000,
  0x0000, 0x0000, 0x0000, 0x0000, 0x0000, 0x0000, 0x0000, 0x72C5, 0xFF0D, 0xA407, 0x0000, 0xA409,
  0x6265, 0x0000, 0x28E1, 0xC4A9, 0x0840, 0x0000, 0x49C3, 0xFEAE, 0xDD8B, 0x0840, 0x0000, 0x0000,
  0x0020, 0x0020, 0x0040, 0x0060, 0x0080, 0x00A0, 0x00E0, 0x0140, 0x0201, 0x65AE, 0xA736, 0x1AC3,
  0x5CEC, 0x8ED3, 0x96F4, 0x4CCB, 0x12E3, 0x9F15, 0x7E11, 0x0221, 0x8631, 0x760F, 0x9F15, 0x1B03,
  0x0140, 0x00C0, 0x00A0, 0x0080, 0x0060, 0x0040, 0x0020, 0x0020, 0x0020, 0x0000, 0x5246, 0xFF52,
  0xBCEB, 0x0000, 0xA46A, 0x5225, 0x2902, 0xB48A, 0x0000, 0x93E9, 0x6286, 0x10A1, 0xFE6F, 0xEDCD,
  0x1061, 0x0000, 0x0000, 0x0000, 0x0000, 0x0000, 0x0000, 0x0000, 0x0000, 0x0000, 0x0020, 0xCD4C,
  0xFEAF, 0xEE0D, 0x18C1, 0x0000, 0x0000, 0x0000, 0x0000, 0x0000, 0x0000, 0x0000, 0x0000, 0x0000,
  0x0000, 0x0000, 0x0000, 0x0000, 0x28E1, 0xF62C, 0xFE6D, 0xDD4A, 0x0840, 0x0000, 0x0000, 0x0000,
  0x0000, 0x0000, 0x0000, 0x0000, 0x0000, 0x0000, 0x0000, 0x0000, 0x0000, 0x0000, 0x0000, 0x0000,
  0x0000, 0x0000, 0x0000, 0x0000, 0x0000, 0x0000, 0x0000, 0x0000, 0x0000, 0x0000, 0x0000, 0x0000,
  0x0000, 0x0000, 0x0000, 0x0000, 0x0000, 0x0000, 0x0000, 0x0000, 0x0000, 0x0000, 0x0000, 0x0000,
  0x0000, 0x0000, 0x0000, 0x0000, 0x0000, 0x0000, 0x0000, 0x0000, 0x0000, 0x0000, 0x0000, 0x0000,
  0x0000, 0x0000, 0x0000, 0x0000, 0x0000, 0x0000, 0x0000, 0x0000, 0x0000, 0x0000, 0x0000, 0x0000,
  0x0000, 0x0000, 0x0000, 0x0000, 0x0000, 0x0000, 0x0000, 0x0000, 0x0000, 0x0000, 0x0000, 0x0000,
  0x0000, 0x0000, 0x0000, 0x0000, 0x0000, 0x0000, 0x0000, 0x0000, 0x0000, 0x0000, 0x0000, 0x0000,
  0x0000, 0x0000, 0x0000, 0x0000, 0x0000, 0x0000, 0x0000, 0x0000, 0x0000, 0x0000, 0x0000, 0x0000,
  0x0000, 0x0000, 0x0000, 0x0000, 0x0000, 0x0000, 0x0000, 0x0000, 0x0000, 0x0000, 0x0000, 0x0000,
  0x0000, 0x0000, 0x0000, 0x0000, 0x0000, 0x0000, 0x0000, 0x0000, 0x0000, 0x0000, 0x0000, 0x0000,
  0x0000, 0x0000, 0x0000, 0x0000, 0x0000, 0x0000, 0x0000, 0x0000, 0x0000, 0x0000, 0x0000, 0x0000,
  0x0000, 0x0000, 0x0000, 0x0000, 0x0000, 0x0000, 0x0000, 0x0000, 0x0000, 0x0000, 0x0000, 0x0000,
  0x0000, 0x0000, 0x0000, 0x0000, 0x0000, 0x0000, 0x0000, 0x0000, 0x0000, 0x0000, 0x0000, 0x0000,
  0x0000, 0x0000, 0x0000, 0x0000, 0x0000, 0x0000, 0x0000, 0x0000, 0x0000, 0x0000, 0x0000, 0x0000,
  0x0000, 0x0000, 0x0000, 0x0000, 0x0000, 0x0000, 0x0000, 0x0000, 0x0000, 0x0000, 0x0000, 0x0000,
  0x0000, 0x0000, 0x0000, 0x0000, 0x0000, 0x0000, 0x9345, 0xF5AA, 0xFDAA, 0x6243, 0x0000, 0x0000,
  0x0000, 0x0000, 0x0000, 0x0000, 0x0000, 0x0000, 0x0000, 0x0000, 0x0000, 0x0000, 0x0000, 0x0000,
  0x0000, 0x5A03, 0xFDEA, 0xFE0A, 0x8305, 0x0000, 0x0000, 0x0000, 0x0000, 0x0000, 0x0000, 0x0000,
  0x0000, 0x0000, 0x0000, 0x72C5, 0xFEED, 0xA427, 0x0000, 0xA429, 0x6285, 0x0000, 0x28E1, 0xC4A9,
  0x0860, 0x0000, 0x49C3, 0xFEAD, 0xDD6B, 0x0840, 0x0000, 0x0000, 0x0020, 0x0020, 0x0040, 0x0060,
  0x0080, 0x00A0, 0x00C0, 0x0100, 0x09C1, 0x440A, 0x544B, 0x2345, 0x0260, 0x4CAA, 0x4489, 0x0220,
  0x1AE3, 0x544B, 0x4C4A, 0x0A41, 0x1282, 0x5CEC, 0x2BC6, 0x01C0, 0x0120, 0x00C0, 0x00A0, 0x0080,
  0x0060, 0x0040, 0x0020, 0x0020, 0x0020, 0x0000, 0x5245, 0xFF51, 0xBCEA, 0x0000, 0x9C4A, 0x5245,
  0x2922, 0xB48A, 0x0000, 0x93E9, 0x6286, 0x1081, 0xF66F, 0xEDCD, 0x1061, 0x0000, 0x0000, 0x0000,
  0x0000, 0x0000, 0x0000, 0x0000, 0x0000, 0x0000, 0x49E4, 0xFE8F, 0xFEAF, 0x9BC8, 0x0000, 0x0000,
  0x0000, 0x0000, 0x0000, 0x0000, 0x0000, 0x0000, 0x0000, 0x0000, 0x0000, 0x0000, 0x0000, 0x0000,
  0x0000, 0x9BC7, 0xFE6C, 0xFE4C, 0x6244, 0x0000, 0x0000, 0x0000, 0x0000, 0x0000, 0x0000, 0x0000,
  0x0000, 0x0000, 0x0000, 0x0000, 0x0000, 0x0000, 0x0000, 0x0000, 0x0000, 0x0000, 0x0000, 0x0000,
  0x0000, 0x0000, 0x0000, 0x0000, 0x0000, 0x0000, 0x0000, 0x0000, 0x0000, 0x0000, 0x0000, 0x0000,
  0x0000, 0x0000, 0x0000, 0x0000, 0x0000, 0x0000, 0x0000, 0x0000, 0x0000, 0x0000, 0x0000, 0x0000,
  0x0000, 0x0000, 0x0000, 0x0000, 0x0000, 0x0000, 0x0000, 0x0000, 0x0000, 0x0000, 0x0000, 0x0000,
  0x0000, 0x0000, 0x0000, 0x0000, 0x0000, 0x0000, 0x0000, 0x0000, 0x0000, 0x0000, 0x0000, 0x0000,
  0x0000, 0x0000, 0x0000, 0x0000, 0x0000, 0x0000, 0x0000, 0x0000, 0x0000, 0x0000, 0x0000, 0x0000,
  0x0000, 0x0000, 0x0000, 0x0000, 0x0000, 0x0000, 0x0000, 0x0000, 0x0000, 0x0000, 0x0000, 0x0000,
  0x0000, 0x0000, 0x0000, 0x0000, 0x0000, 0x0000, 0x0000, 0x0000, 0x0000, 0x0000, 0x0000, 0x0000,
  0x0000, 0x0000, 0x0000, 0x0000, 0x0000, 0x0000, 0x0000, 0x0000, 0x0000, 0x0000, 0x0000, 0x0000,
  0x0000, 0x0000, 0x0000, 0x0000, 0x0000, 0x0000, 0x0000, 0x0000, 0x0000, 0x0000, 0x0000, 0x0000,
  0x0000, 0x0000, 0x0000, 0x0000, 0x0000, 0x0000, 0x0000, 0x0000, 0x0000, 0x0000, 0x0000, 0x0000,
  0x0000, 0x0000, 0x0000, 0x0000, 0x0000, 0x0000, 0x0000, 0x0000, 0x0000, 0x0000, 0x0000, 0x0000,
  0x0000, 0x0000, 0x0000, 0x0000, 0x0000, 0x0000, 0x0000, 0x0000, 0x0000, 0x0000, 0x0000, 0x0000,
  0x0000, 0x0000, 0x0000, 0x0000, 0x0000, 0x0000, 0x0000, 0x0000, 0x0000, 0x0000, 0x0000, 0x0000,
  0x0000, 0x0000, 0x0000, 0x0000, 0x0000, 0x0000, 0x0000, 0x0000, 0x0000, 0x0000, 0x0000, 0x0000,
  0x0000, 0x20E1, 0xED69, 0xF5AA, 0xCCA7, 0x0820, 0x0000, 0x0000, 0x0000, 0x0000, 0x0000, 0x0000,
  0x0000, 0x0000, 0x0000, 0x0000, 0x0000, 0x0000, 0x0000, 0x0000, 0x0000, 0x0820, 0xD4C7, 0xFE0A,
  0xE549, 0x1060, 0x0000, 0x0000, 0x0000, 0x0000, 0x0000, 0x0000, 0x0000, 0x0000, 0x0000, 0x6AC5,
  0xFEED, 0xA427, 0x0000, 0xA429, 0x6265, 0x0000, 0x20C1, 0xC4A9, 0x0020, 0x0000, 0x41A3, 0xFE6C,
  0xD54A, 0x0840, 0x0000, 0x0000, 0x0020, 0x0020, 0x0040, 0x0060, 0x0080, 0x00A0, 0x00C0, 0x0100,
  0x0100, 0x00A0, 0x0120, 0x01C0, 0x0200, 0x01E0, 0x01C0, 0x01C0, 0x0120, 0x00E0, 0x0140, 0x0180,
  0x0180, 0x01E0, 0x01E0, 0x01A0, 0x0100, 0x00C0, 0x0080, 0x0080, 0x0060, 0x0040, 0x0020, 0x0020,
  0x0020, 0x0000, 0x5225, 0xFF31, 0xC50B, 0x0000, 0x9C29, 0x5225, 0x2902, 0xB48A, 0x0000, 0x93C8,
  0x6286, 0x1061, 0xF66F, 0xE5CD, 0x1060, 0x0000, 0x0000, 0x0000, 0x0000, 0x0000, 0x0000, 0x0000,
  0x0000, 0x0000, 0xB48A, 0xFEAF, 0xF64E, 0x3122, 0x0000, 0x0000, 0x0000, 0x0000, 0x0000, 0x0000,
  0x0000, 0x0000, 0x0000, 0x0000, 0x0000, 0x0000, 0x0000, 0x0000, 0x0000, 0x28E1, 0xF5CB, 0xFE2B,
  0xD509, 0x0840, 0x0000, 0x0000, 0x0000, 0x0000, 0x0000, 0x0000, 0x0000, 0x0000, 0x0000, 0x0000,
  0x0000, 0x0000, 0x0000, 0x0000, 0x0000, 0x0000, 0x0000, 0x0000, 0x0000, 0x0000, 0x0000, 0x0000,
  0x0000, 0x0000, 0x0000, 0x0000, 0x0000, 0x0000, 0x0000, 0x0000, 0x0000, 0x0000, 0x0000, 0x0000,
  0x0000, 0x0000, 0x0000, 0x0000, 0x0000, 0x0000, 0x0000, 0x0000, 0x0000, 0x0000, 0x0000, 0x0000,
  0x0000, 0x0000, 0x0000, 0x0000, 0x0000, 0x0000, 0x0000, 0x0000, 0x0000, 0x0000, 0x0000, 0x0000,
  0x0000, 0x0000, 0x0000, 0x0000, 0x0000, 0x0000, 0x0000, 0x0000, 0x0000, 0x0000, 0x0000, 0x0000,
  0x0000, 0x0000, 0x0000, 0x0000, 0x0000, 0x0000, 0x0000, 0x0000, 0x0000, 0x0000, 0x0000, 0x0000,
  0x0000, 0x0000, 0x0000, 0x0000, 0x0000, 0x0000, 0x0000, 0x0000, 0x0000, 0x0000, 0x0000, 0x0000,
  0x0000, 0x0000, 0x0000, 0x0000, 0x0000, 0x0000, 0x0000, 0x0000, 0x0000, 0x0000, 0x0000, 0x0000,
  0x0000, 0x0000, 0x0000, 0x0000, 0x0000, 0x0000, 0x0000, 0x0000, 0x0000, 0x0000, 0x0000, 0x0000,
  0x0000, 0x0000, 0x0000, 0x0000, 0x0000, 0x0000, 0x0000, 0x0000, 0x0000, 0x0000, 0x0000, 0x0000,
  0x0000, 0x0000, 0x0000, 0x0000, 0x0000, 0x0000, 0x0000, 0x0000, 0x0000, 0x0000, 0x0000, 0x0000,
  0x0000, 0x0000, 0x0000, 0x0000, 0x0000, 0x0000, 0x0000, 0x0000, 0x0000, 0x0000, 0x0000, 0x0000,
  0x0000, 0x0000, 0x0000, 0x0000, 0x0000, 0x0000, 0x0000, 0x0000, 0x0000, 0x0000, 0x0000, 0x0000,
  0x0000, 0x0000, 0x0000, 0x0000, 0x0000, 0x0000, 0x0000, 0x0000, 0x0000, 0x0000, 0x0000, 0x0000,
  0x0000, 0x0000, 0x0000, 0x0000, 0x0000, 0x0000, 0x0000, 0x0000, 0x0000, 0x9345, 0xF589, 0xF589,
  0x59E2, 0x0000, 0x0000, 0x0000, 0x0000, 0x0000, 0x0000, 0x0000, 0x0000, 0x0000, 0x0000, 0x0000,
  0x0000, 0x0000, 0x0000, 0x0000, 0x0000, 0x0000, 0x6A84, 0xFE2A, 0xFE0A, 0x72A4, 0x0000, 0x0000,
  0x0000, 0x0000, 0x0000, 0x0000, 0x0000, 0x0000, 0x0000, 0x6AC5, 0xFEED, 0xA428, 0x0000, 0xA429,
  0x6285, 0x0000, 0x3122, 0xE58B, 0xAC29, 0x18C1, 0x3962, 0xFE4B, 0xD529, 0x0820, 0x0000, 0x0000,
  0x0020, 0x0020, 0x0040, 0x0060, 0x0080, 0x00A0, 0x00C0, 0x00E0, 0x0160, 0x652E, 0x5D2D, 0x0200,
  0x2385, 0x8E92, 0x8631, 0x1282, 0x1242, 0x85D1, 0x33E7, 0x01A0, 0x4469, 0x9EB4, 0x656E, 0x0200,
  0x0140, 0x00C0, 0x00A0, 0x0080, 0x0060, 0x0040, 0x0020, 0x0020, 0x0020, 0x0000, 0x5225, 0xFF52,
  0xB4AA, 0x2922, 0xC54C, 0x93C8, 0x4A04, 0xAC8A, 0x0000, 0x93C8, 0x6285, 0x10A1, 0xFE90, 0xEE0E,
  0x1061, 0x0000, 0x0000, 0x0000, 0x0000, 0x0000, 0x0000, 0x0000, 0x0000, 0x3983, 0xFE8F, 0xFEAF,
  0xAC49, 0x0000, 0x0000, 0x0000, 0x0000, 0x0000, 0x0000, 0x0000, 0x0000, 0x0000, 0x0000, 0x0000,
  0x0000, 0x0000, 0x0000, 0x0000, 0x0000, 0x0000, 0x9BC6, 0xFE4C, 0xFE4C, 0x6264, 0x0000, 0x0000,
  0x0000, 0x0000, 0x0000, 0x0000, 0x0000, 0x0000, 0x0000, 0x0000, 0x0000, 0x0000, 0x0000, 0x0000,
  0x0000, 0x0000, 0x0000, 0x0000, 0x0000, 0x0000, 0x0000, 0x0000, 0x0000, 0x0000, 0x0000, 0x0000,
  0x0000, 0x0000, 0x0000, 0x0000, 0x0000, 0x0000, 0x0000, 0x0000, 0x0000, 0x0000, 0x0000, 0x0000,
  0x0000, 0x0000, 0x0000, 0x0000, 0x0000, 0x0000, 0x0000, 0x0000, 0x0000, 0x0000, 0x0000, 0x0000,
  0x0000, 0x0000, 0x0000, 0x0000, 0x0000, 0x0000, 0x0000, 0x0000, 0x0000, 0x0000, 0x0000, 0x0000,
  0x0000, 0x0000, 0x0000, 0x0000, 0x0000, 0x0000, 0x0000, 0x0000, 0x0000, 0x0000, 0x0000, 0x0000,
  0x0000, 0x0000, 0x0000, 0x0000, 0x0000, 0x0000, 0x0000, 0x0000, 0x0000, 0x0000, 0x0000, 0x0000,
  0x0000, 0x0000, 0x0000, 0x0000, 0x0000, 0x0000, 0x0000, 0x0000, 0x0000, 0x0000, 0x0000, 0x0000,
  0x0000, 0x0000, 0x0000, 0x0000, 0x0000, 0x0000, 0x0000, 0x0000, 0x0000, 0x0000, 0x0000, 0x0000,
  0x0000, 0x0000, 0x0000, 0x0000, 0x0000, 0x0000, 0x0000, 0x0000, 0x0000, 0x0000, 0x0000, 0x0000,
  0x0000, 0x0000, 0x0000, 0x0000, 0x0000, 0x0000, 0x0000, 0x0000, 0x0000, 0x0000, 0x0000, 0x0000,
  0x0000, 0x0000, 0x0000, 0x0000, 0x0000, 0x0000, 0x0000, 0x0000, 0x0000, 0x0000, 0x0000, 0x0000,
  0x0000, 0x0000, 0x0000, 0x0000, 0x0000, 0x0000, 0x0000, 0x0000, 0x0000, 0x0000, 0x0000, 0x0000,
  0x0000, 0x0000, 0x0000, 0x0000, 0x0000, 0x0000, 0x0000, 0x0000, 0x0000, 0x0000, 0x0000, 0x0000,
  0x0000, 0x0000, 0x0000, 0x0000, 0x0000, 0x0000, 0x0000, 0x0000, 0x0000, 0x0000, 0x0000, 0x0000,
  0x0000, 0x0000, 0x0000, 0x0000, 0x28E1, 0xE528, 0xED49, 0xC446, 0x0820, 0x0000, 0x0000, 0x0000,
  0x0000, 0x0000, 0x0000, 0x0000, 0x0000, 0x0000, 0x0000, 0x0000, 0x0000, 0x0000, 0x0000, 0x0000,
  0x0000, 0x0000, 0x1060, 0xE569, 0xFE2B, 0xD509, 0x0840, 0x0000, 0x0000, 0x0000, 0x0000, 0x0000,
  0x0000, 0x0000, 0x0000, 0x72C5, 0xFF0D, 0xAC48, 0x0000, 0xA44A, 0x62A5, 0x0000, 0x9387, 0x7AE6,
  0x8306, 0x9387, 0x2901, 0xFE6B, 0xD529, 0x0820, 0x0000, 0x0000, 0x0020, 0x0020, 0x0040, 0x0060,
  0x0080, 0x00A0, 0x00C0, 0x0100, 0x01A0, 0x6DCF, 0x8E92, 0x0200, 0x7E10, 0x5D6D, 0x65CE, 0x5D4D,
  0x1AE3, 0xA736, 0x54EA, 0x02A0, 0xA736, 0x3406, 0x8ED4, 0x2325, 0x00E0, 0x00E0, 0x00A0, 0x0080,
  0x0060, 0x0040, 0x0020, 0x0020, 0x0020, 0x0000, 0x5245, 0xFF72, 0xA46A, 0x7307, 0x9C2A, 0x9BE8,
  0x8BA7, 0xA44A, 0x0000, 0x93C8, 0x6265, 0x18A1, 0xFEB0, 0xEE2F, 0x1061, 0x0000, 0x0000, 0x0000,
  0x0000, 0x0000, 0x0000, 0x0000, 0x0000, 0xAC6A, 0xFED0, 0xFE8F, 0x41A3, 0x0000, 0x0000, 0x0000,
  0x0000, 0x0000, 0x0000, 0x0000, 0x0000, 0x0000, 0x0000, 0x0000, 0x0000, 0x0000, 0x0000, 0x0000,
  0x0000, 0x0000, 0x2901, 0xF60B, 0xFE2B, 0xD509, 0x0820, 0x0000, 0x0000, 0x0000, 0x0000, 0x0000,
  0x0000, 0x0000, 0x0000, 0x0000, 0x0000, 0x0000, 0x0000, 0x0000, 0x0000, 0x0000, 0x0000, 0x0000,
  0x0000, 0x0000, 0x0000, 0x0000, 0x0000, 0x0000, 0x0000, 0x0000, 0x0000, 0x0000, 0x0000, 0x0000,
  0x0000, 0x0000, 0x0000, 0x0000, 0x0000, 0x0000, 0x0000, 0x0000, 0x0000, 0x0000, 0x0000, 0x0000,
  0x0000, 0x0000, 0x0000, 0x0000, 0x0000, 0x0000, 0x0000, 0x0000, 0x0000, 0x0000, 0x0000, 0x0000,
  0x0000, 0x0000, 0x0000, 0x0000, 0x0000, 0x0000, 0x0000, 0x0000, 0x0000, 0x0000, 0x0000, 0x0000,
  0x0000, 0x0000, 0x0000, 0x0000, 0x0000, 0x0000, 0x0000, 0x0000, 0x0000, 0x0000, 0x0000, 0x0000,
  0x0000, 0x0000, 0x0000, 0x0000, 0x0000, 0x0000, 0x0000, 0x0000, 0x0000, 0x0000, 0x0000, 0x0000,
  0x0000, 0x0000, 0x0000, 0x0000, 0x0000, 0x0000, 0x0000, 0x0000, 0x0000, 0x0000, 0x0000, 0x0000,
  0x0000, 0x0000, 0x0000, 0x0000, 0x0000, 0x0000, 0x0000, 0x0000, 0x0000, 0x0000, 0x0000, 0x0000,
  0x0000, 0x0000, 0x0000, 0x0000, 0x0000, 0x0000, 0x0000, 0x0000, 0x0000, 0x0000, 0x0000, 0x0000,
  0x0000, 0x0000, 0x0000, 0x0000, 0x0000, 0x0000, 0x0000, 0x0000, 0x0000, 0x0000, 0x0000, 0x0000,
  0x0000, 0x0000, 0x0000, 0x0000, 0x0000, 0x0000, 0x0000, 0x0000, 0x0000, 0x0000, 0x0000, 0x0000,
  0x0000, 0x0000, 0x0000, 0x0000, 0x0000, 0x0000, 0x0000, 0x0000, 0x0000, 0x0000, 0x0000, 0x0000,
  0x0000, 0x0000, 0x0000, 0x0000, 0x0000, 0x0000, 0x0000, 0x0000, 0x0000, 0x0000, 0x0000, 0x0000,
  0x0000, 0x0000, 0x0000, 0x0000, 0x0000, 0x0000, 0x0000, 0x0000, 0x0000, 0x0000, 0x0000, 0x0000,
  0x9365, 0xF569, 0xF589, 0x6223, 0x0000, 0x0000, 0x0000, 0x0000, 0x0000, 0x0000, 0x0000, 0x0000,
  0x0000, 0x0000, 0x0000, 0x0000, 0x0000, 0x0000, 0x0000, 0x0000, 0x0000, 0x0000, 0x0000, 0x8B25,
  0xFE4B, 0xFE2A, 0x5A03, 0x0000, 0x0000, 0x0000, 0x0000, 0x0000, 0x0000, 0x0000, 0x0000, 0x6AC5,
  0xFF2D, 0xAC48, 0x0000, 0xA429, 0x6285, 0x0000, 0x3983, 0xC4CA, 0xC4C9, 0x3962, 0x3962, 0xFE8C,
  0xD549, 0x0840, 0x0000, 0x0000, 0x0020, 0x0020, 0x0040, 0x0060, 0x0080, 0x00A0, 0x00E0, 0x0160,
  0x01C0, 0x23C4, 0x75F0, 0x0160, 0x7E11, 0x3427, 0x44AA, 0x7630, 0x0180, 0x5D8D, 0x4CA9, 0x02C0,
  0x9F15, 0x0280, 0x7631, 0x2B26, 0x00A0, 0x00E0, 0x00A0, 0x0080, 0x0060, 0x0040, 0x0020, 0x0020,
  0x0020, 0x0000, 0x5245, 0xFF52, 0xBCEB, 0x0840, 0x93E9, 0x7307, 0x3963, 0xBCCA, 0x0000, 0x93C8,
  0x6265, 0x1081, 0xFE90, 0xEE0E, 0x1060, 0x0000, 0x0000, 0x0000, 0x0000, 0x0000, 0x0000, 0x0000,
  0x2102, 0xF64E, 0xFED0, 0xC4EB, 0x0000, 0x0000, 0x0000, 0x0000, 0x0000, 0x0000, 0x0000, 0x0000,
  0x0000, 0x0000, 0x0000, 0x0000, 0x0000, 0x0000, 0x0000, 0x0000, 0x0000, 0x0000, 0x0000, 0x9BC6,
  0xFE4B, 0xFE4B, 0x6244, 0x0000, 0x0000, 0x0000, 0x0000, 0x0000, 0x0000, 0x0000, 0x0000, 0x0000,
  0x0000, 0x0000, 0x0000, 0x0000, 0x0000, 0x0000, 0x0000, 0x0000, 0x0000, 0x0000, 0x0000, 0x0000,
  0x0000, 0x0000, 0x0000, 0x0000, 0x0000, 0x0000, 0x0000, 0x0000, 0x0000, 0x0000, 0x0000, 0x0000,
  0x0000, 0x0000, 0x0000, 0x0000, 0x0000, 0x0000, 0x0000, 0x0000, 0x0000, 0x0000, 0x0000, 0x0000,
  0x0000, 0x0000, 0x0000, 0x0000, 0x0000, 0x0000, 0x0000, 0x0000, 0x0000, 0x0000, 0x0000, 0x0000,
  0x0000, 0x0000, 0x0000, 0x0000, 0x0000, 0x0000, 0x0000, 0x0000, 0x0000, 0x0000, 0x0000, 0x0000,
  0x0000, 0x0000, 0x0000, 0x0000, 0x0000, 0x0000, 0x0000, 0x0000, 0x0000, 0x0000, 0x0000, 0x0000,
  0x0000, 0x0000, 0x0000, 0x0000, 0x0000, 0x0000, 0x0000, 0x0000, 0x0000, 0x0000, 0x0000, 0x0000,
  0x0000, 0x0000, 0x0000, 0x0000, 0x0000, 0x0000, 0x0000, 0x0000, 0x0000, 0x0000, 0x0000, 0x0000,
  0x0000, 0x0000, 0x0000, 0x0000, 0x0000, 0x0000, 0x0000, 0x0000, 0x0000, 0x0000, 0x0000, 0x0000,
  0x0000, 0x0000, 0x0000, 0x0000, 0x0000, 0x0000, 0x0000, 0x0000, 0x0000, 0x0000, 0x0000, 0x0000,
  0x0000, 0x0000, 0x0000, 0x0000, 0x0000, 0x0000, 0x0000, 0x0000, 0x0000, 0x0000, 0x0000, 0x0000,
  0x0000, 0x0000, 0x0000, 0x0000, 0x0000, 0x0000, 0x0000, 0x0000, 0x0000, 0x0000, 0x0000, 0x0000,
  0x0000, 0x0000, 0x0000, 0x0000, 0x0000, 0x0000, 0x0000, 0x0000, 0x0000, 0x0000, 0x0000, 0x0000,
  0x0000, 0x0000, 0x0000, 0x0000, 0x0000, 0x0000, 0x0000, 0x0000, 0x0000, 0x0000, 0x0000, 0x0000,
  0x0000, 0x0000, 0x0000, 0x0000, 0x0000, 0x0000, 0x0000, 0x2901, 0xE528, 0xED48, 0xC467, 0x0820,
  0x0000, 0x0000, 0x0000, 0x0000, 0x0000, 0x0000, 0x0000, 0x0000, 0x0000, 0x0000, 0x0000, 0x0000,
  0x0000, 0x0000, 0x0000, 0x0000, 0x0000, 0x0000, 0x0000, 0x20C1, 0xF5A9, 0xFE2A, 0xCCA7, 0x0000,
  0x0000, 0x0000, 0x0000, 0x0000, 0x0000, 0x0000, 0x0000, 0x72C5, 0xFF2E, 0xA427, 0x0000, 0xA408,
  0x6265, 0x0000, 0x0000, 0x0840, 0x1060, 0x0000, 0x41A3, 0xFE8C, 0xD56A, 0x0840, 0x0000, 0x0000,
  0x0020, 0x0040, 0x0040, 0x0060, 0x0080, 0x00A0, 0x00E0, 0x0160, 0x0260, 0x6DEE, 0xB737, 0x1AA3,
  0x4C6A, 0x8692, 0x96D4, 0x4CCA, 0x12E3, 0x96F4, 0x7E51, 0x0AA1, 0x8652, 0x760F, 0x96D4, 0x1242,
  0x00C0, 0x00C0, 0x0080, 0x0080, 0x0060, 0x0040, 0x0020, 0x0020, 0x0020, 0x0000, 0x5225, 0xFF52,
  0xC50B, 0x0000, 0x0000, 0x0000, 0xA429, 0x7B26, 0x0000, 0x93C8, 0x6285, 0x1081, 0xFE8F, 0xEDED,
  0x1061, 0x0000, 0x0000, 0x0000, 0x0000, 0x0000, 0x0000, 0x0000, 0x93C8, 0xFECF, 0xFE8E, 0x5204,
  0x0000, 0x0000, 0x0000, 0x0000, 0x0000, 0x0000, 0x0000, 0x0000, 0x0000, 0x0000, 0x0000, 0x0000,
  0x0000, 0x0000, 0x0000, 0x0000, 0x0000, 0x0000, 0x0000, 0x2901, 0xF5EA, 0xFE6C, 0xD52A, 0x0820,
  0x0000, 0x0000, 0x0000, 0x0000, 0x0000, 0x0000, 0x0000, 0x0000, 0x0000, 0x0000, 0x0000, 0x0000,
  0x0000, 0x0000, 0x0000, 0x0000, 0x0000, 0x0000, 0x0000, 0x0000, 0x0000, 0x0000, 0x0000, 0x0000,
  0x0000, 0x0000, 0x0000, 0x0000, 0x0000, 0x0000, 0x0000, 0x0000, 0x0000, 0x0000, 0x0000, 0x0000,
  0x0000, 0x0000, 0x0000, 0x0000, 0x0000, 0x0000, 0x0000, 0x0000, 0x0000, 0x0000, 0x0000, 0x0000,
  0x0000, 0x0000, 0x0000, 0x0000, 0x0000, 0x0000, 0x0000, 0x0000, 0x0000, 0x0000, 0x0000, 0x0000,
  0x0000, 0x0000, 0x0000, 0x0000, 0x0000, 0x0000, 0x0000, 0x0000, 0x0000, 0x0000, 0x0000, 0x0000,
  0x0000, 0x0000, 0x0000, 0x0000, 0x0000, 0x0000, 0x0000, 0x0000, 0x0000, 0x0000, 0x0000, 0x0000,
  0x0000, 0x0000, 0x0000, 0x0000, 0x0000, 0x0000, 0x0000, 0x0000, 0x0000, 0x0000, 0x0000, 0x0000,
  0x0000, 0x0000, 0x0000, 0x0000, 0x0000, 0x0000, 0x0000, 0x0000, 0x0000, 0x0000, 0x0000, 0x0000,
  0x0000, 0x0000, 0x0000, 0x0000, 0x0000, 0x0000, 0x0000, 0x0000, 0x0000, 0x0000, 0x0000, 0x0000,
  0x0000, 0x0000, 0x0000, 0x0000, 0x0000, 0x0000, 0x0000, 0x0000, 0x0000, 0x0000, 0x0000, 0x0000,
  0x0000, 0x0000, 0x0000, 0x0000, 0x0000, 0x0000, 0x0000, 0x0000, 0x0000, 0x0000, 0x0000, 0x0000,
  0x0000, 0x0000, 0x0000, 0x0000, 0x0000, 0x0000, 0x0000, 0x0000, 0x0000, 0x0000, 0x0000, 0x0000,
  0x0000, 0x0000, 0x0000, 0x0000, 0x0000, 0x0000, 0x0000, 0x0000, 0x0000, 0x0000, 0x0000, 0x0000,
  0x0000, 0x0000, 0x0000, 0x0000, 0x0000, 0x0000, 0x0000, 0x0000, 0x0000, 0x0000, 0x0000, 0x0000,
  0x0000, 0x0000, 0x0000, 0x9B85, 0xF569, 0xF568, 0x59E2, 0x0000, 0x0000, 0x0000, 0x0000, 0x0000,
  0x0000, 0x0000, 0x0000, 0x0000, 0x0000, 0x0000, 0x0000, 0x0000, 0x0000, 0x0000, 0x0000, 0x0000,
  0x0000, 0x0000, 0x0000, 0x0000, 0xA3C6, 0xFE2A, 0xFE0A, 0x49A2, 0x0000, 0x0000, 0x0000, 0x0000,
  0x0000, 0x0000, 0x0000, 0x72C5, 0xFF0D, 0xA407, 0x0000, 0xA409, 0x6285, 0x0000, 0x0000, 0x49A3,
  0x5204, 0x0000, 0x41A2, 0xFE8C, 0xDD8B, 0x0840, 0x0000, 0x0020, 0x0020, 0x0040, 0x0040, 0x0060,
  0x0080, 0x00A0, 0x00E0, 0x0120, 0x0220, 0x4449, 0x54CA, 0x23A4, 0x0220, 0x3C29, 0x3C28, 0x0240,
  0x1B63, 0x4CCA, 0x4C8A, 0x0A61, 0x0A81, 0x54CB, 0x2385, 0x0180, 0x0100, 0x00A0, 0x0080, 0x0060,
  0x0040, 0x0040, 0x0020, 0x0020, 0x0020, 0x0000, 0x5225, 0xFF31, 0xC52C, 0x0000, 0x4A25, 0xBD4D,
  0x8B87, 0x0000, 0x0000, 0x93C8, 0x6265, 0x1081, 0xF64E, 0xEDED, 0x1081, 0x0000, 0x0000, 0x0000,
  0x0000, 0x0000, 0x0000, 0x18C1, 0xEE2F, 0xFEAF, 0xCD2B, 0x0020, 0x0000, 0x0000, 0x0000, 0x0000,
  0x0000, 0x0000, 0x0000, 0x0000, 0x0000, 0x0000, 0x0000, 0x0000, 0x0000, 0x0000, 0x0000, 0x0000,
  0x0000, 0x0000, 0x0000, 0x0000, 0xA407, 0xFE6C, 0xFE4B, 0x6244, 0x0000, 0x0000, 0x0000, 0x0000,
  0x0000, 0x0000, 0x0000, 0x0000, 0x0000, 0x0000, 0x0000, 0x0000, 0x0000, 0x0000, 0x0000, 0x0000,
  0x0000, 0x0000, 0x0000, 0x0000, 0x0000, 0x0000, 0x0000, 0x0000, 0x0000, 0x0000, 0x0000, 0x0000,
  0x0000, 0x0000, 0x0000, 0x0000, 0x0000, 0x0000, 0x0000, 0x0000, 0x0000, 0x0000, 0x0000, 0x0000,
  0x0000, 0x0000, 0x0000, 0x0000, 0x0000, 0x0000, 0x0000, 0x0000, 0x0000, 0x0000, 0x0000, 0x0000,
  0x0000, 0x0000, 0x0000, 0x0000, 0x0000, 0x0000, 0x0000, 0x0000, 0x0000, 0x0000, 0x0000, 0x0000,
  0x0000, 0x0000, 0x0000, 0x0000, 0x0000, 0x0000, 0x0000, 0x0000, 0x0000, 0x0000, 0x0000, 0x0000,
  0x0000, 0x0000, 0x0000, 0x0000, 0x0000, 0x0000, 0x0000, 0x0000, 0x0000, 0x0000, 0x0000, 0x0000,
  0x0000, 0x0000, 0x0000, 0x0000, 0x0000, 0x0000, 0x0000, 0x0000, 0x0000, 0x0000, 0x0000, 0x0000,
  0x0000, 0x0000, 0x0000, 0x0000, 0x0000, 0x0000, 0x0000, 0x0000, 0x0000, 0x0000, 0x0000, 0x0000,
  0x0000, 0x0000, 0x0000, 0x0000, 0x0000, 0x0000, 0x0000, 0x0000, 0x0000, 0x0000, 0x0000, 0x0000,
  0x0000, 0x0000, 0x0000, 0x0000, 0x0000, 0x0000, 0x0000, 0x0000, 0x0000, 0x0000, 0x0000, 0x0000,
  0x0000, 0x0000, 0x0000, 0x0000, 0x0000, 0x0000, 0x0000, 0x0000, 0x0000, 0x0000, 0x0000, 0x0000,
  0x0000, 0x0000, 0x0000, 0x0000, 0x0000, 0x0000, 0x0000, 0x0000, 0x0000, 0x0000, 0x0000, 0x0000,
  0x0000, 0x0000, 0x0000, 0x0000, 0x0000, 0x0000, 0x0000, 0x0000, 0x0000, 0x0000, 0x0000, 0x0000,
  0x0000, 0x0000, 0x0000, 0x0000, 0x0000, 0x0000, 0x0000, 0x0000, 0x0000, 0x0000, 0x3101, 0xE548,
  0xED69, 0xC467, 0x0820, 0x0000, 0x0000, 0x0000, 0x0000, 0x0000, 0x0000, 0x0000, 0x0000, 0x0000,
  0x0000, 0x0000, 0x0000, 0x0000, 0x0000, 0x0000, 0x0000, 0x0000, 0x0000, 0x0000, 0x0000, 0x0000,
  0x3942, 0xFDEA, 0xFE2A, 0xAC06, 0x0000, 0x0000, 0x0000, 0x0000, 0x0000, 0x0000, 0x0000, 0x72C5,
  0xFECC, 0xA3E6, 0x0000, 0xAC49, 0x6265, 0x0000, 0x3962, 0xBCA9, 0xBC89, 0x49C3, 0x3962, 0xFEAD,
  0xDD6B, 0x0840, 0x0000, 0x0020, 0x0020, 0x0040, 0x0040, 0x0060, 0x0080, 0x00A0, 0x00E0, 0x0120,
  0x0140, 0x0180, 0x0240, 0x0280, 0x02A0, 0x01C0, 0x01A0, 0x0200, 0x01C0, 0x0220, 0x0220, 0x01E0,
  0x0160, 0x0140, 0x01C0, 0x01A0, 0x0100, 0x00A0, 0x0080, 0x0060, 0x0040, 0x0040, 0x0020, 0x0020,
  0x0020, 0x0000, 0x5225, 0xFF31, 0xBD0B, 0x1060, 0xBCEC, 0xCD8D, 0x4A04, 0x0000, 0x0000, 0x8B87,
  0x62A5, 0x1061, 0xF64E, 0xEDED, 0x1060, 0x0000, 0x0000, 0x0000, 0x0000, 0x0000, 0x0000, 0x8347,
  0xFECF, 0xFEAF, 0x6AA5, 0x0000, 0x0000, 0x0000, 0x0000, 0x0000, 0x0000, 0x0000, 0x0000, 0x0000,
  0x0000, 0x0000, 0x0000, 0x0000, 0x0000, 0x0000, 0x0000, 0x0000, 0x0000, 0x0000, 0x0000, 0x0000,
  0x3121, 0xF5EA, 0xFE4B, 0xCCE9, 0x0820, 0x0000, 0x0000, 0x0000, 0x0000, 0x0000, 0x0000, 0x0000,
  0x0000, 0x0000, 0x0000, 0x0000, 0x0000, 0x0000, 0x0000, 0x0000, 0x0000, 0x0000, 0x0000, 0x0000,
  0x0000, 0x0000, 0x0000, 0x0000, 0x0000, 0x0000, 0x0000, 0x0000, 0x0000, 0x0000, 0x0000, 0x0000,
  0x0000, 0x0000, 0x0000, 0x0000, 0x0000, 0x0000, 0x0000, 0x0000, 0x0000, 0x0000, 0x0000, 0x0000,
  0x0000, 0x0000, 0x0000, 0x0000, 0x0000, 0x0000, 0x0000, 0x0000, 0x0000, 0x0000, 0x0000, 0x0000,
  0x0000, 0x0000, 0x0000, 0x0000, 0x0000, 0x0000, 0x0000, 0x0000, 0x0000, 0x0000, 0x0000, 0x0000,
  0x0000, 0x0000, 0x0000, 0x0000, 0x0000, 0x0000, 0x0000, 0x0000, 0x0000, 0x0000, 0x0000, 0x0000,
  0x0000, 0x0000, 0x0000, 0x0000, 0x0000, 0x0000, 0x0000, 0x0000, 0x0000, 0x0000, 0x0000, 0x0000,
  0x0000, 0x0000, 0x0000, 0x0000, 0x0000, 0x0000, 0x0000, 0x0000, 0x0000, 0x0000, 0x0000, 0x0000,
  0x0000, 0x0000, 0x0000, 0x0000, 0x0000, 0x0000, 0x0000, 0x0000, 0x0000, 0x0000, 0x0000, 0x0000,
  0x0000, 0x0000, 0x0000, 0x0000, 0x0000, 0x0000, 0x0000, 0x0000, 0x0000, 0x0000, 0x0000, 0x0000,
  0x0000, 0x0000, 0x0000, 0x0000, 0x0000, 0x0000, 0x0000, 0x0000, 0x0000, 0x0000, 0x0000, 0x0000,
  0x0000, 0x0000, 0x0000, 0x0000, 0x0000, 0x0000, 0x0000, 0x0000, 0x0000, 0x0000, 0x0000, 0x0000,
  0x0000, 0x0000, 0x0000, 0x0000, 0x0000, 0x0000, 0x0000, 0x0000, 0x0000, 0x0000, 0x0000, 0x0000,
  0x0000, 0x0000, 0x0000, 0x0000, 0x0000, 0x0000, 0x0000, 0x0000, 0x0000, 0x0000, 0x0000, 0x0000,
  0x0000, 0x0000, 0x0000, 0x0000, 0x0000, 0x0000, 0x9B85, 0xF589, 0xF569, 0x51C2, 0x0000, 0x0000,
  0x0000, 0x0000, 0x0000, 0x0000, 0x0000, 0x0000, 0x0000, 0x0000, 0x0000, 0x0000, 0x0000, 0x0000,
  0x0000, 0x0000, 0x0000, 0x0000, 0x0000, 0x0000, 0x0000, 0x0000, 0x0000, 0xBC46, 0xFE0A, 0xF5A9,
  0x3121, 0x0000, 0x0000, 0x0000, 0x0000, 0x0000, 0x0000, 0x72C5, 0xFECC, 0xAC27, 0x0000, 0x8367,
  0xC52B, 0x0000, 0x20E1, 0xBC68, 0xB448, 0x2902, 0x41A3, 0xFECD, 0xDD6B, 0x0840, 0x0000, 0x0020,
  0x0020, 0x0040, 0x0060, 0x0060, 0x0080, 0x00C0, 0x0100, 0x0140, 0x0A01, 0x6DAF, 0x8EB4, 0x2C46,
  0x0321, 0x8651, 0x54CB, 0x01A0, 0x2BA6, 0x8692, 0x7650, 0x0AA1, 0x1B23, 0x8632, 0x1AA4, 0x00E0,
  0x00E0, 0x00A0, 0x0080, 0x0060, 0x0040, 0x0040, 0x0020, 0x0020, 0x0020, 0x0000, 0x5245, 0xFF52,
  0xBD0B, 0x0000, 0x5A65, 0x7B47, 0x6264, 0x1040, 0x1061, 0xD5CD, 0x39A3, 0x18C1, 0xFE6F, 0xE5CC,
  0x1060, 0x0000, 0x0000, 0x0000, 0x0000, 0x0000, 0x1060, 0xE5AC, 0xFE8E, 0xE5AD, 0x1060, 0x0000,
  0x0000, 0x0000, 0x0000, 0x0000, 0x0000, 0x0000, 0x0000, 0x0000, 0x0000, 0x0000, 0x0000, 0x0000,
  0x0000, 0x0000, 0x0000, 0x0000, 0x0000, 0x0000, 0x0000, 0x0000, 0x0000, 0xAC07, 0xFE6C, 0xFE4C,
  0x5A03, 0x0000, 0x0000, 0x0000, 0x0000, 0x0000, 0x0000, 0x0000, 0x0000, 0x0000, 0x0000, 0x0000,
  0x0000, 0x0000, 0x0000, 0x0000, 0x0000, 0x0000, 0x0000, 0x0000, 0x0000, 0x0000, 0x0000, 0x0000,
  0x0000, 0x0000, 0x0000, 0x0000, 0x0000, 0x0000, 0x0000, 0x0000, 0x0000, 0x0000, 0x0000, 0x0000,
  0x0000, 0x0000, 0x0000, 0x0000, 0x0000, 0x0000, 0x0000, 0x0000, 0x0000, 0x0000, 0x0000, 0x0000,
  0x0000, 0x0000, 0x0000, 0x0000, 0x0000, 0x0000, 0x0000, 0x0000, 0x0000, 0x0000, 0x0000, 0x0000,
  0x0000, 0x0000, 0x0000, 0x0000, 0x0000, 0x0000, 0x0000, 0x0000, 0x0000, 0x0000, 0x0000, 0x0000,
  0x0000, 0x0000, 0x0000, 0x0000, 0x0000, 0x0000, 0x0000, 0x0000, 0x0000, 0x0000, 0x0000, 0x0000,
  0x0000, 0x0000, 0x0000, 0x0000, 0x0000, 0x0000, 0x0000, 0x0000, 0x0000, 0x0000, 0x0000, 0x0000,
  0x0000, 0x0000, 0x0000, 0x0000, 0x0000, 0x0000, 0x0000, 0x0000, 0x0000, 0x0000, 0x0000, 0x0000,
  0x0000, 0x0000, 0x0000, 0x0000, 0x0000, 0x0000, 0x0000, 0x0000, 0x0000, 0x0000, 0x0000, 0x0000,
  0x0000, 0x0000, 0x0000, 0x0000, 0x0000, 0x0000, 0x0000, 0x0000, 0x0000, 0x0000, 0x0000, 0x0000,
  0x0000, 0x0000, 0x0000, 0x0000, 0x0000, 0x0000, 0x0000, 0x0000, 0x0000, 0x0000, 0x0000, 0x0000,
  0x0000, 0x0000, 0x0000, 0x0000, 0x0000, 0x0000, 0x0000, 0x0000, 0x0000, 0x0000, 0x0000, 0x0000,
  0x0000, 0x0000, 0x0000, 0x0000, 0x0000, 0x0000, 0x0000, 0x0000, 0x0000, 0x0000, 0x0000, 0x0000,
  0x0000, 0x0000, 0x0000, 0x0000, 0x0000, 0x0000, 0x0000, 0x0000, 0x0000, 0x0000, 0x0000, 0x0000,
  0x0000, 0x3101, 0xE528, 0xF589, 0xBC46, 0x0000, 0x0000, 0x0000, 0x0000, 0x0000, 0x0000, 0x0000,
  0x0000, 0x0000, 0x0000, 0x0000, 0x0000, 0x0000, 0x0000, 0x0000, 0x0000, 0x0000, 0x0000, 0x0000,
  0x0000, 0x0000, 0x0000, 0x0000, 0x0000, 0x49A2, 0xFDE9, 0xFE2B, 0xA3C6, 0x0000, 0x0000, 0x0000,
  0x0000, 0x0000, 0x0000, 0x72C5, 0xFF0E, 0xA448, 0x0000, 0x0000, 0xB469, 0xAC48, 0x0000, 0x3962,
  0xDD6A, 0x18A1, 0x3962, 0xFEAC, 0xD54A, 0x0840, 0x0000, 0x0020, 0x0020, 0x0040, 0x0060, 0x0080,
  0x0080, 0x00C0, 0x0120, 0x0140, 0x4489, 0x7E71, 0x4CEA, 0x8692, 0x0301, 0x96D4, 0x7DF0, 0x0220,
  0x86B2, 0x3C68, 0x7E72, 0x3C48, 0x1B43, 0xB798, 0x3346, 0x00C0, 0x00E0, 0x00A0, 0x0080, 0x0060,
  0x0040, 0x0040, 0x0020, 0x0020, 0x0020, 0x0000, 0x5265, 0xFF51, 0xBCEB, 0x0000, 0x0000, 0x72E5,
  0x6264, 0x0840, 0xCD6C, 0x7306, 0x0000, 0x2922, 0xF66E, 0xE5AC, 0x1060, 0x0000, 0x0000, 0x0000,
  0x0000, 0x0000, 0x6AE6, 0xFED0, 0xFE8E, 0x7AE6, 0x0000, 0x0000, 0x0000, 0x0000, 0x0000, 0x0000,
  0x0000, 0x0000, 0x0000, 0x0000, 0x0000, 0x0000, 0x0000, 0x0000, 0x0000, 0x0000, 0x0000, 0x0000,
  0x0000, 0x0000, 0x0000, 0x0000, 0x0000, 0x3942, 0xFE0A, 0xFE0A, 0xCCA8, 0x0020, 0x0000, 0x0000,
  0x0000, 0x0000, 0x0000, 0x0000, 0x0000, 0x0000, 0x0000, 0x0000, 0x0000, 0x0000, 0x0000, 0x0000,
  0x0000, 0x0000, 0x0000, 0x0000, 0x0000, 0x0000, 0x0000, 0x0000, 0x0000, 0x0000, 0x0000, 0x0000,
  0x0000, 0x0000, 0x0000, 0x0000, 0x0000, 0x0000, 0x0000, 0x0000, 0x0000, 0x0000, 0x0000, 0x0000,
  0x0000, 0x0000, 0x0000, 0x0000, 0x0000, 0x0000, 0x0000, 0x0000, 0x0000, 0x0000, 0x0000, 0x0000,
  0x0000, 0x0000, 0x0000, 0x0000, 0x0000, 0x0000, 0x0000, 0x0000, 0x0000, 0x0000, 0x0000, 0x0000,
  0x0000, 0x0000, 0x0000, 0x0000, 0x0000, 0x0000, 0x0000, 0x0000, 0x0000, 0x0000, 0x0000, 0x0000,
  0x0000, 0x0000, 0x0000, 0x0000, 0x0000, 0x0000, 0x0000, 0x0000, 0x0000, 0x0000, 0x0000, 0x0000,
  0x0000, 0x0000, 0x0000, 0x0000, 0x0000, 0x0000, 0x0000, 0x0000, 0x0000, 0x0000, 0x0000, 0x0000,
  0x0000, 0x0000, 0x0000, 0x0000, 0x0000, 0x0000, 0x0000, 0x0000, 0x0000, 0x0000, 0x0000, 0x0000,
  0x0000, 0x0000, 0x0000, 0x0000, 0x0000, 0x0000, 0x0000, 0x0000, 0x0000, 0x0000, 0x0000, 0x0000,
  0x0000, 0x0000, 0x0000, 0x0000, 0x0000, 0x0000, 0x0000, 0x0000, 0x0000, 0x0000, 0x0000, 0x0000,
  0x0000, 0x0000, 0x0000, 0x0000, 0x0000, 0x0000, 0x0000, 0x0000, 0x0000, 0x0000, 0x0000, 0x0000,
  0x0000, 0x0000, 0x0000, 0x0000, 0x0000, 0x0000, 0x0000, 0x0000, 0x0000, 0x0000, 0x0000, 0x0000,
  0x0000, 0x0000, 0x0000, 0x0000, 0x0000, 0x0000, 0x0000, 0x0000, 0x0000, 0x0000, 0x0000, 0x0000,
  0x0000, 0x0000, 0x0000, 0x0000, 0x0000, 0x0000, 0x0000, 0x0000, 0x0000, 0x9B65, 0xED48, 0xF589,
  0x51E2, 0x0000, 0x0000, 0x0000, 0x0000, 0x0000, 0x0000, 0x0000, 0x0000, 0x0000, 0x0000, 0x0000,
  0x0000, 0x0000, 0x0000, 0x0000, 0x0000, 0x0000, 0x0000, 0x0000, 0x0000, 0x0000, 0x0000, 0x0000,
  0x0000, 0x0000, 0xCCC8, 0xFE4B, 0xF5CA, 0x20C1, 0x0000, 0x0000, 0x0000, 0x0000, 0x0000, 0x72E5,
  0xFF4F, 0xA448, 0x0000, 0x0020, 0x0000, 0xC4EA, 0x9BE8, 0x0000, 0x5224, 0xCD2A, 0x6243, 0xFE2A,
  0xD528, 0x0840, 0x0000, 0x0020, 0x0020, 0x0040, 0x0060, 0x0080, 0x00A0, 0x00C0, 0x0100, 0x0140,
  0x550B, 0x6DCE, 0x1BE3, 0x8EB4, 0x01E0, 0x4CEA, 0x6DEE, 0x0280, 0x9714, 0x1322, 0x65AE, 0x4C8A,
  0x0100, 0x8651, 0x2BA6, 0x0160, 0x0100, 0x00A0, 0x0080, 0x0060, 0x0040, 0x0040, 0x0020, 0x0020,
  0x0020, 0x0000, 0x5245, 0xFF51, 0xBCEA, 0x0000, 0x93C8, 0x8B87, 0x0000, 0xC54D, 0x8388, 0x0000,
  0x0000, 0x20E1, 0xF62D, 0xEDCC, 0x1060, 0x0000, 0x0000, 0x0000, 0x0000, 0x0840, 0xD5AD, 0xFEF0,
  0xEDED, 0x1881, 0x0000, 0x0000, 0x0000, 0x0000, 0x0000, 0x0000, 0x0000, 0x0000, 0x0000, 0x0000,
  0x0000, 0x0000, 0x0000, 0x0000, 0x0000, 0x0000, 0x0000, 0x0000, 0x0000, 0x0000, 0x0000, 0x0000,
  0x0000, 0x0000, 0xAC06, 0xFE2A, 0xFE0A, 0x51C3, 0x0000, 0x0000, 0x0000, 0x0000, 0x0000, 0x0000,
  0x0000, 0x0000, 0x0000, 0x0000, 0x0000, 0x0000, 0x0000, 0x0000, 0x0000, 0x0000, 0x0000, 0x0000,
  0x0000, 0x0000, 0x0000, 0x0000, 0x0000, 0x0000, 0x0000, 0x0000, 0x0000, 0x0000, 0x0000, 0x0000,
  0x0000, 0x0000, 0x0000, 0x0000, 0x0000, 0x0000, 0x0000, 0x0000, 0x0000, 0x0000, 0x0000, 0x0000,
  0x0000, 0x0000, 0x0000, 0x0000, 0x0000, 0x0000, 0x0000, 0x0000, 0x0000, 0x0000, 0x0000, 0x0000,
  0x0000, 0x0000, 0x0000, 0x0000, 0x0000, 0x0000, 0x0000, 0x0000, 0x0000, 0x0000, 0x0000, 0x0000,
  0x0000, 0x0000, 0x0000, 0x0000, 0x0000, 0x0000, 0x0000, 0x0000, 0x0000, 0x0000, 0x0000, 0x0000,
  0x0000, 0x0000, 0x0000, 0x0000, 0x0000, 0x0000, 0x0000, 0x0000, 0x0000, 0x0000, 0x0000, 0x0000,
  0x0000, 0x0000, 0x0000, 0x0000, 0x0000, 0x0000, 0x0000, 0x0000, 0x0000, 0x0000, 0x0000, 0x0000,
  0x0000, 0x0000, 0x0000, 0x0000, 0x0000, 0x0000, 0x0000, 0x0000, 0x0000, 0x0000, 0x0000, 0x0000,
  0x0000, 0x0000, 0x0000, 0x0000, 0x0000, 0x0000, 0x0000, 0x0000, 0x0000, 0x0000, 0x0000, 0x0000,
  0x0000, 0x0000, 0x0000, 0x0000, 0x0000, 0x0000, 0x0000, 0x0000, 0x0000, 0x0000, 0x0000, 0x0000,
  0x0000, 0x0000, 0x0000, 0x0000, 0x0000, 0x0000, 0x0000, 0x0000, 0x0000, 0x0000, 0x0000, 0x0000,
  0x0000, 0x0000, 0x0000, 0x0000, 0x0000, 0x0000, 0x0000, 0x0000, 0x0000, 0x0000, 0x0000, 0x0000,
  0x0000, 0x0000, 0x0000, 0x0000, 0x0000, 0x0000, 0x0000, 0x0000, 0x0000, 0x0000, 0x0000, 0x0000,
  0x0000, 0x0000, 0x0000, 0x0000, 0x3121, 0xE527, 0xED48, 0xBC46, 0x0020, 0x0000, 0x0000, 0x0000,
  0x0000, 0x0000, 0x0000, 0x0000, 0x0000, 0x0000, 0x0000, 0x0000, 0x0000, 0x0000, 0x0000, 0x0000,
  0x0000, 0x0000, 0x0000, 0x0000, 0x0000, 0x0000, 0x0000, 0x0000, 0x0000, 0x0000, 0x6243, 0xFE4B,
  0xFE2B, 0x8B25, 0x0000, 0x0000, 0x0000, 0x0000, 0x0000, 0x7306, 0xFF4F, 0xA468, 0x0000, 0x0000,
  0x0000, 0x0020, 0xD54B, 0x8B47, 0x0000, 0x5A44, 0xF5CA, 0xFDE9, 0xD508, 0x0840, 0x0000, 0x0020,
  0x0020, 0x0040, 0x0060, 0x0080, 0x00A0, 0x00C0, 0x0100, 0x0120, 0x2B86, 0x9F15, 0x8E92, 0x650D,
  0x0A21, 0x8693, 0xA736, 0x1363, 0x6DCF, 0x8672, 0x8EF3, 0x2304, 0x2B25, 0xB778, 0x6DCF, 0x0200,
  0x0100, 0x00A0, 0x0080, 0x0060, 0x0040, 0x0040, 0x0020, 0x0000, 0x0020, 0x0000, 0x5225, 0xFF30,
  0xB489, 0x8367, 0x9C08, 0x0000, 0xB4CB, 0x93E9, 0x0000, 0x0000, 0x0000, 0x20E1, 0xF62E, 0xEE0E,
  0x1081, 0x0000, 0x0000, 0x0000, 0x0000, 0x5224, 0xFEAE, 0xFEF0, 0x93C8, 0x0000, 0x0000, 0x0000,
  0x0000, 0x0000, 0x0000, 0x0000, 0x0000, 0x0000, 0x0000, 0x0000, 0x0000, 0x0000, 0x0000, 0x0000,
  0x0000, 0x0000, 0x0000, 0x0000, 0x0000, 0x0000, 0x0000, 0x0000, 0x0000, 0x0000, 0x3141, 0xFDC9,
  0xFE0A, 0xCC87, 0x0000, 0x0000, 0x0000, 0x0000, 0x0000, 0x0000, 0x0000, 0x0000, 0x0000, 0x0000,
  0x0000, 0x0000, 0x0000, 0x0000, 0x0000, 0x0000, 0x0000, 0x0000, 0x0000, 0x0000, 0x0000, 0x0000,
  0x0000, 0x0000, 0x0000, 0x0000, 0x0000, 0x0000, 0x0000, 0x0000, 0x0000, 0x0000, 0x0000, 0x0000,
  0x0000, 0x0000, 0x0000, 0x0000, 0x0000, 0x0000, 0x0000, 0x0000, 0x0000, 0x0000, 0x0000, 0x0000,
  0x0000, 0x0000, 0x0000, 0x0000, 0x0000, 0x0000, 0x0000, 0x0000, 0x0000, 0x0000, 0x0000, 0x0000,
  0x0000, 0x0000, 0x0000, 0x0000, 0x0000, 0x0000, 0x0000, 0x0000, 0x0000, 0x0000, 0x0000, 0x0000,
  0x0000, 0x0000, 0x0000, 0x0000, 0x0000, 0x0000, 0x0000, 0x0000, 0x0000, 0x0000, 0x0000, 0x0000,
  0x0000, 0x0000, 0x0000, 0x0000, 0x0000, 0x0000, 0x0000, 0x0000, 0x0000, 0x0000, 0x0000, 0x0000,
  0x0000, 0x0000, 0x0000, 0x0000, 0x0000, 0x0000, 0x0000, 0x0000, 0x0000, 0x0000, 0x0000, 0x0000,
  0x0000, 0x0000, 0x0000, 0x0000, 0x0000, 0x0000, 0x0000, 0x0000, 0x0000, 0x0000, 0x0000, 0x0000,
  0x0000, 0x0000, 0x0000, 0x0000, 0x0000, 0x0000, 0x0000, 0x0000, 0x0000, 0x0000, 0x0000, 0x0000,
  0x0000, 0x0000, 0x0000, 0x0000, 0x0000, 0x0000, 0x0000, 0x0000, 0x0000, 0x0000, 0x0000, 0x0000,
  0x0000, 0x0000, 0x0000, 0x0000, 0x0000, 0x0000, 0x0000, 0x0000, 0x0000, 0x0000, 0x0000, 0x0000,
  0x0000, 0x0000, 0x0000, 0x0000, 0x0000, 0x0000, 0x0000, 0x0000, 0x0000, 0x0000, 0x0000, 0x0000,
  0x0000, 0x0000, 0x0000, 0x0000, 0x0000, 0x0000, 0x0000, 0x0000, 0x0000, 0x0000, 0x0000, 0x0000,
  0xA3A5, 0xED48, 0xED68, 0x51C2, 0x0000, 0x0000, 0x0000, 0x0000, 0x0000, 0x0000, 0x0000, 0x0000,
  0x0000, 0x0000, 0x0000, 0x0000, 0x0000, 0x0000, 0x0000, 0x0000, 0x0000, 0x0000, 0x0000, 0x0000,
  0x0000, 0x0000, 0x0000, 0x0000, 0x0000, 0x0000, 0x0840, 0xDD28, 0xFE0A, 0xE569, 0x1080, 0x0000,
  0x0000, 0x0000, 0x0000, 0x72E5, 0xFF2D, 0xA447, 0x0000, 0x5204, 0x72A5, 0x0000, 0x1060, 0xDD6B,
  0x6A85, 0x0000, 0x72C4, 0xFE6B, 0xD529, 0x0840, 0x0000, 0x0020, 0x0040, 0x0040, 0x0060, 0x0080,
  0x00A0, 0x00C0, 0x00E0, 0x0140, 0x0180, 0x2B25, 0x43E8, 0x0200, 0x0A61, 0x3C28, 0x4429, 0x1303,
  0x0260, 0x3C28, 0x2385, 0x01E0, 0x2385, 0x4429, 0x3BA8, 0x0180, 0x00C0, 0x00A0, 0x0080, 0x0060,
  0x0040, 0x0040, 0x0020, 0x0000, 0x0020, 0x0000, 0x5245, 0xFEF0, 0xF68E, 0x9C28, 0x0000, 0xAC6A,
  0xA44A, 0x0000, 0x3163, 0x7B47, 0x1881, 0x20E1, 0xF690, 0xEE0E, 0x1081, 0x0000, 0x0000, 0x0000,
  0x0000, 0xC50B, 0xFECE, 0xF62D, 0x20E1, 0x0000, 0x0000, 0x0000, 0x0000, 0x0000, 0x0000, 0x0000,
  0x0000, 0x0000, 0x0000, 0x0000, 0x0000, 0x0000, 0x0000, 0x0000, 0x0000, 0x0000, 0x0000, 0x0000,
  0x0000, 0x0000, 0x0000, 0x0000, 0x0000, 0x0000, 0x0000, 0xABE6, 0xFE0A, 0xFE0A, 0x51C3, 0x0000,
  0x0000, 0x0000, 0x0000, 0x0000, 0x0000, 0x0000, 0x0000, 0x0000, 0x0000, 0x0000, 0x0000, 0x0000,
  0x0000, 0x0000, 0x0000, 0x0000, 0x0000, 0x0000, 0x0000, 0x0000, 0x0000, 0x0000, 0x0000, 0x0000,
  0x0000, 0x0000, 0x0000, 0x0000, 0x0000, 0x0000, 0x0000, 0x0000, 0x0000, 0x0000, 0x0000, 0x0000,
  0x0000, 0x0000, 0x0000, 0x0000, 0x0000, 0x0000, 0x0000, 0x0000, 0x0000, 0x0000, 0x0000, 0x0000,
  0x0000, 0x0000, 0x0000, 0x0000, 0x0000, 0x0000, 0x0000, 0x0000, 0x0000, 0x0000, 0x0000, 0x0000,
  0x0000, 0x0000, 0x0000, 0x0000, 0x0000, 0x0000, 0x0000, 0x0000, 0x0000, 0x0000, 0x0000, 0x0000,
  0x0000, 0x0000, 0x0000, 0x0000, 0x0000, 0x0000, 0x0000, 0x0000, 0x0000, 0x0000, 0x0000, 0x0000,
  0x0000, 0x0000, 0x0000, 0x0000, 0x0000, 0x0000, 0x0000, 0x0000, 0x0000, 0x0000, 0x0000, 0x0000,
  0x0000, 0x0000, 0x0000, 0x0000, 0x0000, 0x0000, 0x0000, 0x0000, 0x0000, 0x0000, 0x0000, 0x0000,
  0x0000, 0x0000, 0x0000, 0x0000, 0x0000, 0x0000, 0x0000, 0x0000, 0x0000, 0x0000, 0x0000, 0x0000,
  0x0000, 0x0000, 0x0000, 0x0000, 0x0000, 0x0000, 0x0000, 0x0000, 0x0000, 0x0000, 0x0000, 0x0000,
  0x0000, 0x0000, 0x0000, 0x0000, 0x0000, 0x0000, 0x0000, 0x0000, 0x0000, 0x0000, 0x0000, 0x0000,
  0x0000, 0x0000, 0x0000, 0x0000, 0x0000, 0x0000, 0x0000, 0x0000, 0x0000, 0x0000, 0x0000, 0x0000,
  0x0000, 0x0000, 0x0000, 0x0000, 0x0000, 0x0000, 0x0000, 0x0000, 0x0000, 0x0000, 0x0000, 0x0000,
  0x0000, 0x0000, 0x0000, 0x0000, 0x0000, 0x0000, 0x0000, 0x3942, 0xE527, 0xE527, 0xB406, 0x0020,
  0x0000, 0x0000, 0x0000, 0x0000, 0x0000, 0x0000, 0x0000, 0x0000, 0x0000, 0x0000, 0x0000, 0x0000,
  0x0000, 0x0000, 0x0000, 0x0000, 0x0000, 0x0000, 0x0000, 0x0000, 0x0000, 0x0000, 0x0000, 0x0000,
  0x0000, 0x0000, 0x0000, 0x7AA3, 0xFE0A, 0xFE2B, 0x7AC4, 0x0000, 0x0000, 0x0000, 0x0000, 0x72C5,
  0xFEEC, 0x93A6, 0x49C3, 0xBC69, 0x93A7, 0x9BC7, 0x0000, 0x20C1, 0xDD6A, 0x18A1, 0x3962, 0xFE8C,
  0xDD6A, 0x0840, 0x0000, 0x0020, 0x0020, 0x0040, 0x0060, 0x0060, 0x0080, 0x00C0, 0x00E0, 0x0120,
  0x0120, 0x00E0, 0x0180, 0x0240, 0x0200, 0x01A0, 0x01A0, 0x01C0, 0x01A0, 0x0200, 0x0220, 0x0240,
  0x01A0, 0x0160, 0x0100, 0x00E0, 0x00C0, 0x00A0, 0x0080, 0x0060, 0x0040, 0x0020, 0x0020, 0x0000,
  0x0000, 0x0000, 0x5245, 0xFF53, 0xD5AD, 0x0000, 0x8348, 0xBCEB, 0x0000, 0x2922, 0xBCCA, 0x8367,
  0xB469, 0x2102, 0xF66F, 0xEDED, 0x1060, 0x0000, 0x0000, 0x0000, 0x41C4, 0xFED0, 0xFEEF, 0xA408,
  0x0000, 0x0000, 0x0000, 0x0000, 0x0000, 0x0000, 0x0000, 0x0000, 0x0000, 0x0000, 0x0000, 0x0000,
  0x0000, 0x0000, 0x0000, 0x0000, 0x0000, 0x0000, 0x0000, 0x0000, 0x0000, 0x0000, 0x0000, 0x0000,
  0x0000, 0x0000, 0x0000, 0x3941, 0xF5A9, 0xFE0A, 0xCCA8, 0x0000, 0x0000, 0x0000, 0x0000, 0x0000,
  0x0000, 0x0000, 0x0000, 0x0000, 0x0000, 0x0000, 0x0000, 0x0000, 0x0000, 0x0000, 0x0000, 0x0000,
  0x0000, 0x0000, 0x0000, 0x0000, 0x0000, 0x0000, 0x0000, 0x0000, 0x0000, 0x0000, 0x0000, 0x0000,
  0x0000, 0x0000, 0x0000, 0x0000, 0x0000, 0x0000, 0x0000, 0x0000, 0x0000, 0x0000, 0x0000, 0x0000,
  0x0000, 0x0000, 0x0000, 0x0000, 0x0000, 0x0000, 0x0000, 0x0000, 0x0000, 0x0000, 0x0000, 0x0000,
  0x0000, 0x0000, 0x0000, 0x0000, 0x0000, 0x0000, 0x0000, 0x0000, 0x0000, 0x0000, 0x0000, 0x0000,
  0x0000, 0x0000, 0x0000, 0x0000, 0x0000, 0x0000, 0x0000, 0x0000, 0x0000, 0x0000, 0x0000, 0x0000,
  0x0000, 0x0000, 0x0000, 0x0000, 0x0000, 0x0000, 0x0000, 0x0000, 0x0000, 0x0000, 0x0000, 0x0000,
  0x0000, 0x0000, 0x0000, 0x0000, 0x0000, 0x0000, 0x0000, 0x0000, 0x0000, 0x0000, 0x0000, 0x0000,
  0x0000, 0x0000, 0x0000, 0x0000, 0x0000, 0x0000, 0x0000, 0x0000, 0x0000, 0x0000, 0x0000, 0x0000,
  0x0000, 0x0000, 0x0000, 0x0000, 0x0000, 0x0000, 0x0000, 0x0000, 0x0000, 0x0000, 0x0000, 0x0000,
  0x0000, 0x0000, 0x0000, 0x0000, 0x0000, 0x0000, 0x0000, 0x0000, 0x0000, 0x0000, 0x0000, 0x0000,
  0x0000, 0x0000, 0x0000, 0x0000, 0x0000, 0x0000, 0x0000, 0x0000, 0x0000, 0x0000, 0x0000, 0x0000,
  0x0000, 0x0000, 0x0000, 0x0000, 0x0000, 0x0000, 0x0000, 0x0000, 0x0000, 0x0000, 0x0000, 0x0000,
  0x0000, 0x0000, 0x0000, 0x0000, 0x0000, 0x0000, 0x0000, 0x0000, 0x0000, 0x0000, 0x0000, 0x0000,
  0x0000, 0x0000, 0x0000, 0xA3E5, 0xED68, 0xED27, 0x49A2, 0x0000, 0x0000, 0x0000, 0x0000, 0x0000,
  0x0000, 0x0000, 0x0000, 0x0000, 0x0000, 0x0000, 0x0000, 0x0000, 0x0000, 0x0000, 0x0000, 0x0000,
  0x0000, 0x0000, 0x0000, 0x0000, 0x0000, 0x0000, 0x0000, 0x0000, 0x0000, 0x0000, 0x0000, 0x1880,
  0xED68, 0xFE2A, 0xD508, 0x0840, 0x0000, 0x0000, 0x0000, 0x72C5, 0xFEED, 0x9386, 0x5A24, 0xABE7,
  0x6A84, 0xA408, 0x0000, 0x0000, 0xBC68, 0x2902, 0x3962, 0xFE6B, 0xDD8B, 0x0860, 0x0000, 0x0020,
  0x0020, 0x0040, 0x0060, 0x0060, 0x0080, 0x00C0, 0x00E0, 0x0100, 0x0160, 0x6D6E, 0x654D, 0x01C0,
  0x12E2, 0x8652, 0x4C8A, 0x0160, 0x3C07, 0x96B3, 0x8671, 0x0AC1, 0x2384, 0x9694, 0x1A84, 0x00A0,
  0x00C0, 0x00A0, 0x0080, 0x0060, 0x0040, 0x0040, 0x0020, 0x0000, 0x0020, 0x0000, 0x5245, 0xFF72,
  0xBD0B, 0x0000, 0xAC6A, 0x5224, 0x0000, 0x3983, 0xB4AA, 0x5A45, 0xBCAA, 0x20E2, 0xF60D, 0xEDCC,
  0x1060, 0x0000, 0x0020, 0x0000, 0xB4CC, 0xFF11, 0xFE8F, 0x3963, 0x0000, 0x0000, 0x0000, 0x0000,
  0x0000, 0x0000, 0x0000, 0x0000, 0x0000, 0x0000, 0x0000, 0x0000, 0x0000, 0x0000, 0x0000, 0x0000,
  0x0000, 0x0000, 0x0000, 0x0000, 0x0000, 0x0000, 0x0000, 0x0000, 0x0000, 0x0000, 0x0000, 0x0000,
  0xABE6, 0xFE0A, 0xFE0A, 0x51C3, 0x0000, 0x0000, 0x0000, 0x0000, 0x0000, 0x0000, 0x0000, 0x0000,
  0x0000, 0x0000, 0x0000, 0x0000, 0x0000, 0x0000, 0x0000, 0x0000, 0x0000, 0x0000, 0x0000, 0x0000,
  0x0000, 0x0000, 0x0000, 0x0000, 0x0000, 0x0000, 0x0000, 0x0000, 0x0000, 0x0000, 0x0000, 0x0000,
  0x0000, 0x0000, 0x0000, 0x0000, 0x0000, 0x0000, 0x0000, 0x0000, 0x0000, 0x0000, 0x0000, 0x0000,
  0x0000, 0x0000, 0x0000, 0x0000, 0x0000, 0x0000, 0x0000, 0x0000, 0x0000, 0x0000, 0x0000, 0x0000,
  0x0000, 0x0000, 0x0000, 0x0000, 0x0000, 0x0000, 0x0000, 0x0000, 0x0000, 0x0000, 0x0000, 0x0000,
  0x0000, 0x0000, 0x0000, 0x0000, 0x0000, 0x0000, 0x0000, 0x0000, 0x0000, 0x0000, 0x0000, 0x0000,
  0x0000, 0x0000, 0x0000, 0x0000, 0x0000, 0x0000, 0x0000, 0x0000, 0x0000, 0x0000, 0x0000, 0x0000,
  0x0000, 0x0000, 0x0000, 0x0000, 0x0000, 0x0000, 0x0000, 0x0000, 0x0000, 0x0000, 0x0000, 0x0000,
  0x0000, 0x0000, 0x0000, 0x0000, 0x0000, 0x0000, 0x0000, 0x0000, 0x0000, 0x0000, 0x0000, 0x0000,
  0x0000, 0x0000, 0x0000, 0x0000, 0x0000, 0x0000, 0x0000, 0x0000, 0x0000, 0x0000, 0x0000, 0x0000,
  0x0000, 0x0000, 0x0000, 0x0000, 0x0000, 0x0000, 0x0000, 0x0000, 0x0000, 0x0000, 0x0000, 0x0000,
  0x0000, 0x0000, 0x0000, 0x0000, 0x0000, 0x0000, 0x0000, 0x0000, 0x0000, 0x0000, 0x0000, 0x0000,
  0x0000, 0x0000, 0x0000, 0x0000, 0x0000, 0x0000, 0x0000, 0x0000, 0x0000, 0x0000, 0x0000, 0x0000,
  0x0000, 0x0000, 0x0000, 0x0000, 0x0000, 0x0000, 0x0000, 0x0000, 0x0000, 0x0000, 0x3141, 0xE548,
  0xED89, 0xBC46, 0x0000, 0x0000, 0x0000, 0x0000, 0x0000, 0x0000, 0x0000, 0x0000, 0x0000, 0x0000,
  0x0000, 0x0000, 0x0000, 0x0000, 0x0000, 0x0000, 0x0000, 0x0000, 0x0000, 0x0000, 0x0000, 0x0000,
  0x0000, 0x0000, 0x0000, 0x0000, 0x0000, 0x0000, 0x0000, 0x0000, 0x8B45, 0xFE2A, 0xFDE9, 0x59E3,
  0x0000, 0x0820, 0x0000, 0x7B26, 0xFF2F, 0xA448, 0x0000, 0x72A5, 0xD529, 0x8B46, 0x0000, 0x0000,
  0xB468, 0x2922, 0x3962, 0xFE6B, 0xDD6A, 0x0840, 0x0000, 0x0020, 0x0020, 0x0040, 0x0060, 0x0080,
  0x0080, 0x00C0, 0x00E0, 0x0140, 0x0200, 0x6DCE, 0x8651, 0x0200, 0x12A2, 0x7E31, 0x654D, 0x0180,
  0x96D4, 0x3CA8, 0x8EB3, 0x4489, 0x1B03, 0xA736, 0x2B06, 0x00A0, 0x00E0, 0x00A0, 0x0080, 0x0060,
  0x0040, 0x0040, 0x0020, 0x0000, 0x0020, 0x0000, 0x5225, 0xFF31, 0xC50A, 0x0000, 0x9BE8, 0x5A45,
  0x0000, 0x0000, 0xBCAA, 0xB4CA, 0x2902, 0x18C1, 0xF62D, 0xEDED, 0x1881, 0x0000, 0x0000, 0x3163,
  0xFE8F, 0xFECF, 0xBCAA, 0x0000, 0x0000, 0x0000, 0x0000, 0x0000, 0x0000, 0x0000, 0x0000, 0x0000,
  0x0000, 0x0000, 0x0000, 0x0000, 0x0000, 0x0000, 0x0000, 0x0000, 0x0000, 0x0000, 0x0000, 0x0000,
  0x0000, 0x0000, 0x0000, 0x0000, 0x0000, 0x0000, 0x0000, 0x0000, 0x3962, 0xFDEA, 0xFE0A, 0xBC46,
  0x0000, 0x0000, 0x0000, 0x0000, 0x0000, 0x0000, 0x0000, 0x0000, 0x0000, 0x0000, 0x0000, 0x0000,
  0x0000, 0x0000, 0x0000, 0x0000, 0x0000, 0x0000, 0x0000, 0x0000, 0x0000, 0x0000, 0x0000, 0x0000,
  0x0000, 0x0000, 0x0000, 0x0000, 0x0000, 0x0000, 0x0000, 0x0000, 0x0000, 0x0000, 0x0000, 0x0000,
  0x0000, 0x0000, 0x0000, 0x0000, 0x0000, 0x0000, 0x0000, 0x0000, 0x0000, 0x0000, 0x0000, 0x0000,
  0x0000, 0x0000, 0x0000, 0x0000, 0x0000, 0x0000, 0x0000, 0x0000, 0x0000, 0x0000, 0x0000, 0x0000,
  0x0000, 0x0000, 0x0000, 0x0000, 0x0000, 0x0000, 0x0000, 0x0000, 0x0000, 0x0000, 0x0000, 0x0000,
  0x0000, 0x0000, 0x0000, 0x0000, 0x0000, 0x0000, 0x0000, 0x0000, 0x0000, 0x0000, 0x0000, 0x0000,
  0x0000, 0x0000, 0x0000, 0x0000, 0x0000, 0x0000, 0x0000, 0x0000, 0x0000, 0x0000, 0x0000, 0x0000,
  0x0000, 0x0000, 0x0000, 0x0000, 0x0000, 0x0000, 0x0000, 0x0000, 0x0000, 0x0000, 0x0000, 0x0000,
  0x0000, 0x0000, 0x0000, 0x0000, 0x0000, 0x0000, 0x0000, 0x0000, 0x0000, 0x0000, 0x0000, 0x0000,
  0x0000, 0x0000, 0x0000, 0x0000, 0x0000, 0x0000, 0x0000, 0x0000, 0x0000, 0x0000, 0x0000, 0x0000,
  0x0000, 0x0000, 0x0000, 0x0000, 0x0000, 0x0000, 0x0000, 0x0000, 0x0000, 0x0000, 0x0000, 0x0000,
  0x0000, 0x0000, 0x0000, 0x0000, 0x0000, 0x0000, 0x0000, 0x0000, 0x0000, 0x0000, 0x0000, 0x0000,
  0x0000, 0x0000, 0x0000, 0x0000, 0x0000, 0x0000, 0x0000, 0x0000, 0x0000, 0x0000, 0x0000, 0x0000,
  0x0000, 0x0000, 0x0000, 0x0000, 0x0000, 0x0000, 0x9BA5, 0xE548, 0xED68, 0x49A2, 0x0000, 0x0000,
  0x0000, 0x0000, 0x0000, 0x0000, 0x0000, 0x0000, 0x0000, 0x0000, 0x0000, 0x0000, 0x0000, 0x0000,
  0x0000, 0x0000, 0x0000, 0x0000, 0x0000, 0x0000, 0x0000, 0x0000, 0x0000, 0x0000, 0x0000, 0x0000,
  0x0000, 0x0000, 0x0000, 0x0000, 0x20E1, 0xF5A9, 0xFE09, 0xC487, 0x0000, 0x0020, 0x0000, 0x7B26,
  0xFF2E, 0xA428, 0x0000, 0x0000, 0x0000, 0xBC88, 0x49E3, 0x0000, 0xBCCA, 0x3142, 0x3962, 0xFE6B,
  0xD549, 0x0840, 0x0000, 0x0020, 0x0020, 0x0040, 0x0060, 0x0080, 0x00A0, 0x00C0, 0x00E0, 0x0180,
  0x01E0, 0x2C06, 0x7E10, 0x01E0, 0x0140, 0x3C28, 0x554C, 0x01E0, 0x9715, 0x1382, 0x6E0F, 0x4CEA,
  0x0100, 0x7610, 0x2325, 0x0100, 0x0120, 0x00A0, 0x0080, 0x0060, 0x0040, 0x0040, 0x0020, 0x0000,
  0x0020, 0x0000, 0x5245, 0xFF30, 0xBCC9, 0x0000, 0xA429, 0x5A65, 0x0000, 0x93A7, 0xB468, 0x0000,
  0x0000, 0x2902, 0xF66F, 0xEE2E, 0x18A1, 0x0000, 0x0000, 0x9BC8, 0xFEAE, 0xFE8E, 0x49C3, 0x0000,
  0x0000, 0x0000, 0x0000, 0x0000, 0x0000, 0x0000, 0x0000, 0x0000, 0x0000, 0x0000, 0x0000, 0x0000,
  0x0000, 0x0000, 0x0000, 0x0000, 0x0000, 0x0000, 0x0000, 0x0000, 0x0000, 0x0000, 0x0000, 0x0000,
  0x0000, 0x0000, 0x0000, 0x0000, 0x0000, 0xB406, 0xFDE9, 0xFDA9, 0x4982, 0x0000, 0x0000, 0x0000,
  0x0000, 0x0000, 0x0000, 0x0000, 0x0000, 0x0000, 0x0000, 0x0000, 0x0000, 0x0000, 0x0000, 0x0000,
  0x0000, 0x0000, 0x0000, 0x0000, 0x0000, 0x0000, 0x0000, 0x0000, 0x0000, 0x0000, 0x0000, 0x0000,
  0x0000, 0x0000, 0x0000, 0x0000, 0x0000, 0x0000, 0x0000, 0x0000, 0x0000, 0x0000, 0x0000, 0x0000,
  0x0000, 0x0000, 0x0000, 0x0000, 0x0000, 0x0000, 0x0000, 0x0000, 0x0000, 0x0000, 0x0000, 0x0000,
  0x0000, 0x0000, 0x0000, 0x0000, 0x0000, 0x0000, 0x0000, 0x0000, 0x0000, 0x0000, 0x0000, 0x0000,
  0x0000, 0x0000, 0x0000, 0x0000, 0x0000, 0x0000, 0x0000, 0x0000, 0x0000, 0x0000, 0x0000, 0x0000,
  0x0000, 0x0000, 0x0000, 0x0000, 0x0000, 0x0000, 0x0000, 0x0000, 0x0000, 0x0000, 0x0000, 0x0000,
  0x0000, 0x0000, 0x0000, 0x0000, 0x0000, 0x0000, 0x0000, 0x0000, 0x0000, 0x0000, 0x0000, 0x0000,
  0x0000, 0x0000, 0x0000, 0x0000, 0x0000, 0x0000, 0x0000, 0x0000, 0x0000, 0x0000, 0x0000, 0x0000,
  0x0000, 0x0000, 0x0000, 0x0000, 0x0000, 0x0000, 0x0000, 0x0000, 0x0000, 0x0000, 0x0000, 0x0000,
  0x0000, 0x0000, 0x0000, 0x0000, 0x0000, 0x0000, 0x0000, 0x0000, 0x0000, 0x0000, 0x0000, 0x0000,
  0x0000, 0x0000, 0x0000, 0x0000, 0x0000, 0x0000, 0x0000, 0x0000, 0x0000, 0x0000, 0x0000, 0x0000,
  0x0000, 0x0000, 0x0000, 0x0000, 0x0000, 0x0000, 0x0000, 0x0000, 0x0000, 0x0000, 0x0000, 0x0000,
  0x0000, 0x0000, 0x0000, 0x0000, 0x0000, 0x0000, 0x0000, 0x0000, 0x0000, 0x0000, 0x0000, 0x0000,
  0x0000, 0x3941, 0xE527, 0xE527, 0xB3E5, 0x0000, 0x0000, 0x0000, 0x0000, 0x0000, 0x0000, 0x0000,
  0x0000, 0x0000, 0x0000, 0x0000, 0x0000, 0x0000, 0x0000, 0x0000, 0x0000, 0x0000, 0x0000, 0x0000,
  0x0000, 0x0000, 0x0000, 0x0000, 0x0000, 0x0000, 0x0000, 0x0000, 0x0000, 0x0000, 0x0000, 0x0000,
  0x0000, 0xABE6, 0xFE4B, 0xFE2A, 0x49A2, 0x0000, 0x0000, 0x6A84, 0xFEAA, 0xA3E6, 0x0000, 0x0840,
  0x0000, 0x7AE5, 0x8345, 0x0000, 0xC50B, 0x3143, 0x3941, 0xFE4A, 0xD529, 0x0840, 0x0000, 0x0020,
  0x0020, 0x0040, 0x0060, 0x0080, 0x00A0, 0x00C0, 0x00E0, 0x0160, 0x0261, 0x7E30, 0xB777, 0x12A3,
  0x0A22, 0x8672, 0x96F4, 0x1363, 0x760F, 0x8691, 0x9714, 0x2324, 0x2B45, 0xB798, 0x6D8E, 0x01C0,
  0x0100, 0x00C0, 0x0080, 0x0080, 0x0040, 0x0040, 0x0020, 0x0000, 0x0020, 0x0000, 0x5225, 0xFF30,
  0xBCEA, 0x0000, 0xACAB, 0x5A65, 0x1080, 0xB489, 0xACA9, 0x3162, 0x0000, 0x2102, 0xF64D, 0xEDCC,
  0x1080, 0x0000, 0x18A1, 0xEDEC, 0xFEAF, 0xCD0B, 0x0000, 0x0000, 0x0000, 0x0000, 0x0000, 0x0000,
  0x0000, 0x0000, 0x0000, 0x0000, 0x0000, 0x0000, 0x0000, 0x0000, 0x0000, 0x0000, 0x0000, 0x0000,
  0x0000, 0x0000, 0x0000, 0x0000, 0x0000, 0x0000, 0x0000, 0x0000, 0x0000, 0x0000, 0x0000, 0x0000,
  0x0000, 0x3961, 0xFDA9, 0xFDC9, 0xBC26, 0x0000, 0x0000, 0x0000, 0x0000, 0x0000, 0x0000, 0x0000,
  0x0000, 0x0000, 0x0000, 0x0000, 0x0000, 0x0000, 0x0000, 0x0000, 0x0000, 0x0000, 0x0000, 0x0000,
  0x0000, 0x0000, 0x0000, 0x0000, 0x0000, 0x0000, 0x0000, 0x0000, 0x0000, 0x0000, 0x0000, 0x0000,
  0x0000, 0x0000, 0x0000, 0x0000, 0x0000, 0x0000, 0x0000, 0x0000, 0x0000, 0x0000, 0x0000, 0x0000,
  0x0000, 0x0000, 0x0000, 0x0000, 0x0000, 0x0000, 0x0000, 0x0000, 0x0000, 0x0000, 0x0000, 0x0000,
  0x0000, 0x0000, 0x0000, 0x0000, 0x0000, 0x0000, 0x0000, 0x0000, 0x0000, 0x0000, 0x0000, 0x0000,
  0x0000, 0x0000, 0x0000, 0x0000, 0x0000, 0x0000, 0x0000, 0x0000, 0x0000, 0x0000, 0x0000, 0x0000,
  0x0000, 0x0000, 0x0000, 0x0000, 0x0000, 0x0000, 0x0000, 0x0000, 0x0000, 0x0000, 0x0000, 0x0000,
  0x0000, 0x0000, 0x0000, 0x0000, 0x0000, 0x0000, 0x0000, 0x0000, 0x0000, 0x0000, 0x0000, 0x0000,
  0x0000, 0x0000, 0x0000, 0x0000, 0x0000, 0x0000, 0x0000, 0x0000, 0x0000, 0x0000, 0x0000, 0x0000,
  0x0000, 0x0000, 0x0000, 0x0000, 0x0000, 0x0000, 0x0000, 0x0000, 0x0000, 0x0000, 0x0000, 0x0000,
  0x0000, 0x0000, 0x0000, 0x0000, 0x0000, 0x0000, 0x0000, 0x0000, 0x0000, 0x0000, 0x0000, 0x0000,
  0x0000, 0x0000, 0x0000, 0x0000, 0x0000, 0x0000, 0x0000, 0x0000, 0x0000, 0x0000, 0x0000, 0x0000,
  0x0000, 0x0000, 0x0000, 0x0000, 0x0000, 0x0000, 0x0000, 0x0000, 0x0000, 0x0000, 0x0000, 0x0000,
  0x0000, 0x0000, 0x0000, 0x0000, 0x0000, 0x0000, 0x0000, 0x0000, 0x0000, 0x9B84, 0xE527, 0xE527,
  0x49A2, 0x0000, 0x0000, 0x0000, 0x0000, 0x0000, 0x0000, 0x0000, 0x0000, 0x0000, 0x0000, 0x0000,
  0x0000, 0x0000, 0x0000, 0x0000, 0x0000, 0x0000, 0x0000, 0x0000, 0x0000, 0x0000, 0x0000, 0x0000,
  0x0000, 0x0000, 0x0000, 0x0000, 0x0000, 0x0000, 0x0000, 0x0000, 0x0000, 0x3962, 0xFE0A, 0xFE4A,
  0xAC27, 0x0000, 0x0000, 0x6A83, 0xFEAA, 0xA406, 0x0000, 0x1061, 0xA429, 0x6AA4, 0x4183, 0x0000,
  0xBCCA, 0x2922, 0x3941, 0xFE4A, 0xD529, 0x0840, 0x0000, 0x0020, 0x0020, 0x0040, 0x0060, 0x0080,
  0x00A0, 0x00C0, 0x00E0, 0x0140, 0x0261, 0x4429, 0x43E9, 0x1243, 0x0A02, 0x4429, 0x4449, 0x1363,
  0x02E0, 0x4449, 0x2325, 0x0160, 0x2325, 0x4C4A, 0x4428, 0x01E0, 0x0100, 0x00A0, 0x0080, 0x0080,
  0x0040, 0x0020, 0x0020, 0x0000, 0x0020, 0x0000, 0x5245, 0xFF31, 0xBCEA, 0x0000, 0xACCB, 0x5265,
  0x18A1, 0x93A7, 0x9C29, 0x3162, 0x0000, 0x20E1, 0xF5EB, 0xEDAB, 0x1061, 0x0000, 0x8387, 0xFECF,
  0xFECF, 0x6265, 0x0000, 0x0000, 0x0000, 0x0000, 0x0000, 0x0000, 0x0000, 0x0000, 0x0000, 0x0000,
  0x0000, 0x0000, 0x0000, 0x0000, 0x0000, 0x0000, 0x0000, 0x0000, 0x0000, 0x0000, 0x0000, 0x0000,
  0x0000, 0x0000, 0x0000, 0x0000, 0x0000, 0x0000, 0x0000, 0x0000, 0x0000, 0x0000, 0xABE5, 0xFDA8,
  0xF588, 0x4982, 0x0000, 0x0000, 0x0000, 0x0000, 0x0000, 0x0000, 0x0000, 0x0000, 0x0000, 0x0000,
  0x0000, 0x0000, 0x0000, 0x0000, 0x0000, 0x0000, 0x0000, 0x0000, 0x0000, 0x0000, 0x0000, 0x0000,
  0x0000, 0x0000, 0x0000, 0x0000, 0x0000, 0x0000, 0x0000, 0x0000, 0x0000, 0x0000, 0x0000, 0x0000,
  0x0000, 0x0000, 0x0000, 0x0000, 0x0000, 0x0000, 0x0000, 0x0000, 0x0000, 0x0000, 0x0000, 0x0000,
  0x0000, 0x0000, 0x0000, 0x0000, 0x0000, 0x0000, 0x0000, 0x0000, 0x0000, 0x0000, 0x0000, 0x0000,
  0x0000, 0x0000, 0x0000, 0x0000, 0x0000, 0x0000, 0x0000, 0x0000, 0x0000, 0x0000, 0x0000, 0x0000,
  0x0000, 0x0000, 0x0000, 0x0000, 0x0000, 0x0000, 0x0000, 0x0000, 0x0000, 0x0000, 0x0000, 0x0000,
  0x0000, 0x0000, 0x0000, 0x0000, 0x0000, 0x0000, 0x0000, 0x0000, 0x0000, 0x0000, 0x0000, 0x0000,
  0x0000, 0x0000, 0x0000, 0x0000, 0x0000, 0x0000, 0x0000, 0x0000, 0x0000, 0x0000, 0x0000, 0x0000,
  0x0000, 0x0000, 0x0000, 0x0000, 0x0000, 0x0000, 0x0000, 0x0000, 0x0000, 0x0000, 0x0000, 0x0000,
  0x0000, 0x0000, 0x0000, 0x0000, 0x0000, 0x0000, 0x0000, 0x0000, 0x0000, 0x0000, 0x0000, 0x0000,
  0x0000, 0x0000, 0x0000, 0x0000, 0x0000, 0x0000, 0x0000, 0x0000, 0x0000, 0x0000, 0x0000, 0x0000,
  0x0000, 0x0000, 0x0000, 0x0000, 0x0000, 0x0000, 0x0000, 0x0000, 0x0000, 0x0000, 0x0000, 0x0000,
  0x0000, 0x0000, 0x0000, 0x0000, 0x0000, 0x0000, 0x0000, 0x0000, 0x0000, 0x0000, 0x0000, 0x0000,
  0x0000, 0x0000, 0x0000, 0x0000, 0x3121, 0xDCE6, 0xDD07, 0xB3E5, 0x0000, 0x0000, 0x0000, 0x0000,
  0x0000, 0x0000, 0x0000, 0x0000, 0x0000, 0x0000, 0x0000, 0x0000, 0x0000, 0x0000, 0x0000, 0x0000,
  0x0000, 0x0000, 0x0000, 0x0000, 0x0000, 0x0000, 0x0000, 0x0000, 0x0000, 0x0000, 0x0000, 0x0000,
  0x0000, 0x0000, 0x0000, 0x0000, 0x0000, 0x0000, 0xBC67, 0xFE0A, 0xF5C9, 0x3121, 0x0000, 0x3962,
  0xFECD, 0xAC68, 0x0000, 0x1061, 0xCD4B, 0x20C1, 0x0000, 0x0000, 0xB489, 0x2922, 0x3941, 0xFE6A,
  0xD549, 0x0840, 0x0000, 0x0020, 0x0020, 0x0040, 0x0040, 0x0060, 0x0080, 0x00C0, 0x00E0, 0x0120,
  0x0140, 0x0120, 0x0120, 0x0120, 0x01A0, 0x0180, 0x0240, 0x0280, 0x01E0, 0x0160, 0x0120, 0x0160,
  0x0140, 0x0180, 0x01C0, 0x0180, 0x00E0, 0x00A0, 0x0080, 0x0060, 0x0040, 0x0040, 0x0020, 0x0000,
  0x0020, 0x0000, 0x5245, 0xFF51, 0xBCEA, 0x0000, 0xAC8A, 0x5245, 0x1880, 0x7AE3, 0x9C29, 0x3143,
  0x0000, 0x20E1, 0xFE8E, 0x9BE8, 0x0000, 0x18A1, 0xEDEC, 0xFEAE, 0xDD8B, 0x0840, 0x0000, 0x0000,
  0x0000, 0x0000, 0x0000, 0x0000, 0x0000, 0x0000, 0x0000, 0x0000, 0x0000, 0x0000, 0x0000, 0x0000,
  0x0000, 0x0000, 0x0000, 0x0000, 0x0000, 0x0000, 0x0000, 0x0000, 0x0000, 0x0000, 0x0000, 0x0000,
  0x0000, 0x0000, 0x0000, 0x0000, 0x0000, 0x0000, 0x3121, 0xF567, 0xFD88, 0xB3E5, 0x0000, 0x0000,
  0x0000, 0x0000, 0x0000, 0x0000, 0x0000, 0x0000, 0x0000, 0x0000, 0x0000, 0x0000, 0x0000, 0x0000,
  0x0000, 0x0000, 0x0000, 0x0000, 0x0000, 0x0000, 0x0000, 0x0000, 0x0000, 0x0000, 0x0000, 0x0000,
  0x0000, 0x0000, 0x0000, 0x0000, 0x0000, 0x0000, 0x0000, 0x0000, 0x0000, 0x0000, 0x0000, 0x0000,
  0x0000, 0x0000, 0x0000, 0x0000, 0x0000, 0x0000, 0x0000, 0x0000, 0x0000, 0x0000, 0x0000, 0x0000,
  0x0000, 0x0000, 0x0000, 0x0000, 0x0000, 0x0000, 0x0000, 0x0000, 0x0000, 0x0000, 0x0000, 0x0000,
  0x0000, 0x0000, 0x0000, 0x0000, 0x0000, 0x0000, 0x0000, 0x0000, 0x0000, 0x0000, 0x0000, 0x0000,
  0x0000, 0x0000, 0x0000, 0x0000, 0x0000, 0x0000, 0x0000, 0x0000, 0x0000, 0x0000, 0x0000, 0x0000,
  0x0000, 0x0000, 0x0000, 0x0000, 0x0000, 0x0000, 0x0000, 0x0000, 0x0000, 0x0000, 0x0000, 0x0000,
  0x0000, 0x0000, 0x0000, 0x0000, 0x0000, 0x0000, 0x0000, 0x0000, 0x0000, 0x0000, 0x0000, 0x0000,
  0x0000, 0x0000, 0x0000, 0x0000, 0x0000, 0x0000, 0x0000, 0x0000, 0x0000, 0x0000, 0x0000, 0x0000,
  0x0000, 0x0000, 0x0000, 0x0000, 0x0000, 0x0000, 0x0000, 0x0000, 0x0000, 0x0000, 0x0000, 0x0000,
  0x0000, 0x0000, 0x0000, 0x0000, 0x0000, 0x0000, 0x0000, 0x0000, 0x0000, 0x0000, 0x0000, 0x0000,
  0x0000, 0x0000, 0x0000, 0x0000, 0x0000, 0x0000, 0x0000, 0x0000, 0x0000, 0x0000, 0x0000, 0x0000,
  0x0000, 0x0000, 0x0000, 0x0000, 0x0000, 0x0000, 0x0000, 0x0000, 0x0000, 0x0000, 0x0000, 0x0000,
  0x9B84, 0xDD07, 0xE507, 0x4982, 0x0000, 0x0000, 0x0000, 0x0000, 0x0000, 0x0000, 0x0000, 0x0000,
  0x0000, 0x0000, 0x0000, 0x0000, 0x0000, 0x0000, 0x0000, 0x0000, 0x0000, 0x0000, 0x0000, 0x0000,
  0x0000, 0x0000, 0x0000, 0x0000, 0x0000, 0x0000, 0x0000, 0x0000, 0x0000, 0x0000, 0x0000, 0x0000,
  0x0000, 0x0000, 0x51E3, 0xFE2A, 0xFE4B, 0xA3C6, 0x0000, 0x0000, 0xA408, 0xBCE9, 0x0000, 0x0840,
  0xBCC9, 0x20E1, 0x0000, 0x0000, 0xBCCA, 0x2922, 0x3961, 0xFEAB, 0xDD69, 0x0840, 0x0000, 0x0020,
  0x0020, 0x0040, 0x0040, 0x0060, 0x00A0, 0x00C0, 0x00E0, 0x00E0, 0x09C1, 0x6DAF, 0x8652, 0x2B65,
  0x0A81, 0x8E12, 0x5D4B, 0x0260, 0x3C48, 0x9693, 0x6DAF, 0x01C0, 0x2305, 0x8652, 0x1AA3, 0x0100,
  0x00E0, 0x00A0, 0x0080, 0x0060, 0x0060, 0x0040, 0x0020, 0x0000, 0x0020, 0x0000, 0x5245, 0xFF51,
  0xBCEA, 0x0000, 0xA428, 0x4A04, 0x0820, 0x7A82, 0x9C4A, 0x3983, 0x0000, 0x3162, 0xD58C, 0x1081,
  0x0000, 0x72E6, 0xFE8D, 0xFE8D, 0x72E6, 0x0000, 0x0000, 0x0000, 0x0000, 0x0000, 0x0000, 0x0000,
  0x0000, 0x0000, 0x0000, 0x0000, 0x0000, 0x0000, 0x0000, 0x0000, 0x0000, 0x0000, 0x0000, 0x0000,
  0x0000, 0x0000, 0x0000, 0x0000, 0x0000, 0x0000, 0x0000, 0x0000, 0x0000, 0x0000, 0x0000, 0x0000,
  0x0000, 0x0000, 0x0000, 0xABC5, 0xFDA8, 0xF547, 0x4161, 0x0000, 0x0000, 0x0000, 0x0000, 0x0000,
  0x0000, 0x0000, 0x0000, 0x0000, 0x0000, 0x0000, 0x0000, 0x0000, 0x0000, 0x0000, 0x0000, 0x0000,
  0x0000, 0x0000, 0x0000, 0x0000, 0x0000, 0x0000, 0x0000, 0x0000, 0x0000, 0x0000, 0x0000, 0x0000,
  0x0000, 0x0000, 0x0000, 0x0000, 0x0000, 0x0000, 0x0000, 0x0000, 0x0000, 0x0000, 0x0000, 0x0000,
  0x0000, 0x0000, 0x0000, 0x0000, 0x0000, 0x0000, 0x0000, 0x0000, 0x0000, 0x0000, 0x0000, 0x0000,
  0x0000, 0x0000, 0x0000, 0x0000, 0x0000, 0x0000, 0x0000, 0x0000, 0x0000, 0x0000, 0x0000, 0x0000,
  0x0000, 0x0000, 0x0000, 0x0000, 0x0000, 0x0000, 0x0000, 0x0000, 0x0000, 0x0000, 0x0000, 0x0000,
  0x0000, 0x0000, 0x0000, 0x0000, 0x0000, 0x0000, 0x0000, 0x0000, 0x0000, 0x0000, 0x0000, 0x0000,
  0x0000, 0x0000, 0x0000, 0x0000, 0x0000, 0x0000, 0x0000, 0x0000, 0x0000, 0x0000, 0x0000, 0x0000,
  0x0000, 0x0000, 0x0000, 0x0000, 0x0000, 0x0000, 0x0000, 0x0000, 0x0000, 0x0000, 0x0000, 0x0000,
  0x0000, 0x0000, 0x0000, 0x0000, 0x0000, 0x0000, 0x0000, 0x0000, 0x0000, 0x0000, 0x0000, 0x0000,
  0x0000, 0x0000, 0x0000, 0x0000, 0x0000, 0x0000, 0x0000, 0x0000, 0x0000, 0x0000, 0x0000, 0x0000,
  0x0000, 0x0000, 0x0000, 0x0000, 0x0000, 0x0000, 0x0000, 0x0000, 0x0000, 0x0000, 0x0000, 0x0000,
  0x0000, 0x0000, 0x0000, 0x0000, 0x0000, 0x0000, 0x0000, 0x0000, 0x0000, 0x0000, 0x0000, 0x0000,
  0x0000, 0x0000, 0x0000, 0x0000, 0x0000, 0x0000, 0x0000, 0x3941, 0xDD07, 0xDD07, 0xABE5, 0x0000,
  0x0000, 0x0000, 0x0000, 0x0000, 0x0000, 0x0000, 0x0000, 0x0000, 0x0000, 0x0000, 0x0000, 0x0000,
  0x0000, 0x0000, 0x0000, 0x0000, 0x0000, 0x0000, 0x0000, 0x0000, 0x0000, 0x0000, 0x0000, 0x0000,
  0x0000, 0x0000, 0x0000, 0x0000, 0x0000, 0x0000, 0x0000, 0x0000, 0x0000, 0x0000, 0x0820, 0xD4E8,
  0xFE2A, 0xF5A9, 0x20E1, 0x0000, 0x18C1, 0x8365, 0x0000, 0x0820, 0xBCA8, 0x18A1, 0x0000, 0x0000,
  0xBD0A, 0x2922, 0x3962, 0xFEAB, 0xD549, 0x0840, 0x0000, 0x0020, 0x0020, 0x0040, 0x0060, 0x0080,
  0x00A0, 0x00C0, 0x0100, 0x0100, 0x4449, 0x760F, 0x3C89, 0x7E72, 0x0AC1, 0x9693, 0x7E10, 0x02C0,
  0x9F35, 0x44C9, 0x7E91, 0x3C08, 0x22E4, 0xA756, 0x2AE5, 0x00C0, 0x00E0, 0x00A0, 0x0080, 0x0080,
  0x0060, 0x0040, 0x0020, 0x0000, 0x0020, 0x0000, 0x5225, 0xFF30, 0xBD0A, 0x0000, 0xA428, 0x4A04,
  0x8347, 0x9386, 0x9C08, 0x3163, 0x0000, 0x3142, 0x49E3, 0x0000, 0x0840, 0xD56B, 0xFE8D, 0xEDEC,
  0x1881, 0x0000, 0x0000, 0x0000, 0x0000, 0x0000, 0x0000, 0x0000, 0x0000, 0x0000, 0x0000, 0x0000,
  0x0000, 0x0000, 0x0000, 0x0000, 0x0000, 0x0000, 0x0000, 0x0000, 0x0000, 0x0000, 0x0000, 0x0000,
  0x0000, 0x0000, 0x0000, 0x0000, 0x0000, 0x0000, 0x0000, 0x0000, 0x0000, 0x0000, 0x0000, 0x3941,
  0xED26, 0xED47, 0xB3E5, 0x0000, 0x0000, 0x0000, 0x0000, 0x0000, 0x0000, 0x0000, 0x0000, 0x0000,
  0x0000, 0x0000, 0x0000, 0x0000, 0x0000, 0x0000, 0x0000, 0x0000, 0x0000, 0x0000, 0x0000, 0x0000,
  0x0000, 0x0000, 0x0000, 0x0000, 0x0000, 0x0000, 0x0000, 0x0000, 0x0000, 0x0000, 0x0000, 0x0000,
  0x0000, 0x0000, 0x0000, 0x0000, 0x0000, 0x0000, 0x0000, 0x0000, 0x0000, 0x0000, 0x0000, 0x0000,
  0x0000, 0x0000, 0x0000, 0x0000, 0x0000, 0x0000, 0x0000, 0x0000, 0x0000, 0x0000, 0x0000, 0x0000,
  0x0000, 0x0000, 0x0000, 0x0000, 0x0000, 0x0000, 0x0000, 0x0000, 0x0000, 0x0000, 0x0000, 0x0000,
  0x0000, 0x0000, 0x0000, 0x0000, 0x0000, 0x0000, 0x0000, 0x0000, 0x0000, 0x0000, 0x0000, 0x0000,
  0x0000, 0x0000, 0x0000, 0x0000, 0x0000, 0x0000, 0x0000, 0x0000, 0x0000, 0x0000, 0x0000, 0x0000,
  0x0000, 0x0000, 0x0000, 0x0000, 0x0000, 0x0000, 0x0000, 0x0000, 0x0000, 0x0000, 0x0000, 0x0000,
  0x0000, 0x0000, 0x0000, 0x0000, 0x0000, 0x0000, 0x0000, 0x0000, 0x0000, 0x0000, 0x0000, 0x0000,
  0x0000, 0x0000, 0x0000, 0x0000, 0x0000, 0x0000, 0x0000, 0x0000, 0x0000, 0x0000, 0x0000, 0x0000,
  0x0000, 0x0000, 0x0000, 0x0000, 0x0000, 0x0000, 0x0000, 0x0000, 0x0000, 0x0000, 0x0000, 0x0000,
  0x0000, 0x0000, 0x0000, 0x0000, 0x0000, 0x0000, 0x0000, 0x0000, 0x0000, 0x0000, 0x0000, 0x0000,
  0x0000, 0x0000, 0x0000, 0x0000, 0x0000, 0x0000, 0x0000, 0x0000, 0x0000, 0x0000, 0x0000, 0x0000,
  0x0000, 0x0000, 0x0000, 0x9BA5, 0xE548, 0xE507, 0x4982, 0x0000, 0x0000, 0x0000, 0x0000, 0x0000,
  0x0000, 0x0000, 0x0000, 0x0000, 0x0000, 0x0000, 0x0000, 0x0000, 0x0000, 0x0000, 0x0000, 0x0000,
  0x0000, 0x0000, 0x0000, 0x0000, 0x0000, 0x0000, 0x0000, 0x0000, 0x0000, 0x0000, 0x0000, 0x0000,
  0x0000, 0x0000, 0x0000, 0x0000, 0x0000, 0x0000, 0x0000, 0x6243, 0xFE09, 0xFDE9, 0x8304, 0x0000,
  0x0000, 0x0840, 0x0000, 0x0000, 0xC4E9, 0x49E3, 0x0000, 0x0000, 0xBCEA, 0x2922, 0x3962, 0xFE8B,
  0xDD6A, 0x0840, 0x0000, 0x0020, 0x0020, 0x0040, 0x0060, 0x0080, 0x00A0, 0x00C0, 0x0120, 0x0140,
  0x4CEA, 0x5D4C, 0x1363, 0x8ED4, 0x0200, 0x44C9, 0x6DEE, 0x02A0, 0x9F15, 0x1343, 0x65CE, 0x4C8A,
  0x00A0, 0x7610, 0x2345, 0x0140, 0x0120, 0x00A0, 0x0080, 0x0080, 0x0060, 0x0040, 0x0020, 0x0000,
  0x0000, 0x0000, 0x5225, 0xFF31, 0xBD0B, 0x0000, 0xA46A, 0x6AE6, 0x6AC5, 0x1060, 0xC509, 0x20E1,
  0x0000, 0x0000, 0x0000, 0x0000, 0x62A6, 0xFEF0, 0xFECF, 0x8BA7, 0x0000, 0x0000, 0x0000, 0x0000,
  0x0000, 0x0000, 0x0000, 0x0000, 0x0000, 0x0000, 0x0000, 0x0000, 0x0000, 0x0000, 0x0000, 0x0000,
  0x0000, 0x0000, 0x0000, 0x0000, 0x0000, 0x0000, 0x0000, 0x0000, 0x0000, 0x0000, 0x0000, 0x0000,
  0x0000, 0x0000, 0x0000, 0x0000, 0x0000, 0x0000, 0x0000, 0x0000, 0xA384, 0xF588, 0xF5A9, 0x4182,
  0x0000, 0x0000, 0x0000, 0x0000, 0x0000, 0x0000, 0x0000, 0x0000, 0x0000, 0x0000, 0x0000, 0x0000,
  0x0000, 0x0000, 0x0000, 0x0000, 0x0000, 0x0000, 0x0000, 0x0000, 0x0000, 0x0000, 0x0000, 0x0000,
  0x0000, 0x0000, 0x0000, 0x0000, 0x0000, 0x0000, 0x0000, 0x0000, 0x0000, 0x0000, 0x0000, 0x0000,
  0x0000, 0x0000, 0x0000, 0x0000, 0x0000, 0x0000, 0x0000, 0x0000, 0x0000, 0x0000, 0x0000, 0x0000,
  0x0000, 0x0000, 0x0000, 0x0000, 0x0000, 0x0000, 0x0000, 0x0000, 0x0000, 0x0000, 0x0000, 0x0000,
  0x0000, 0x0000, 0x0000, 0x0000, 0x0000, 0x0000, 0x0000, 0x0000, 0x0000, 0x0000, 0x0000, 0x0000,
  0x0000, 0x0000, 0x0000, 0x0000, 0x0000, 0x0000, 0x0000, 0x0000, 0x0000, 0x0000, 0x0000, 0x0000,
  0x0000, 0x0000, 0x0000, 0x0000, 0x0000, 0x0000, 0x0000, 0x0000, 0x0000, 0x0000, 0x0000, 0x0000,
  0x0000, 0x0000, 0x0000, 0x0000, 0x0000, 0x0000, 0x0000, 0x0000, 0x0000, 0x0000, 0x0000, 0x0000,
  0x0000, 0x0000, 0x0000, 0x0000, 0x0000, 0x0000, 0x0000, 0x0000, 0x0000, 0x0000, 0x0000, 0x0000,
  0x0000, 0x0000, 0x0000, 0x0000, 0x0000, 0x0000, 0x0000, 0x0000, 0x0000, 0x0000, 0x0000, 0x0000,
  0x0000, 0x0000, 0x0000, 0x0000, 0x0000, 0x0000, 0x0000, 0x0000, 0x0000, 0x0000, 0x0000, 0x0000,
  0x0000, 0x0000, 0x0000, 0x0000, 0x0000, 0x0000, 0x0000, 0x0000, 0x0000, 0x0000, 0x0000, 0x0000,
  0x0000, 0x0000, 0x0000, 0x0000, 0x0000, 0x0000, 0x0000, 0x0000, 0x0000, 0x0000, 0x3121, 0xE548,
  0xED69, 0xBC26, 0x0820, 0x0000, 0x0000, 0x0000, 0x0000, 0x0000, 0x0000, 0x0000, 0x0000, 0x0000,
  0x0000, 0x0000, 0x0000, 0x0000, 0x0000, 0x0000, 0x0000, 0x0000, 0x0000, 0x0000, 0x0000, 0x0000,
  0x0000, 0x0000, 0x0000, 0x0000, 0x0000, 0x0000, 0x0000, 0x0000, 0x0000, 0x0000, 0x0000, 0x0000,
  0x0000, 0x0000, 0x0000, 0x0840, 0xDD27, 0xFE0A, 0xE549, 0x1880, 0x0000, 0x0000, 0x0000, 0x0000,
  0x3122, 0xCD08, 0x4182, 0x0000, 0xBCEA, 0x3142, 0x3941, 0xFE8B, 0xD54A, 0x0840, 0x0000, 0x0020,
  0x0020, 0x0040, 0x0040, 0x0080, 0x00A0, 0x00C0, 0x0100, 0x0100, 0x2305, 0x8ED2, 0x8671, 0x658E,
  0x1302, 0x96B3, 0xAF36, 0x1343, 0x658E, 0x7E51, 0x86D3, 0x2304, 0x2345, 0xB778, 0x658E, 0x0220,
  0x0120, 0x00C0, 0x0080, 0x0060, 0x0040, 0x0020, 0x0020, 0x0020, 0x0020, 0x0000, 0x5245, 0xFF51,
  0xBD0B, 0x0000, 0xAC6A, 0x5245, 0x20C0, 0xBCA8, 0x5A44, 0x0000, 0x0000, 0x0000, 0x0020, 0x0820,
  0xCD6C, 0xFEAF, 0xF62C, 0x20E1, 0x0000, 0x0000, 0x0000, 0x0000, 0x0000, 0x0000, 0x0000, 0x0000,
  0x0000, 0x0000, 0x0000, 0x0000, 0x0000, 0x0000, 0x0000, 0x0000, 0x0000, 0x0000, 0x0000, 0x0000,
  0x0000, 0x0000, 0x0000, 0x0000, 0x0000, 0x0000, 0x0000, 0x0000, 0x0000, 0x0000, 0x0000, 0x0000,
  0x0000, 0x0000, 0x0020, 0x0000, 0x3962, 0xF5A9, 0xFDEB, 0xB406, 0x0000, 0x0000, 0x0000, 0x0000,
  0x0000, 0x0000, 0x0000, 0x0000, 0x0000, 0x0000, 0x0000, 0x0000, 0x0000, 0x0000, 0x0000, 0x0000,
  0x0000, 0x0000, 0x0000, 0x0000, 0x0000, 0x0000, 0x0000, 0x0000, 0x0000, 0x0000, 0x0000, 0x0000,
  0x0000, 0x0000, 0x0000, 0x0000, 0x0000, 0x0000, 0x0000, 0x0000, 0x0000, 0x0000, 0x0000, 0x0000,
  0x0000, 0x0000, 0x0000, 0x0000, 0x0000, 0x0000, 0x0000, 0x0000, 0x0000, 0x0000, 0x0000, 0x0000,
  0x0000, 0x0000, 0x0000, 0x0000, 0x0000, 0x0000, 0x0000, 0x0000, 0x0000, 0x0000, 0x0000, 0x0000,
  0x0000, 0x0000, 0x0000, 0x0000, 0x0000, 0x0000, 0x0000, 0x0000, 0x0000, 0x0000, 0x0000, 0x0000,
  0x0000, 0x0000, 0x0000, 0x0000, 0x0000, 0x0000, 0x0000, 0x0000, 0x0000, 0x0000, 0x0000, 0x0000,
  0x0000, 0x0000, 0x0000, 0x0000, 0x0000, 0x0000, 0x0000, 0x0000, 0x0000, 0x0000, 0x0000, 0x0000,
  0x0000, 0x0000, 0x0000, 0x0000, 0x0000, 0x0000, 0x0000, 0x0000, 0x0000, 0x0000, 0x0000, 0x0000,
  0x0000, 0x0000, 0x0000, 0x0000, 0x0000, 0x0000, 0x0000, 0x0000, 0x0000, 0x0000, 0x0000, 0x0000,
  0x0000, 0x0000, 0x0000, 0x0000, 0x0000, 0x0000, 0x0000, 0x0000, 0x0000, 0x0000, 0x0000, 0x0000,
  0x0000, 0x0000, 0x0000, 0x0000, 0x0000, 0x0000, 0x0000, 0x0000, 0x0000, 0x0000, 0x0000, 0x0000,
  0x0000, 0x0000, 0x0000, 0x0000, 0x0000, 0x0000, 0x0000, 0x0000, 0x0000, 0x0000, 0x0000, 0x0000,
  0x0000, 0x0000, 0x0000, 0x0000, 0x0000, 0x0000, 0x9364, 0xE527, 0xE527, 0x4982, 0x0000, 0x0000,
  0x0000, 0x0000, 0x0000, 0x0000, 0x0000, 0x0000, 0x0000, 0x0000, 0x0000, 0x0000, 0x0000, 0x0000,
  0x0000, 0x0000, 0x0000, 0x0000, 0x0000, 0x0000, 0x0000, 0x0000, 0x0000, 0x0000, 0x0000, 0x0000,
  0x0000, 0x0000, 0x0000, 0x0000, 0x0000, 0x0000, 0x0000, 0x0000, 0x0000, 0x0000, 0x0000, 0x0000,
  0x72C4, 0xFE2A, 0xFE0A, 0x6A83, 0x0000, 0x0020, 0x0000, 0x0000, 0x0000, 0x49C2, 0xBC87, 0x0000,
  0xC50B, 0x3142, 0x3962, 0xFE8B, 0xD529, 0x0820, 0x0000, 0x0020, 0x0020, 0x0040, 0x0040, 0x0060,
  0x00A0, 0x00C0, 0x00E0, 0x0100, 0x0140, 0x2B66, 0x4449, 0x0280, 0x1342, 0x44A9, 0x4C89, 0x1303,
  0x0240, 0x3C28, 0x2344, 0x01C0, 0x23A5, 0x4449, 0x3C08, 0x0200, 0x0100, 0x00A0, 0x0080, 0x0060,
  0x0040, 0x0040, 0x0020, 0x0000, 0x0020, 0x0000, 0x5245, 0xFF31, 0xBD0B, 0x0000, 0xAC6A, 0x49E4,
  0x3983, 0xAC48, 0x0000, 0x0000, 0x0000, 0x0020, 0x0000, 0x41A3, 0xFE4C, 0xFE6C, 0x9BA6, 0x0000,
  0x0000, 0x0000, 0x0000, 0x0000, 0x0000, 0x0000, 0x0000, 0x0000, 0x0000, 0x0000, 0x0000, 0x0000,
  0x0000, 0x0000, 0x0000, 0x0000, 0x0000, 0x0000, 0x0000, 0x0000, 0x0000, 0x0000, 0x0000, 0x0000,
  0x0000, 0x0000, 0x0000, 0x0000, 0x0000, 0x0000, 0x0000, 0x0000, 0x0000, 0x0000, 0x0000, 0x0000,
  0x0000, 0xA3A6, 0xF589, 0xE507, 0x3121, 0x0000, 0x0000, 0x0000, 0x0000, 0x0000, 0x0000, 0x0000,
  0x0000, 0x0000, 0x0000, 0x0000, 0x0000, 0x0000, 0x0000, 0x0000, 0x0000, 0x0000, 0x0000, 0x0000,
  0x0000, 0x0000, 0x0000, 0x0000, 0x0000, 0x0000, 0x0000, 0x0000, 0x0000, 0x0000, 0x0000, 0x0000,
  0x0000, 0x0000, 0x0000, 0x0000, 0x0000, 0x0000, 0x0000, 0x0000, 0x0000, 0x0000, 0x0000, 0x0000,
  0x0000, 0x0000, 0x0000, 0x0000, 0x0000, 0x0000, 0x0000, 0x0000, 0x0000, 0x0000, 0x0000, 0x0000,
  0x0000, 0x0000, 0x0000, 0x0000, 0x0000, 0x0000, 0x0000, 0x0000, 0x0000, 0x0000, 0x0000, 0x0000,
  0x0000, 0x0000, 0x0000, 0x0000, 0x0000, 0x0000, 0x0000, 0x0000, 0x0000, 0x0000, 0x0000, 0x0000,
  0x0000, 0x0000, 0x0000, 0x0000, 0x0000, 0x0000, 0x0000, 0x0000, 0x0000, 0x0000, 0x0000, 0x0000,
  0x0000, 0x0000, 0x0000, 0x0000, 0x0000, 0x0000, 0x0000, 0x0000, 0x0000, 0x0000, 0x0000, 0x0000,
  0x0000, 0x0000, 0x0000, 0x0000, 0x0000, 0x0000, 0x0000, 0x0000, 0x0000, 0x0000, 0x0000, 0x0000,
  0x0000, 0x0000, 0x0000, 0x0000, 0x0000, 0x0000, 0x0000, 0x0000, 0x0000, 0x0000, 0x0000, 0x0000,
  0x0000, 0x0000, 0x0000, 0x0000, 0x0000, 0x0000, 0x0000, 0x0000, 0x0000, 0x0000, 0x0000, 0x0000,
  0x0000, 0x0000, 0x0000, 0x0000, 0x0000, 0x0000, 0x0000, 0x0000, 0x0000, 0x0000, 0x0000, 0x0000,
  0x0000, 0x0000, 0x0000, 0x0000, 0x0000, 0x0000, 0x0000, 0x0000, 0x0000, 0x0000, 0x0000, 0x0000,
  0x0000, 0x41A2, 0xD4C6, 0xDCC6, 0xBC25, 0x3941, 0x3962, 0x3962, 0x3941, 0x3141, 0x3141, 0x3162,
  0x3141, 0x3141, 0x3141, 0x3141, 0x3141, 0x3141, 0x3142, 0x3142, 0x3141, 0x3141, 0x3141, 0x3142,
  0x3142, 0x3142, 0x3142, 0x3142, 0x3942, 0x3942, 0x3962, 0x3942, 0x3141, 0x3942, 0x3962, 0x3142,
  0x3142, 0x3162, 0x3162, 0x3142, 0x3142, 0x3962, 0x3962, 0x3121, 0x49C2, 0xED68, 0xFDC9, 0xD4E7,
  0x2901, 0x0000, 0x0000, 0x0000, 0x0000, 0x3142, 0xB467, 0x0000, 0xBCA9, 0x3122, 0x3941, 0xFE6B,
  0xD549, 0x0840, 0x0000, 0x0020, 0x0020, 0x0040, 0x0040, 0x0060, 0x0080, 0x00C0, 0x00E0, 0x0140,
  0x01C0, 0x01C0, 0x0200, 0x0220, 0x01C0, 0x01E0, 0x01E0, 0x01E0, 0x0200, 0x01E0, 0x0220, 0x0240,
  0x01A0, 0x01C0, 0x0140, 0x0120, 0x00E0, 0x00A0, 0x0080, 0x0060, 0x0060, 0x0040, 0x0020, 0x0020,
  0x0020, 0x0000, 0x5224, 0xFF30, 0xBCEA, 0x0000, 0xAC8A, 0x4A04, 0x41A3, 0x9C29, 0x0000, 0x0000,
  0x0000, 0x0000, 0x1060, 0xB468, 0xFE4B, 0xFE0A, 0x6284, 0x3183, 0x41A3, 0x39A3, 0x3983, 0x3183,
  0x3183, 0x3162, 0x3162, 0x3162, 0x3162, 0x3162, 0x3162, 0x3162, 0x3162, 0x3162, 0x3162, 0x3162,
  0x3162, 0x3162, 0x3162, 0x3162, 0x3142, 0x3162, 0x3962, 0x3162, 0x3162, 0x3162, 0x3142, 0x3142,
  0x3142, 0x3141, 0x3142, 0x3962, 0x3942, 0x3141, 0x3121, 0x3962, 0x3942, 0x6A63, 0xE506, 0xE506,
  0xA384, 0x1081, 0x0000, 0x0000, 0x0000, 0x0000, 0x0000, 0x0000, 0x0000, 0x0000, 0x0000, 0x0000,
  0x0000, 0x0000, 0x0000, 0x0000, 0x0000, 0x0000, 0x0000, 0x0000, 0x0000, 0x0000, 0x0000, 0x0000,
  0x0000, 0x0000, 0x0000, 0x0000, 0x0000, 0x0000, 0x0000, 0x0000, 0x0000, 0x0000, 0x0000, 0x0000,
  0x0000, 0x0000, 0x0000, 0x0000, 0x0000, 0x0000, 0x0000, 0x0000, 0x0000, 0x0000, 0x0000, 0x0000,
  0x0000, 0x0000, 0x0000, 0x0000, 0x0000, 0x0000, 0x0000, 0x0000, 0x0000, 0x0000, 0x0000, 0x0000,
  0x0000, 0x0000, 0x0000, 0x0000, 0x0000, 0x0000, 0x0000, 0x0000, 0x0000, 0x0000, 0x0000, 0x0000,
  0x0000, 0x0000, 0x0000, 0x0000, 0x0000, 0x0000, 0x0000, 0x0000, 0x0000, 0x0000, 0x0000, 0x0000,
  0x0000, 0x0000, 0x0000, 0x0000, 0x0000, 0x0000, 0x0000, 0x0000, 0x0000, 0x0000, 0x0000, 0x0000,
  0x0000, 0x0000, 0x0000, 0x0000, 0x0000, 0x0000, 0x0000, 0x0000, 0x0000, 0x0000, 0x0000, 0x0000,
  0x0000, 0x0000, 0x0000, 0x0000, 0x0000, 0x0000, 0x0000, 0x0000, 0x0000, 0x0000, 0x0000, 0x0000,
  0x0000, 0x0000, 0x0000, 0x0000, 0x0000, 0x0000, 0x0000, 0x0000, 0x0000, 0x0000, 0x0000, 0x0000,
  0x0000, 0x0000, 0x0000, 0x0000, 0x0000, 0x0000, 0x0000, 0x0000, 0x0000, 0x0000, 0x0000, 0x0000,
  0x0000, 0x0000, 0x0000, 0x0000, 0x0000, 0x0000, 0x0000, 0x0000, 0x0000, 0x0000, 0x0000, 0x0000,
  0x0000, 0x0000, 0x0000, 0x0000, 0x0000, 0x0000, 0x0000, 0x18A0, 0xAC26, 0xE548, 0xDCE7, 0xDCC6,
  0xD4A5, 0xDCE6, 0xE568, 0xED89, 0xE548, 0xDD06, 0xE527, 0xE547, 0xE547, 0xE527, 0xE547, 0xE547,
  0xE527, 0xE547, 0xED68, 0xED88, 0xE547, 0xE527, 0xE527, 0xE548, 0xED68, 0xED68, 0xED68, 0xED68,
  0xED68, 0xED88, 0xF5A8, 0xF5A9, 0xED88, 0xF588, 0xF5C9, 0xF5A8, 0xED88, 0xF5A9, 0xF5C9, 0xF5C9,
  0xF5A8, 0xF5A8, 0xF5A8, 0xED88, 0xED88, 0xF5A9, 0xF5C9, 0xF5C9, 0xF5CA, 0xAC27, 0x1040, 0x0000,
  0x0000, 0x3962, 0xAC46, 0x0000, 0xB447, 0x2901, 0x3961, 0xFE8B, 0xDD6A, 0x0840, 0x0000, 0x0020,
  0x0020, 0x0040, 0x0040, 0x0060, 0x0080, 0x00A0, 0x00E0, 0x0120, 0x0221, 0x7E10, 0x658E, 0x01A0,
  0x1B04, 0x7E51, 0x7E51, 0x12E3, 0x1323, 0x9E94, 0x3447, 0x01C0, 0x3C48, 0x96D4, 0x654E, 0x0120,
  0x00C0, 0x00A0, 0x0080, 0x0080, 0x0060, 0x0040, 0x0020, 0x0000, 0x0020, 0x0000, 0x5224, 0xFF0F,
  0xC4EA, 0x0000, 0xAC6A, 0x49E4, 0x41A4, 0xA449, 0x0000, 0x0820, 0x0000, 0x72C5, 0xE5CB, 0xFE6C,
  0xFE4C, 0xFE2B, 0xFE4C, 0xFECF, 0xFEEF, 0xFEAE, 0xFEAD, 0xFEAC, 0xFE8C, 0xFE8C, 0xFE6B, 0xFE6B,
  0xFE4B, 0xFE4B, 0xFE4B, 0xFE2B, 0xFE2B, 0xFE0A, 0xF5EA, 0xF5C9, 0xF5EA, 0xFE0A, 0xF60B, 0xF5EA,
  0xF5C9, 0xFDEA, 0xFE2B, 0xFE2B, 0xFDEA, 0xF5C9, 0xF5C9, 0xF5A9, 0xF588, 0xED88, 0xEDA8, 0xF5C9,
  0xF588, 0xED67, 0xED47, 0xED88, 0xF5A9, 0xED68, 0xE507, 0xE507, 0xE507, 0xD4C7, 0x7AA3, 0x0000,
  0x0000, 0x0000, 0x0000, 0x0000, 0x0000, 0x0000, 0x0000, 0x0000, 0x0000, 0x0000, 0x0000, 0x0000,
  0x0000, 0x0000, 0x0000, 0x0000, 0x0000, 0x0000, 0x0000, 0x0000, 0x0000, 0x0000, 0x0000, 0x0000,
  0x0000, 0x0000, 0x0000, 0x0000, 0x0000, 0x0000, 0x0000, 0x0000, 0x0000, 0x0000, 0x0000, 0x0000,
  0x0000, 0x0000, 0x0000, 0x0000, 0x0000, 0x0000, 0x0000, 0x0000, 0x0000, 0x0000, 0x0000, 0x0000,
  0x0000, 0x0000, 0x0000, 0x0000, 0x0000, 0x0000, 0x0000, 0x0000, 0x0000, 0x0000, 0x0000, 0x0000,
  0x0000, 0x0000, 0x0000, 0x0000, 0x0000, 0x0000, 0x0000, 0x0000, 0x0000, 0x0000, 0x0000, 0x0000,
  0x0000, 0x0000, 0x0000, 0x0000, 0x0000, 0x0000, 0x0000, 0x0000, 0x0000, 0x0000, 0x0000, 0x0000,
  0x0000, 0x0000, 0x0000, 0x0000, 0x0000, 0x0000, 0x0000, 0x0000, 0x0000, 0x0000, 0x0000, 0x0000,
  0x0000, 0x0000, 0x0000, 0x0000, 0x0000, 0x0000, 0x0000, 0x0000, 0x0000, 0x0000, 0x0000, 0x0000,
  0x0000, 0x0000, 0x0000, 0x0000, 0x0000, 0x0000, 0x0000, 0x0000, 0x0000, 0x0000, 0x0000, 0x0000,
  0x0000, 0x0000, 0x0000, 0x0000, 0x0000, 0x0000, 0x0000, 0x0000, 0x0000, 0x0000, 0x0000, 0x0000,
  0x0000, 0x0000, 0x0000, 0x0000, 0x0000, 0x0000, 0x0000, 0x0000, 0x0000, 0x0000, 0x0000, 0x0000,
  0x0000, 0x0000, 0x0000, 0x0000, 0x0000, 0x0000, 0x0000, 0x0000, 0x0000, 0x0000, 0x0000, 0x0000,
  0x0000, 0x0000, 0x0000, 0x0840, 0xBC45, 0xE507, 0xCC65, 0xCC65, 0xCC65, 0xCC65, 0xD4C7, 0xD4C7,
  0xCC86, 0xCC66, 0xCC86, 0xCC85, 0xD4A6, 0xCCA6, 0xCCA6, 0xCC86, 0xCC66, 0xCCA6, 0xD4C7, 0xD4A6,
  0xCC86, 0xCC86, 0xCCA7, 0xDD08, 0xED48, 0xE528, 0xE528, 0xE507, 0xDCE7, 0xDCE7, 0xE528, 0xE548,
  0xE508, 0xDCE7, 0xE528, 0xE548, 0xE527, 0xE528, 0xED69, 0xE549, 0xE507, 0xE527, 0xE527, 0xE569,
  0xEDAA, 0xEDA9, 0xED89, 0xED69, 0xFE0A, 0xA3C5, 0x0020, 0x0000, 0x0000, 0x3122, 0xB467, 0x0000,
  0xBCCA, 0x3142, 0x3961, 0xFE8B, 0xD56A, 0x0840, 0x0000, 0x0020, 0x0020, 0x0040, 0x0040, 0x0060,
  0x0080, 0x00A0, 0x00E0, 0x00E0, 0x01A1, 0x75F0, 0x8E72, 0x0200, 0x7E11, 0x5D6C, 0x5D8D, 0x5D4D,
  0x1302, 0xAF57, 0x4CEA, 0x0280, 0x9715, 0x2C06, 0x8ED3, 0x2304, 0x00E0, 0x00C0, 0x0080, 0x0080,
  0x0060, 0x0040, 0x0020, 0x0000, 0x0020, 0x0000, 0x5244, 0xFF2F, 0xC4EA, 0x0000, 0xAC69, 0x49C3,
  0x41C3, 0x9C08, 0x0000, 0x0840, 0x0000, 0x8346, 0xFEED, 0xFE2C, 0xF62C, 0xF62C, 0xEE0D, 0xEE2D,
  0xEE2D, 0xEE0C, 0xEE0B, 0xEE2B, 0xEE0B, 0xEDEB, 0xEDCA, 0xEDCA, 0xEDAA, 0xEDAA, 0xEDCA, 0xEDCA,
  0xEDCA, 0xEDAA, 0xE548, 0xE528, 0xED68, 0xF5A9, 0xF5CA, 0xED89, 0xED48, 0xE569, 0xED89, 0xED89,
  0xE568, 0xED68, 0xE548, 0xE528, 0xDD07, 0xDD07, 0xDD27, 0xE528, 0xDCE7, 0xDCE7, 0xDCE7, 0xDD07,
  0xDD07, 0xDCE7, 0xDCC7, 0xDCC7, 0xD4A7, 0xED07, 0x7263, 0x0000, 0x0000, 0x0000, 0x0000, 0x0000,
  0x0000, 0x0000, 0x0000, 0x0000, 0x0000, 0x0000, 0x0000, 0x0000, 0x0000, 0x0000, 0x0000, 0x0000,
  0x0000, 0x0000, 0x0000, 0x0000, 0x0000, 0x0000, 0x0000, 0x0000, 0x0000, 0x0000, 0x0000, 0x0000,
  0x0000, 0x0000, 0x0000, 0x0000, 0x0000, 0x0000, 0x0000, 0x0000, 0x0000, 0x0000, 0x0000, 0x0000,
  0x0000, 0x0000, 0x0000, 0x0000, 0x0000, 0x0000, 0x0000, 0x0000, 0x0000, 0x0000, 0x0000, 0x0000,
  0x0000, 0x0000, 0x0000, 0x0000, 0x0000, 0x0000, 0x0000, 0x0000, 0x0000, 0x0000, 0x0000, 0x0000,
  0x0000, 0x0000, 0x0000, 0x0000, 0x0000, 0x0000, 0x0000, 0x0000, 0x0000, 0x0000, 0x0000, 0x0000,
  0x0000, 0x0000, 0x0000, 0x0000, 0x0000, 0x0000, 0x0000, 0x0000, 0x0000, 0x0000, 0x0000, 0x0000,
  0x0000, 0x0000, 0x0000, 0x0000, 0x0000, 0x0000, 0x0000, 0x0000, 0x0000, 0x0000, 0x0000, 0x0000,
  0x0000, 0x0000, 0x0000, 0x0000, 0x0000, 0x0000, 0x0000, 0x0000, 0x0000, 0x0000, 0x0000, 0x0000,
  0x0000, 0x0000, 0x0000, 0x0000, 0x0000, 0x0000, 0x0000, 0x0000, 0x0000, 0x0000, 0x0000, 0x0000,
  0x0000, 0x0000, 0x0000, 0x0000, 0x0000, 0x0000, 0x0000, 0x0000, 0x0000, 0x0000, 0x0000, 0x0000,
  0x0000, 0x0000, 0x0000, 0x0000, 0x0000, 0x0000, 0x0000, 0x0000, 0x0000, 0x0000, 0x0000, 0x0000,
  0x0000, 0x0000, 0x0000, 0x0000, 0x0000, 0x0000, 0x0000, 0x0000, 0x0000, 0x0000, 0x0000, 0x0000,
  0x20C0, 0xCC85, 0xCC85, 0x6201, 0x5A01, 0x7AC2, 0x8B23, 0x82E2, 0x7AC2, 0x82E2, 0x7AC2, 0x7AC2,
  0x8B22, 0x8B02, 0x7AC2, 0x7282, 0x7282, 0x7AE3, 0x7AC3, 0x7282, 0x7282, 0x7AC2, 0x5A02, 0x9323,
  0x8302, 0x6242, 0x8302, 0x7AA2, 0x7262, 0x72A2, 0x82E3, 0x8B23, 0x8323, 0x7AC2, 0x7AC2, 0x7AC2,
  0x7AC2, 0x7AE3, 0x8B23, 0x8303, 0x8303, 0x8323, 0x8303, 0x8303, 0x8B23, 0x6A62, 0x9344, 0xFDA8,
  0xC486, 0x0820, 0x0000, 0x0020, 0x0000, 0x6265, 0xC4E9, 0x0000, 0xC50B, 0x3142, 0x3962, 0xFEAB,
  0xD549, 0x0820, 0x0000, 0x0000, 0x0020, 0x0040, 0x0040, 0x0060, 0x0080, 0x00A0, 0x00E0, 0x0140,
  0x0160, 0x23C5, 0x7630, 0x01E0, 0x8E72, 0x4488, 0x3CA8, 0x6DCF, 0x01C0, 0x6DEF, 0x4CC9, 0x02E0,
  0x9F15, 0x0280, 0x7631, 0x2B86, 0x0100, 0x00E0, 0x0080, 0x0080, 0x0060, 0x0040, 0x0020, 0x0000,
  0x0020, 0x0000, 0x5244, 0xFF2F, 0xC4EA, 0x0000, 0xB48A, 0x5204, 0x3142, 0xDDCC, 0x0840, 0x0000,
  0x0000, 0x0000, 0xB4A9, 0xFECD, 0xAC27, 0x6263, 0x9385, 0x8B84, 0x8B84, 0x8324, 0x8344, 0x8B64,
  0x8B84, 0x8B64, 0x8323, 0x8323, 0x8B24, 0x7AE3, 0x7AE3, 0x8B44, 0x8B64, 0x8323, 0x82E3, 0x6222,
  0x9343, 0x7AC3, 0x8303, 0xA383, 0x6A42, 0x9364, 0x8B44, 0x8303, 0x8303, 0x8B44, 0x8B23, 0x8302,
  0x8B03, 0x8B23, 0x8B23, 0x8303, 0x8303, 0x8B03, 0x8B23, 0x8B23, 0x7AC2, 0x72A2, 0x5A01, 0x82C3,
  0xF569, 0xABC5, 0x0000, 0x0000, 0x0000, 0x0000, 0x0000, 0x0000, 0x0000, 0x0000, 0x0000, 0x0000,
  0x0000, 0x0000, 0x0000, 0x0000, 0x0000, 0x0000, 0x0000, 0x0000, 0x0000, 0x0000, 0x0000, 0x0000,
  0x0000, 0x0000, 0x0000, 0x0000, 0x0000, 0x0000, 0x0000, 0x0000, 0x0000, 0x0000, 0x0000, 0x0000,
  0x0000, 0x0000, 0x0000, 0x0000, 0x0000, 0x0000, 0x0000, 0x0000, 0x0000, 0x0000, 0x0000, 0x0000,
  0x0000, 0x0000, 0x0000, 0x0000, 0x0000, 0x0000, 0x0000, 0x0000, 0x0000, 0x0000, 0x0000, 0x0000,
  0x0000, 0x0000, 0x0000, 0x0000, 0x0000, 0x0000, 0x0000, 0x0000, 0x0000, 0x0000, 0x0000, 0x0000,
  0x0000, 0x0000, 0x0000, 0x0000, 0x0000, 0x0000, 0x0000, 0x0000, 0x0000, 0x0000, 0x0000, 0x0000,
  0x0000, 0x0000, 0x0000, 0x0000, 0x0000, 0x0000, 0x0000, 0x0000, 0x0000, 0x0000, 0x0000, 0x0000,
  0x0000, 0x0000, 0x0000, 0x0000, 0x0000, 0x0000, 0x0000, 0x0000, 0x0000, 0x0000, 0x0000, 0x0000,
  0x0000, 0x0000, 0x0000, 0x0000, 0x0000, 0x0000, 0x0000, 0x0000, 0x0000, 0x0000, 0x0000, 0x0000,
  0x0000, 0x0000, 0x0000, 0x0000, 0x0000, 0x0000, 0x0000, 0x0000, 0x0000, 0x0000, 0x0000, 0x0000,
  0x0000, 0x0000, 0x0000, 0x0000, 0x0000, 0x0000, 0x0000, 0x0000, 0x0000, 0x0000, 0x0000, 0x0000,
  0x0000, 0x0000, 0x0000, 0x0000, 0x0000, 0x0000, 0x0000, 0x0000, 0x0000, 0x0000, 0x0000, 0x0000,
  0x0000, 0x0000, 0x0000, 0x0000, 0x0000, 0x0000, 0x0000, 0x0000, 0x0000, 0x59E2, 0xE505, 0xABC4,
  0x6A42, 0xA3A3, 0x8B22, 0x8B22, 0x72A2, 0x72C2, 0x7AC2, 0x82E2, 0x8302, 0x7AA2, 0x6A62, 0x72A2,
  0x8B43, 0x9363, 0x9BA4, 0x8303, 0x8302, 0x9363, 0x8B22, 0x8302, 0x8B23, 0xA3A3, 0x7281, 0x8B22,
  0x72A2, 0x9363, 0x72A2, 0x8B43, 0x8B22, 0x7AE2, 0x6A62, 0x6A42, 0x6A82, 0x7282, 0x7282, 0x72A2,
  0x7AC2, 0x7AC2, 0x7AA1, 0x6A82, 0x8B43, 0x6A82, 0xE527, 0xF568, 0x2901, 0x0000, 0x0020, 0x0000,
  0x51E4, 0xDD6B, 0x3942, 0x0000, 0xBCA9, 0x2902, 0x3962, 0xFEAC, 0xD56A, 0x0820, 0x0000, 0x0000,
  0x0020, 0x0020, 0x0040, 0x0060, 0x0080, 0x00A0, 0x00E0, 0x0140, 0x0241, 0x75F0, 0xAF57, 0x2344,
  0x4CAA, 0x96F4, 0x96F4, 0x4489, 0x1B43, 0xA736, 0x8692, 0x02A1, 0x7E51, 0x7E31, 0x96D4, 0x1222,
  0x00E0, 0x00C0, 0x00A0, 0x0080, 0x0060, 0x0040, 0x0020, 0x0020, 0x0020, 0x0000, 0x5244, 0xFF30,
  0xBCEA, 0x0000, 0xA449, 0x5A65, 0x0000, 0x93C8, 0xD56C, 0x1081, 0x0000, 0x0000, 0x20C1, 0xEE0C,
  0xF66C, 0x8304, 0xABC4, 0x9363, 0x8B23, 0x7AC3, 0x72C2, 0x7AE3, 0x7AE2, 0x7AE2, 0x7AE2, 0x7AE2,
  0x7282, 0x8B43, 0x9B84, 0xA3A4, 0x7AE3, 0x9383, 0x82E2, 0x82E2, 0x6A61, 0x9B63, 0x82C2, 0x8303,
  0x9343, 0x9B83, 0x9363, 0x8B23, 0x9BA4, 0x9B84, 0x9B84, 0x7AC2, 0x82C2, 0x82E2, 0x72A2, 0x6A62,
  0x72A2, 0x82E2, 0x8B23, 0x8302, 0x6A82, 0x8B43, 0x6A42, 0xD4C6, 0xE527, 0x28E1, 0x0000, 0x0000,
  0x0000, 0x0000, 0x0000, 0x0000, 0x0000, 0x0000, 0x0000, 0x0000, 0x0000, 0x0000, 0x0000, 0x0000,
  0x0000, 0x0000, 0x0000, 0x0000, 0x0000, 0x0000, 0x0000, 0x0000, 0x0000, 0x0000, 0x0000, 0x0000,
  0x0000, 0x0000, 0x0000, 0x0000, 0x0000, 0x0000, 0x0000, 0x0000, 0x0000, 0x0000, 0x0000, 0x0000,
  0x0000, 0x0000, 0x0000, 0x0000, 0x0000, 0x0000, 0x0000, 0x0000, 0x0000, 0x0000, 0x0000, 0x0000,
  0x0000, 0x0000, 0x0000, 0x0000, 0x0000, 0x0000, 0x0000, 0x0000, 0x0000, 0x0000, 0x0000, 0x0000,
  0x0000, 0x0000, 0x0000, 0x0000, 0x0000, 0x0000, 0x0000, 0x0000, 0x0000, 0x0000, 0x0000, 0x0000,
  0x0000, 0x0000, 0x0000, 0x0000, 0x0000, 0x0000, 0x0000, 0x0000, 0x0000, 0x0000, 0x0000, 0x0000,
  0x0000, 0x0000, 0x0000, 0x0000, 0x0000, 0x0000, 0x0000, 0x0000, 0x0000, 0x0000, 0x0000, 0x0000,
  0x0000, 0x0000, 0x0000, 0x0000, 0x0000, 0x0000, 0x0000, 0x0000, 0x0000, 0x0000, 0x0000, 0x0000,
  0x0000, 0x0000, 0x0000, 0x0000, 0x0000, 0x0000, 0x0000, 0x0000, 0x0000, 0x0000, 0x0000, 0x0000,
  0x0000, 0x0000, 0x0000, 0x0000, 0x0000, 0x0000, 0x0000, 0x0000, 0x0000, 0x0000, 0x0000, 0x0000,
  0x0000, 0x0000, 0x0000, 0x0000, 0x0000, 0x0000, 0x0000, 0x0000, 0x0000, 0x0000, 0x0000, 0x0000,
  0x0000, 0x0000, 0x0000, 0x0000, 0x0000, 0x0000, 0x0000, 0x0000, 0x0000, 0x0000, 0x0000, 0x0000,
  0x0000, 0x0000, 0x0000, 0x0000, 0x0000, 0x0000, 0x9343, 0xF587, 0xA3C4, 0x82E2, 0x82C2, 0x8B23,
  0x9343, 0x8B43, 0x9363, 0xA3A3, 0xABE4, 0x9B83, 0x9343, 0x9343, 0x8B23, 0x8B23, 0x7AE3, 0x6A62,
  0x7AE2, 0x72C2, 0x8302, 0x8B43, 0x9343, 0x6A42, 0x9342, 0x82E2, 0x9B83, 0x8302, 0x8B03, 0x8302,
  0xA3A3, 0x9363, 0x9363, 0x9BA4, 0xABE4, 0xA3C4, 0x9B83, 0x9B83, 0x9B83, 0xA3C3, 0x72A2, 0x7AC2,
  0x7AC2, 0xCCA7, 0xFE0A, 0x6A63, 0x0000, 0x0840, 0x0000, 0x51E4, 0xD52A, 0x2902, 0x0000, 0x0000,
  0xC4E9, 0x2902, 0x3962, 0xFECC, 0xDD8A, 0x0840, 0x0000, 0x0000, 0x0020, 0x0020, 0x0040, 0x0060,
  0x0080, 0x00A0, 0x00C0, 0x0120, 0x0A21, 0x4469, 0x4C8A, 0x2364, 0x01E0, 0x3BE8, 0x33E7, 0x0220,
  0x1B63, 0x4469, 0x4429, 0x0A41, 0x0A81, 0x54AB, 0x2324, 0x0160, 0x0100, 0x00C0, 0x00A0, 0x0080,
  0x0060, 0x0040, 0x0020, 0x0020, 0x0020, 0x0000, 0x5244, 0xFF30, 0xC50A, 0x0000, 0xA449, 0x5204,
  0x0000, 0x0000, 0x7B26, 0xD529, 0x1881, 0x0020, 0x0000, 0x5A44, 0xFF2F, 0xDDCC, 0x82E3, 0x8B22,
  0x8303, 0xB425, 0xAC05, 0xB425, 0xAC05, 0xAC05, 0xAC05, 0xABE5, 0x9B84, 0x6A82, 0xA3C4, 0x7AE3,
  0x6A62, 0x7AE3, 0x8302, 0x7AE2, 0x9B83, 0x6A42, 0x7282, 0x8AE2, 0x8B03, 0x8302, 0x7AC2, 0x6A62,
  0x82E3, 0x9BA4, 0x9BA4, 0xABC4, 0xB3E4, 0xB404, 0xA3C4, 0x9B84, 0x9B84, 0xA3A4, 0xB404, 0x8B22,
  0x8302, 0x72C2, 0xB405, 0xFD67, 0x51C2, 0x0000, 0x0000, 0x0000, 0x0000, 0x0000, 0x0000, 0x0000,
  0x0000, 0x0000, 0x0000, 0x0000, 0x0000, 0x0000, 0x0000, 0x0000, 0x0000, 0x0000, 0x0000, 0x0000,
  0x0000, 0x0000, 0x0000, 0x0000, 0x0000, 0x0000, 0x0000, 0x0000, 0x0000, 0x0000, 0x0000, 0x0000,
  0x0000, 0x0000, 0x0000, 0x0000, 0x0000, 0x0000, 0x0000, 0x0000, 0x0000, 0x0000, 0x0000, 0x0000,
  0x0000, 0x0000, 0x0000, 0x0000, 0x0000, 0x0000, 0x0000, 0x0000, 0x0000, 0x0000, 0x0000, 0x0000,
  0x0000, 0x0000, 0x0000, 0x0000, 0x0000, 0x0000, 0x0000, 0x0000, 0x0000, 0x0000, 0x0000, 0x0000,
  0x0000, 0x0000, 0x0000, 0x0000, 0x0000, 0x0000, 0x0000, 0x0000, 0x0000, 0x0000, 0x0000, 0x0000,
  0x0000, 0x0000, 0x0000, 0x0000, 0x0000, 0x0000, 0x0000, 0x0000, 0x0000, 0x0000, 0x0000, 0x0000,
  0x0000, 0x0000, 0x0000, 0x0000, 0x0000, 0x0000, 0x0000, 0x0000, 0x0000, 0x0000, 0x0000, 0x0000,
  0x0000, 0x0000, 0x0000, 0x0000, 0x0000, 0x0000, 0x0000, 0x0000, 0x0000, 0x0000, 0x0000, 0x0000,
  0x0000, 0x0000, 0x0000, 0x0000, 0x0000, 0x0000, 0x0000, 0x0000, 0x0000, 0x0000, 0x0000, 0x0000,
  0x0000, 0x0000, 0x0000, 0x0000, 0x0000, 0x0000, 0x0000, 0x0000, 0x0000, 0x0000, 0x0000, 0x0000,
  0x0000, 0x0000, 0x0000, 0x0000, 0x0000, 0x0000, 0x0000, 0x0000, 0x0000, 0x0000, 0x0000, 0x0000,
  0x0000, 0x0000, 0x0000, 0x0000, 0x0000, 0x0000, 0x0000, 0x0000, 0x0000, 0x0000, 0x0000, 0x0000,
  0x0000, 0x0000, 0x1060, 0xCCA6, 0xED88, 0x82C2, 0x7AA2, 0x6241, 0x9363, 0x9363, 0x9BA4, 0x9383,
  0x8B43, 0x8323, 0x8303, 0x8303, 0x8B43, 0x8303, 0x59E1, 0x82E2, 0x7AC2, 0x8322, 0x9363, 0x8B22,
  0x7282, 0x9B64, 0x7282, 0xA3C3, 0x9363, 0x9B83, 0x7AE2, 0x7282, 0x6A62, 0x9363, 0x8B23, 0x9343,
  0x9343, 0x82E3, 0x9343, 0x9B84, 0xABE4, 0x9383, 0x6A82, 0x7AC2, 0xA3C5, 0xFE0A, 0xA3C6, 0x0000,
  0x0820, 0x0000, 0x0000, 0xB468, 0x49C3, 0x0000, 0x0020, 0x0000, 0x5A44, 0x0840, 0x41A2, 0xFEEC,
  0xDD8A, 0x0840, 0x0000, 0x0020, 0x0020, 0x0020, 0x0040, 0x0060, 0x0080, 0x00A0, 0x00E0, 0x0140,
  0x01C0, 0x0180, 0x01C0, 0x01E0, 0x01A0, 0x0120, 0x0180, 0x0220, 0x0240, 0x0240, 0x01A0, 0x01C0,
  0x01A0, 0x0140, 0x0160, 0x0140, 0x00E0, 0x00C0, 0x00A0, 0x0080, 0x0060, 0x0040, 0x0020, 0x0020,
  0x0020, 0x0000, 0x5244, 0xFF0F, 0xBCE9, 0x0000, 0x5A64, 0xCD09, 0x28E1, 0x0000, 0x0000, 0xA406,
  0x6A84, 0x0000, 0x0020, 0x0000, 0x9C08, 0xFF4F, 0xBCA8, 0x7AE2, 0x7AC3, 0x9BC5, 0xC4A6, 0xBC45,
  0xB445, 0xABE5, 0xA3C4, 0x9B84, 0xA3E5, 0xB404, 0x6242, 0x6A62, 0x8303, 0x82E2, 0x8302, 0xB425,
  0x7AC2, 0x9343, 0x82E3, 0x82C2, 0x9B63, 0x82E2, 0x7282, 0x7AA2, 0x6A62, 0x9343, 0xA3A4, 0x8B43,
  0x8B43, 0x8B43, 0x7AE3, 0x8B23, 0x9B84, 0xA3A4, 0xA3A3, 0x9343, 0xA3C3, 0x9363, 0xF567, 0x8B04,
  0x0000, 0x0000, 0x0000, 0x0000, 0x0000, 0x0000, 0x0000, 0x0000, 0x0000, 0x0000, 0x0000, 0x0000,
  0x0000, 0x0000, 0x0000, 0x0000, 0x0000, 0x0000, 0x0000, 0x0000, 0x0000, 0x0000, 0x0000, 0x0000,
  0x0000, 0x0000, 0x0000, 0x0000, 0x0000, 0x0000, 0x0000, 0x0000, 0x0000, 0x0000, 0x0000, 0x0000,
  0x0000, 0x0000, 0x0000, 0x0000, 0x0000, 0x0000, 0x0000, 0x0000, 0x0000, 0x0000, 0x0000, 0x0000,
  0x0000, 0x0000, 0x0000, 0x0000, 0x0000, 0x0000, 0x0000, 0x0000, 0x0000, 0x0000, 0x0000, 0x0000,
  0x0000, 0x0000, 0x0000, 0x0000, 0x0000, 0x0000, 0x0000, 0x0000, 0x0000, 0x0000, 0x0000, 0x0000,
  0x0000, 0x0000, 0x0000, 0x0000, 0x0000, 0x0000, 0x0000, 0x0000, 0x0000, 0x0000, 0x0000, 0x0000,
  0x0000, 0x0000, 0x0000, 0x0000, 0x0000, 0x0000, 0x0000, 0x0000, 0x0000, 0x0000, 0x0000, 0x0000,
  0x0000, 0x0000, 0x0000, 0x0000, 0x0000, 0x0000, 0x0000, 0x0000, 0x0000, 0x0000, 0x0000, 0x0000,
  0x0000, 0x0000, 0x0000, 0x0000, 0x0000, 0x0000, 0x0000, 0x0000, 0x0000, 0x0000, 0x0000, 0x0000,
  0x0000, 0x0000, 0x0000, 0x0000, 0x0000, 0x0000, 0x0000, 0x0000, 0x0000, 0x0000, 0x0000, 0x0000,
  0x0000, 0x0000, 0x0000, 0x0000, 0x0000, 0x0000, 0x0000, 0x0000, 0x0000, 0x0000, 0x0000, 0x0000,
  0x0000, 0x0000, 0x0000, 0x0000, 0x0000, 0x0000, 0x0000, 0x0000, 0x0000, 0x0000, 0x0000, 0x0000,
  0x0000, 0x0000, 0x0000, 0x0000, 0x0000, 0x0000, 0x0000, 0x0000, 0x0000, 0x0000, 0x0000, 0x3961,
  0xDD06, 0xBC45, 0x6221, 0x8B23, 0x7282, 0xA3C4, 0x8B22, 0x7282, 0x72A2, 0x6A81, 0x72A1, 0x82E1,
  0x72A1, 0x6242, 0x8B22, 0x72A2, 0x8302, 0x9B84, 0xA3C4, 0x82E2, 0xA3C3, 0x9363, 0x9B63, 0x7AA2,
  0xAC04, 0x9343, 0x82E2, 0x6221, 0x6241, 0x6221, 0x8302, 0x7AE2, 0x7AE2, 0x7AC2, 0x6A62, 0x9BA4,
  0xA3C4, 0x72A2, 0x8302, 0x7AA2, 0xED26, 0xCC86, 0x1080, 0x0000, 0x0000, 0x3122, 0x0000, 0xAC07,
  0x3982, 0x0000, 0x0000, 0x1060, 0x1881, 0x0000, 0x49C3, 0xFECC, 0xD569, 0x0840, 0x0000, 0x0020,
  0x0020, 0x0040, 0x0040, 0x0080, 0x00A0, 0x00C0, 0x0100, 0x0160, 0x0200, 0x654D, 0x5CEC, 0x0140,
  0x0A01, 0x756F, 0x4C6A, 0x01A0, 0x3427, 0x8EB3, 0x6DEF, 0x0220, 0x1AE3, 0x8611, 0x1A84, 0x00E0,
  0x0100, 0x00C0, 0x00A0, 0x0080, 0x0060, 0x0060, 0x0040, 0x0020, 0x0020, 0x0000, 0x5224, 0xFEED,
  0xBCA8, 0x0000, 0x0000, 0x5A44, 0xD529, 0x6A84, 0x0000, 0x8B86, 0x6284, 0x1060, 0x18A1, 0x0000,
  0x1060, 0xD54A, 0xFEED, 0x9385, 0x8303, 0x72C2, 0xBC65, 0xB444, 0x8B43, 0x8302, 0x82E2, 0x82E2,
  0x8302, 0x8B23, 0x8B23, 0x82E3, 0x7282, 0x6A61, 0xABE4, 0x8303, 0x9B64, 0xABE4, 0xABC4, 0x82E3,
  0x8B03, 0x9343, 0x82E3, 0x7282, 0x9B83, 0x8B02, 0x7282, 0x7AC2, 0x6A61, 0x6241, 0x7AC2, 0x7AC2,
  0x7AE2, 0xA3A4, 0x72A2, 0x9BA4, 0x8303, 0xE548, 0xC466, 0x0840, 0x0000, 0x0000, 0x0000, 0x0000,
  0x0000, 0x0000, 0x0000, 0x0000, 0x0000, 0x0000, 0x0000, 0x0000, 0x0000, 0x0000, 0x0000, 0x0000,
  0x0000, 0x0000, 0x0000, 0x0000, 0x0000, 0x0000, 0x0000, 0x0000, 0x0000, 0x0000, 0x0000, 0x0000,
  0x0000, 0x0000, 0x0000, 0x0000, 0x0000, 0x0000, 0x0000, 0x0000, 0x0000, 0x0000, 0x0000, 0x0000,
  0x0000, 0x0000, 0x0000, 0x0000, 0x0000, 0x0000, 0x0000, 0x0000, 0x0000, 0x0000, 0x0000, 0x0000,
  0x0000, 0x0000, 0x0000, 0x0000, 0x0000, 0x0000, 0x0000, 0x0000, 0x0000, 0x0000, 0x0000, 0x0000,
  0x0000, 0x0000, 0x0000, 0x0000, 0x0000, 0x0000, 0x0000, 0x0000, 0x0000, 0x0000, 0x0000, 0x0000,
  0x0000, 0x0000, 0x0000, 0x0000, 0x0000, 0x0000, 0x0000, 0x0000, 0x0000, 0x0000, 0x0000, 0x0000,
  0x0000, 0x0000, 0x0000, 0x0000, 0x0000, 0x0000, 0x0000, 0x0000, 0x0000, 0x0000, 0x0000, 0x0000,
  0x0000, 0x0000, 0x0000, 0x0000, 0x0000, 0x0000, 0x0000, 0x0000, 0x0000, 0x0000, 0x0000, 0x0000,
  0x0000, 0x0000, 0x0000, 0x0000, 0x0000, 0x0000, 0x0000, 0x0000, 0x0000, 0x0000, 0x0000, 0x0000,
  0x0000, 0x0000, 0x0000, 0x0000, 0x0000, 0x0000, 0x0000, 0x0000, 0x0000, 0x0000, 0x0000, 0x0000,
  0x0000, 0x0000, 0x0000, 0x0000, 0x0000, 0x0000, 0x0000, 0x0000, 0x0000, 0x0000, 0x0000, 0x0000,
  0x0000, 0x0000, 0x0000, 0x0000, 0x0000, 0x0000, 0x0000, 0x0000, 0x0000, 0x0000, 0x0000, 0x0000,
  0x0000, 0x0000, 0x0000, 0x0000, 0x0000, 0x0000, 0x0000, 0x0000, 0x6242, 0xE526, 0xABC4, 0x82E3,
  0x9B83, 0x6A61, 0x72A2, 0x7AC2, 0x7282, 0x8B22, 0x8B22, 0x82E2, 0x7AC1, 0x6221, 0x6A62, 0x7AE2,
  0x7AC3, 0x9384, 0x72A2, 0xABE4, 0x9BA3, 0x9BA3, 0x9B83, 0x9B63, 0x6A41, 0x9363, 0x7282, 0x82E2,
  0x7AC2, 0x7AE2, 0x6A61, 0x9363, 0x9343, 0x8B23, 0x9363, 0x72A2, 0x72A2, 0x8B42, 0x72A2, 0xD4A6,
  0xED26, 0x3941, 0x0000, 0x0000, 0x6264, 0xB428, 0x0000, 0xB489, 0x49C3, 0x0000, 0x20C1, 0xA408,
  0xBC89, 0x3142, 0x3962, 0xFEAB, 0xD549, 0x0820, 0x0000, 0x0020, 0x0040, 0x0040, 0x0060, 0x0080,
  0x00A0, 0x00C0, 0x00E0, 0x0140, 0x01A0, 0x654D, 0x7E10, 0x0140, 0x0A62, 0x96B3, 0x75EF, 0x0240,
  0x8ED3, 0x3C88, 0x8692, 0x3BE7, 0x1AE3, 0xAF77, 0x3386, 0x0160, 0x0140, 0x00E0, 0x00C0, 0x00A0,
  0x0080, 0x0060, 0x0040, 0x0040, 0x0040, 0x0000, 0x5224, 0xFECC, 0xBC88, 0x0000, 0x0000, 0x0000,
  0x18A1, 0xBC67, 0x0000, 0x93C7, 0x6285, 0x2901, 0xBC89, 0x0000, 0x0000, 0x2922, 0xF5E9, 0xF5E9,
  0x72A2, 0x82E2, 0x7AE2, 0x7AE3, 0x8B22, 0x8B22, 0x9363, 0x9363, 0x8B23, 0x8B23, 0x6A82, 0x7AC2,
  0x6A61, 0xA3A4, 0x7AA2, 0x9344, 0xB425, 0xA3C4, 0xA3C4, 0xB404, 0x7AA2, 0x7AC3, 0x7AE3, 0x9343,
  0x8B02, 0x7AA2, 0x82E2, 0x7AC2, 0x7AE2, 0x7282, 0x8B22, 0xA3C3, 0x72C2, 0x72A2, 0x8302, 0x6A62,
  0xC446, 0xF568, 0x4982, 0x0000, 0x0000, 0x0000, 0x0000, 0x0000, 0x0000, 0x0000, 0x0000, 0x0000,
  0x0000, 0x0000, 0x0000, 0x0000, 0x0000, 0x0000, 0x0000, 0x0000, 0x0000, 0x0000, 0x0000, 0x0000,
  0x0000, 0x0000, 0x0000, 0x0000, 0x0000, 0x0000, 0x0000, 0x0000, 0x0000, 0x0000, 0x0000, 0x0000,
  0x0000, 0x0000, 0x0000, 0x0000, 0x0000, 0x0000, 0x0000, 0x0000, 0x0000, 0x0000, 0x0000, 0x0000,
  0x0000, 0x0000, 0x0000, 0x0000, 0x0000, 0x0000, 0x0000, 0x0000, 0x0000, 0x0000, 0x0000, 0x0000,
  0x0000, 0x0000, 0x0000, 0x0000, 0x0000, 0x0000, 0x0000, 0x0000, 0x0000, 0x0000, 0x0000, 0x0000,
  0x0000, 0x0000, 0x0000, 0x0000, 0x0000, 0x0000, 0x0000, 0x0000, 0x0000, 0x0000, 0x0000, 0x0000,
  0x0000, 0x0000, 0x0000, 0x0000, 0x0000, 0x0000, 0x0000, 0x0000, 0x0000, 0x0000, 0x0000, 0x0000,
  0x0000, 0x0000, 0x0000, 0x0000, 0x0000, 0x0000, 0x0000, 0x0000, 0x0000, 0x0000, 0x0000, 0x0000,
  0x0000, 0x0000, 0x0000, 0x0000, 0x0000, 0x0000, 0x0000, 0x0000, 0x0000, 0x0000, 0x0000, 0x0000,
  0x0000, 0x0000, 0x0000, 0x0000, 0x0000, 0x0000, 0x0000, 0x0000, 0x0000, 0x0000, 0x0000, 0x0000,
  0x0000, 0x0000, 0x0000, 0x0000, 0x0000, 0x0000, 0x0000, 0x0000, 0x0000, 0x0000, 0x0000, 0x0000,
  0x0000, 0x0000, 0x0000, 0x0000, 0x0000, 0x0000, 0x0000, 0x0000, 0x0000, 0x0000, 0x0000, 0x0000,
  0x0000, 0x0000, 0x0000, 0x0000, 0x0000, 0x0000, 0x0000, 0x0000, 0x0000, 0x0000, 0x0000, 0x0000,
  0x0000, 0x0000, 0x0000, 0x0000, 0x0020, 0xABC5, 0xED88, 0x9343, 0x7AC2, 0x72C2, 0x7AE2, 0x6221,
  0xA3C3, 0xABE3, 0xABE3, 0x8B23, 0x6221, 0x6221, 0x6A41, 0x7AE2, 0x7262, 0x9B84, 0x7282, 0x9342,
  0xA3C4, 0xA3A4, 0xABC4, 0x7AC2, 0x5A01, 0x7281, 0x7AC2, 0x8B22, 0x8302, 0x8302, 0x6A62, 0x8B02,
  0xABC3, 0xA3A3, 0x82E2, 0x7AE2, 0x72A2, 0x72A2, 0xC467, 0xFDC9, 0x7AC3, 0x0000, 0x0000, 0x28E1,
  0xF5EB, 0xABE7, 0x0000, 0xB489, 0x49C3, 0x0000, 0x49E3, 0xBC88, 0xAC27, 0x6A84, 0x3121, 0xFE8A,
  0xD528, 0x0820, 0x0020, 0x0040, 0x0040, 0x0060, 0x0080, 0x00A0, 0x00C0, 0x00E0, 0x0100, 0x0120,
  0x00E0, 0x1AE4, 0x6DCE, 0x01C0, 0x01E0, 0x44C9, 0x65CE, 0x0260, 0x96F4, 0x0B42, 0x6DEF, 0x4CEA,
  0x0180, 0x7E51, 0x2BA5, 0x01A0, 0x0160, 0x00E0, 0x00C0, 0x00A0, 0x0080, 0x0080, 0x0060, 0x0040,
  0x0060, 0x0000, 0x5224, 0xFEED, 0xBCC8, 0x0000, 0x6265, 0xC52A, 0x8326, 0x1880, 0x0000, 0x93A6,
  0x6264, 0x1081, 0xFEAD, 0x8B26, 0x0000, 0x0000, 0x6A63, 0xFE6A, 0xDD49, 0x7282, 0x7AA1, 0x7AE3,
  0x8B02, 0x7AA2, 0xA3A3, 0x9B84, 0x6242, 0x51C1, 0x82E2, 0x82E2, 0x9342, 0x9B63, 0x9344, 0x7AA2,
  0xABC4, 0xA3C4, 0xA3C4, 0xABE4, 0x7AC2, 0x7AC2, 0x6A41, 0x9343, 0x7AA2, 0x8302, 0x7281, 0x9B82,
  0xABE3, 0x9BA4, 0x8B03, 0x6A62, 0x8302, 0x82E2, 0x82E2, 0x9B64, 0xED26, 0x7AA3, 0x0000, 0x0000,
  0x0000, 0x0000, 0x0000, 0x0000, 0x0000, 0x0000, 0x0000, 0x0000, 0x0000, 0x0000, 0x0000, 0x0000,
  0x0000, 0x0000, 0x0000, 0x0000, 0x0000, 0x0000, 0x0000, 0x0000, 0x0000, 0x0000, 0x0000, 0x0000,
  0x0000, 0x0000, 0x0000, 0x0000, 0x0000, 0x0000, 0x0000, 0x0000, 0x0000, 0x0000, 0x0000, 0x0000,
  0x0000, 0x0000, 0x0000, 0x0000, 0x0000, 0x0000, 0x0000, 0x0000, 0x0000, 0x0000, 0x0000, 0x0000,
  0x0000, 0x0000, 0x0000, 0x0000, 0x0000, 0x0000, 0x0000, 0x0000, 0x0000, 0x0000, 0x0000, 0x0000,
  0x0000, 0x0000, 0x0000, 0x0000, 0x0000, 0x0000, 0x0000, 0x0000, 0x0000, 0x0000, 0x0000, 0x0000,
  0x0000, 0x0000, 0x0000, 0x0000, 0x0000, 0x0000, 0x0000, 0x0000, 0x0000, 0x0000, 0x0000, 0x0000,
  0x0000, 0x0000, 0x0000, 0x0000, 0x0000, 0x0000, 0x0000, 0x0000, 0x0000, 0x0000, 0x0000, 0x0000,
  0x0000, 0x0000, 0x0000, 0x0000, 0x0000, 0x0000, 0x0000, 0x0000, 0x0000, 0x0000, 0x0000, 0x0000,
  0x0000, 0x0000, 0x0000, 0x0000, 0x0000, 0x0000, 0x0000, 0x0000, 0x0000, 0x0000, 0x0000, 0x0000,
  0x0000, 0x0000, 0x0000, 0x0000, 0x0000, 0x0000, 0x0000, 0x0000, 0x0000, 0x0000, 0x0000, 0x0000,
  0x0000, 0x0000, 0x0000, 0x0000, 0x0000, 0x0000, 0x0000, 0x0000, 0x0000, 0x0000, 0x0000, 0x0000,
  0x0000, 0x0000, 0x0000, 0x0000, 0x0000, 0x0000, 0x0000, 0x0000, 0x0000, 0x0000, 0x0000, 0x0000,
  0x0000, 0x0000, 0x0000, 0x0000, 0x0000, 0x0000, 0x0000, 0x0000, 0x0000, 0x0000, 0x0000, 0x0000,
  0x0000, 0x28E1, 0xCCA6, 0xD4C6, 0x6A62, 0x9B83, 0x82E2, 0x9342, 0x72A2, 0x72C2, 0x7AC2, 0x82E2,
  0x8B22, 0x6A41, 0x7AC1, 0x7281, 0x8302, 0x7AC2, 0xAC25, 0x72A3, 0x9B63, 0xAC04, 0x9343, 0x6A82,
  0x7AC2, 0x6A62, 0x7AC2, 0x72A1, 0x7AC2, 0x8B43, 0x9363, 0x7AC2, 0x72A2, 0x8322, 0x8B43, 0x9363,
  0x7AC1, 0x9B65, 0xFDEA, 0xC487, 0x0840, 0x0020, 0x0000, 0x6A64, 0xFDE9, 0x9B45, 0x0000, 0xABE7,
  0x4182, 0x0000, 0x0000, 0x6A64, 0x8B66, 0x0820, 0x3962, 0xFE29, 0xD507, 0x0820, 0x0020, 0x0040,
  0x0060, 0x0080, 0x0080, 0x00A0, 0x00C0, 0x00E0, 0x0100, 0x0100, 0x0140, 0x6D6E, 0xAF57, 0x23C5,
  0x0B22, 0x96B3, 0xA715, 0x1303, 0x6DAF, 0x8672, 0x9F15, 0x2BE5, 0x2BE5, 0xB798, 0x658E, 0x01E0,
  0x0140, 0x0100, 0x00E0, 0x00C0, 0x00A0, 0x0080, 0x0080, 0x0060, 0x0060, 0x0000, 0x5224, 0xFF0E,
  0xBCE9, 0x0000, 0xCD0A, 0x5A24, 0xD54A, 0x20E1, 0x0000, 0x8B86, 0x5A44, 0x1081, 0xFE0A, 0xE569,
  0x0840, 0x0000, 0x0000, 0xB447, 0xFF0E, 0xBC67, 0x7AA2, 0x9B84, 0x9343, 0xB404, 0x72C2, 0x72A2,
  0x72A2, 0x6A62, 0x6A62, 0x9362, 0x82E2, 0x8B02, 0x9B63, 0x9384, 0x7282, 0xA3A4, 0xA3C4, 0x72A2,
  0x9BC4, 0x82E2, 0x9363, 0x7AC2, 0x8B22, 0x6241, 0x7AA1, 0x8302, 0x8302, 0x7AE2, 0x5A01, 0x7282,
  0x6A62, 0x9B83, 0x8B43, 0xF568, 0xB3C4, 0x0820, 0x0000, 0x0000, 0x0000, 0x0000, 0x0000, 0x0000,
  0x0000, 0x0000, 0x0000, 0x0000, 0x0000, 0x0000, 0x0000, 0x0000, 0x0000, 0x0000, 0x0000, 0x0000,
  0x0000, 0x0000, 0x0000, 0x0000, 0x0000, 0x0000, 0x0000, 0x0000, 0x0000, 0x0000, 0x0000, 0x0000,
  0x0000, 0x0000, 0x0000, 0x0000, 0x0000, 0x0000, 0x0000, 0x0000, 0x0000, 0x0000, 0x0000, 0x0000,
  0x0000, 0x0000, 0x0000, 0x0000, 0x0000, 0x0000, 0x0000, 0x0000, 0x0000, 0x0000, 0x0000, 0x0000,
  0x0000, 0x0000, 0x0000, 0x0000, 0x0000, 0x0000, 0x0000, 0x0000, 0x0000, 0x0000, 0x0000, 0x0000,
  0x0000, 0x0000, 0x0000, 0x0000, 0x0000, 0x0000, 0x0000, 0x0000, 0x0000, 0x0000, 0x0000, 0x0000,
  0x0000, 0x0000, 0x0000, 0x0000, 0x0000, 0x0000, 0x0000, 0x0000, 0x0000, 0x0000, 0x0000, 0x0000,
  0x0000, 0x0000, 0x0000, 0x0000, 0x0000, 0x0000, 0x0000, 0x0000, 0x0000, 0x0000, 0x0000, 0x0000,
  0x0000, 0x0000, 0x0000, 0x0000, 0x0000, 0x0000, 0x0000, 0x0000, 0x0000, 0x0000, 0x0000, 0x0000,
  0x0000, 0x0000, 0x0000, 0x0000, 0x0000, 0x0000, 0x0000, 0x0000, 0x0000, 0x0000, 0x0000, 0x0000,
  0x0000, 0x0000, 0x0000, 0x0000, 0x0000, 0x0000, 0x0000, 0x0000, 0x0000, 0x0000, 0x0000, 0x0000,
  0x0000, 0x0000, 0x0000, 0x0000, 0x0000, 0x0000, 0x0000, 0x0000, 0x0000, 0x0000, 0x0000, 0x0000,
  0x0000, 0x0000, 0x0000, 0x0000, 0x0000, 0x0000, 0x0000, 0x0000, 0x0000, 0x0000, 0x0000, 0x0000,
  0x0000, 0x0000, 0x0000, 0x0000, 0x0000, 0x0000, 0x0000, 0x0000, 0x0000, 0x0000, 0x51C2, 0xE526,
  0xCC86, 0x7282, 0x9B63, 0x82E1, 0x8B22, 0x7AE2, 0x8302, 0x8302, 0x9363, 0x9B83, 0x6A61, 0x8301,
  0x7AC1, 0x8B22, 0x7AE2, 0xAC25, 0x6A83, 0x7AC2, 0x72A2, 0x9383, 0x7AC2, 0x8B22, 0x6A61, 0x7282,
  0x7AE2, 0xA3C3, 0xA3C3, 0x9BA3, 0x8323, 0x8302, 0x6A62, 0x7AE2, 0x82E3, 0xF568, 0xED48, 0x3101,
  0x0000, 0x0020, 0x0000, 0x6203, 0xFD87, 0x9B44, 0x0000, 0xA3C6, 0x3942, 0x0000, 0x1880, 0xA427,
  0x3962, 0x0000, 0x4182, 0xFE29, 0xD528, 0x0840, 0x0040, 0x0060, 0x0060, 0x0080, 0x00A0, 0x00C0,
  0x00C0, 0x0100, 0x0100, 0x0100, 0x0180, 0x3BC8, 0x4449, 0x23A4, 0x0B22, 0x44A9, 0x44A9, 0x1B43,
  0x0240, 0x4429, 0x2385, 0x0220, 0x23A5, 0x4469, 0x3C27, 0x0240, 0x0180, 0x0140, 0x0100, 0x00E0,
  0x00C0, 0x00A0, 0x0080, 0x0060, 0x0080, 0x0000, 0x5224, 0xFF0E, 0xC509, 0x0000, 0x51E4, 0xB4C9,
  0x8346, 0x0840, 0x0000, 0x8325, 0x5A43, 0x1060, 0xF5A9, 0xDD08, 0x0840, 0x0000, 0x0000, 0x18A1,
  0xE58A, 0xFECC, 0xA3C5, 0x9363, 0x82E3, 0x9B84, 0xABE4, 0xA3C4, 0xA3E4, 0xAC04, 0x9363, 0x7AA2,
  0x8B22, 0x82E2, 0x9342, 0xA3A4, 0x9384, 0x7282, 0x7282, 0x93A5, 0x9383, 0xA3A3, 0x8322, 0x9342,
  0x7AE2, 0xABE4, 0x9363, 0x7AC2, 0x7AE2, 0x82E2, 0x9363, 0x72A2, 0x7AE2, 0x7282, 0xDCE7, 0xE527,
  0x3121, 0x0000, 0x0000, 0x0000, 0x0000, 0x0000, 0x0000, 0x0000, 0x0000, 0x0000, 0x0000, 0x0000,
  0x0000, 0x0000, 0x0000, 0x0000, 0x0000, 0x0000, 0x0000, 0x0000, 0x0000, 0x0000, 0x0000, 0x0000,
  0x0000, 0x0000, 0x0000, 0x0000, 0x0000, 0x0000, 0x0000, 0x0000, 0x0000, 0x0000, 0x0000, 0x0000,
  0x0000, 0x0000, 0x0000, 0x0000, 0x0000, 0x0000, 0x0000, 0x0000, 0x0000, 0x0000, 0x0000, 0x0000,
  0x0000, 0x0000, 0x0000, 0x0000, 0x0000, 0x0000, 0x0000, 0x0000, 0x0000, 0x0000, 0x0000, 0x0000,
  0x0000, 0x0000, 0x0000, 0x0000, 0x0000, 0x0000, 0x0000, 0x0000, 0x0000, 0x0000, 0x0000, 0x0000,
  0x0000, 0x0000, 0x0000, 0x0000, 0x0000, 0x0000, 0x0000, 0x0000, 0x0000, 0x0000, 0x0000, 0x0000,
  0x0000, 0x0000, 0x0000, 0x0000, 0x0000, 0x0000, 0x0000, 0x0000, 0x0000, 0x0000, 0x0000, 0x0000,
  0x0000, 0x0000, 0x0000, 0x0000, 0x0000, 0x0000, 0x0000, 0x0000, 0x0000, 0x0000, 0x0000, 0x0000,
  0x0000, 0x0000, 0x0000, 0x0000, 0x0000, 0x0000, 0x0000, 0x0000, 0x0000, 0x0000, 0x0000, 0x0000,
  0x0000, 0x0000, 0x0000, 0x0000, 0x0000, 0x0000, 0x0000, 0x0000, 0x0000, 0x0000, 0x0000, 0x0000,
  0x0000, 0x0000, 0x0000, 0x0000, 0x0000, 0x0000, 0x0000, 0x0000, 0x0000, 0x0000, 0x0000, 0x0000,
  0x0000, 0x0000, 0x0000, 0x0000, 0x0000, 0x0000, 0x0000, 0x0000, 0x0000, 0x0000, 0x0000, 0x0000,
  0x0000, 0x0000, 0x0000, 0x0000, 0x0000, 0x0000, 0x0000, 0x0000, 0x0000, 0x0000, 0x0000, 0x0000,
  0x0000, 0x0000, 0x0000, 0x0000, 0x0000, 0x0000, 0x0000, 0x8B04, 0xED47, 0xA364, 0x6A41, 0x7282,
  0x82E2, 0xA3C3, 0x9B83, 0x8B23, 0x7AE2, 0x8B23, 0x9363, 0x6A41, 0x8B02, 0x8B02, 0x8B22, 0x7282,
  0x9BC5, 0x6263, 0x8303, 0x6A61, 0x9343, 0x7AE2, 0x82E2, 0x6A61, 0x9343, 0x7AE2, 0x8322, 0x8302,
  0x8302, 0x6262, 0x6A82, 0x6A62, 0xCCA6, 0xF567, 0x5A02, 0x0000, 0x0020, 0x0000, 0x0000, 0x6A23,
  0xFDE9, 0xA385, 0x0000, 0xB428, 0x6264, 0x0000, 0x0020, 0x62A4, 0xEDCA, 0x18A1, 0x3941, 0xFE69,
  0xDD69, 0x0860, 0x0040, 0x0060, 0x0080, 0x0080, 0x00A0, 0x00C0, 0x0100, 0x00E0, 0x0120, 0x0180,
  0x01C0, 0x01C0, 0x0240, 0x0260, 0x0240, 0x01A0, 0x0220, 0x0280, 0x0220, 0x01A0, 0x0180, 0x0220,
  0x0200, 0x0200, 0x0200, 0x0200, 0x01A0, 0x01A0, 0x0140, 0x0120, 0x00E0, 0x00A0, 0x0080, 0x0080,
  0x0080, 0x0000, 0x5244, 0xFF2E, 0xBD09, 0x0000, 0x1081, 0x18A1, 0x0000, 0x0000, 0x0000, 0xBC87,
  0x5A03, 0x1081, 0xF5EA, 0xE549, 0x1040, 0x0000, 0x0000, 0x0000, 0x49A3, 0xFE6C, 0xF60A, 0x7AA3,
  0x7AC2, 0x6242, 0x8B43, 0x9343, 0xA3C4, 0xA3E4, 0xABE4, 0x9363, 0x6A82, 0x7AC2, 0x7AA2, 0x7281,
  0x9B83, 0x93A4, 0x9385, 0x9363, 0x9363, 0x8B43, 0x9363, 0x7282, 0x8B03, 0x9BA4, 0x9383, 0x8B43,
  0x8B43, 0x9B83, 0x8303, 0x9343, 0x72A2, 0xABC4, 0xF526, 0x6A42, 0x0000, 0x0000, 0x0000, 0x0000,
  0x0000, 0x0000, 0x0000, 0x0000, 0x0000, 0x0000, 0x0000, 0x0000, 0x0000, 0x0000, 0x0000, 0x0000,
  0x0000, 0x0000, 0x0000, 0x0000, 0x0000, 0x0000, 0x0000, 0x0000, 0x0000, 0x0000, 0x0000, 0x0000,
  0x0000, 0x0000, 0x0000, 0x0000, 0x0000, 0x0000, 0x0000, 0x0000, 0x0000, 0x0000, 0x0000, 0x0000,
  0x0000, 0x0000, 0x0000, 0x0000, 0x0000, 0x0000, 0x0000, 0x0000, 0x0000, 0x0000, 0x0000, 0x0000,
  0x0000, 0x0000, 0x0000, 0x0000, 0x0000, 0x0000, 0x0000, 0x0000, 0x0000, 0x0000, 0x0000, 0x0000,
  0x0000, 0x0000, 0x0000, 0x0000, 0x0000, 0x0000, 0x0000, 0x0000, 0x0000, 0x0000, 0x0000, 0x0000,
  0x0000, 0x0000, 0x0000, 0x0000, 0x0000, 0x0000, 0x0000, 0x0000, 0x0000, 0x0000, 0x0000, 0x0000,
  0x0000, 0x0000, 0x0000, 0x0000, 0x0000, 0x0000, 0x0000, 0x0000, 0x0000, 0x0000, 0x0000, 0x0000,
  0x0000, 0x0000, 0x0000, 0x0000, 0x0000, 0x0000, 0x0000, 0x0000, 0x0000, 0x0000, 0x0000, 0x0000,
  0x0000, 0x0000, 0x0000, 0x0000, 0x0000, 0x0000, 0x0000, 0x0000, 0x0000, 0x0000, 0x0000, 0x0000,
  0x0000, 0x0000, 0x0000, 0x0000, 0x0000, 0x0000, 0x0000, 0x0000, 0x0000, 0x0000, 0x0000, 0x0000,
  0x0000, 0x0000, 0x0000, 0x0000, 0x0000, 0x0000, 0x0000, 0x0000, 0x0000, 0x0000, 0x0000, 0x0000,
  0x0000, 0x0000, 0x0000, 0x0000, 0x0000, 0x0000, 0x0000, 0x0000, 0x0000, 0x0000, 0x0000, 0x0000,
  0x0000, 0x0000, 0x0000, 0x0000, 0x0000, 0x0000, 0x0000, 0x0000, 0x0000, 0x0000, 0x0000, 0x0000,
  0x0000, 0x0000, 0x0000, 0x1040, 0xBC25, 0xE527, 0x7AA3, 0x6A41, 0x7AA1, 0x7AC2, 0x72A2, 0x6A62,
  0x6A61, 0x7AC2, 0x8B22, 0x7AE2, 0x7AC2, 0x8B22, 0x7281, 0x72A1, 0x6241, 0x7AC2, 0x4180, 0x6A61,
  0x51C0, 0x9B62, 0x8302, 0x8302, 0x7AE2, 0x6261, 0x6241, 0x6221, 0x6241, 0x6A82, 0x5A21, 0xABE5,
  0xFDA8, 0x9B64, 0x0000, 0x0000, 0x0000, 0x0000, 0x0000, 0x7284, 0xFE8C, 0xA427, 0x0000, 0x2902,
  0xC4A8, 0x5A23, 0x0000, 0x0000, 0xBCA8, 0x3122, 0x3941, 0xFE8B, 0xDD8A, 0x0840, 0x0040, 0x0060,
  0x0080, 0x0080, 0x00A0, 0x00A0, 0x00A0, 0x3367, 0x7DF1, 0x0AA1, 0x02A0, 0x6DCF, 0x9693, 0x23C5,
  0x0260, 0x758F, 0x4CC9, 0x0260, 0x2C46, 0x9693, 0x75CF, 0x02A0, 0x23C5, 0x8652, 0x1B23, 0x01E0,
  0x550C, 0x9673, 0x3C08, 0x0180, 0x0120, 0x00C0, 0x0080, 0x0080, 0x0080, 0x0000, 0x5A64, 0xFF2F,
  0xBCE8, 0x0000, 0xA448, 0x5A44, 0x0000, 0x1080, 0xABE6, 0xE5A9, 0x5223, 0x18A1, 0xFE2C, 0xE58A,
  0x1060, 0x0000, 0x0000, 0x0000, 0x0000, 0x8325, 0xFE8A, 0xD4C7, 0x59E1, 0x72A2, 0x72A2, 0x7AE2,
  0x7AC2, 0x7AC2, 0x82E2, 0x8B22, 0x6241, 0x7AE2, 0x6A61, 0x6221, 0x6A41, 0x9363, 0x9363, 0x7AA1,
  0x7281, 0x7AA2, 0x8B22, 0x5A01, 0x6A61, 0x6241, 0x6A61, 0x72A2, 0x7AE2, 0x7AC2, 0x7AC2, 0x7AC2,
  0x9344, 0xF547, 0xABA4, 0x0000, 0x0000, 0x0000, 0x0000, 0x0000, 0x0000, 0x0000, 0x0000, 0x0000,
  0x0000, 0x0000, 0x0000, 0x0000, 0x0000, 0x0000, 0x0000, 0x0000, 0x0000, 0x0000, 0x0000, 0x0000,
  0x0000, 0x0000, 0x0000, 0x0000, 0x0000, 0x0000, 0x0000, 0x0000, 0x0000, 0x0000, 0x0000, 0x0000,
  0x0000, 0x0000, 0x0000, 0x0000, 0x0000, 0x0000, 0x0000, 0x0000, 0x0000, 0x0000, 0x0000, 0x0000,
  0x0000, 0x0000, 0x0000, 0x0000, 0x0000, 0x0000, 0x0000, 0x0000, 0x0000, 0x0000, 0x0000, 0x0000,
  0x0000, 0x0000, 0x0000, 0x0000, 0x0000, 0x0000, 0x0000, 0x0000, 0x0000, 0x0000, 0x0000, 0x0000,
  0x0000, 0x0000, 0x0000, 0x0000, 0x0000, 0x0000, 0x0000, 0x0000, 0x0000, 0x0000, 0x0000, 0x0000,
  0x0000, 0x0000, 0x0000, 0x0000, 0x0000, 0x0000, 0x0000, 0x0000, 0x0000, 0x0000, 0x0000, 0x0000,
  0x0000, 0x0000, 0x0000, 0x0000, 0x0000, 0x0000, 0x0000, 0x0000, 0x0000, 0x0000, 0x0000, 0x0000,
  0x0000, 0x0000, 0x0000, 0x0000, 0x0000, 0x0000, 0x0000, 0x0000, 0x0000, 0x0000, 0x0000, 0x0000,
  0x0000, 0x0000, 0x0000, 0x0000, 0x0000, 0x0000, 0x0000, 0x0000, 0x0000, 0x0000, 0x0000, 0x0000,
  0x0000, 0x0000, 0x0000, 0x0000, 0x0000, 0x0000, 0x0000, 0x0000, 0x0000, 0x0000, 0x0000, 0x0000,
  0x0000, 0x0000, 0x0000, 0x0000, 0x0000, 0x0000, 0x0000, 0x0000, 0x0000, 0x0000, 0x0000, 0x0000,
  0x0000, 0x0000, 0x0000, 0x0000, 0x0000, 0x0000, 0x0000, 0x0000, 0x0000, 0x0000, 0x0000, 0x0000,
  0x0000, 0x0000, 0x0000, 0x0000, 0x0000, 0x0000, 0x0000, 0x0000, 0x0000, 0x0000, 0x0000, 0x0000,
  0x3941, 0xDCE6, 0xD4A6, 0x82C3, 0x82E2, 0x7AC2, 0x72A2, 0x82E3, 0x8B23, 0x8B23, 0x82E3, 0x82E3,
  0x82E3, 0x7AC3, 0x6242, 0x8B23, 0x9363, 0x6222, 0x9343, 0x6A82, 0x7282, 0x8303, 0x8B23, 0x9343,
  0x8B23, 0x7AE3, 0x7AC3, 0x72A3, 0x7AE3, 0x72A3, 0x8B23, 0xF547, 0xD4A6, 0x1880, 0x0000, 0x0000,
  0x0000, 0x0000, 0x0000, 0x72A4, 0xFEED, 0xA428, 0x0000, 0x0000, 0x1080, 0xC4A7, 0x6243, 0x0000,
  0xBCC9, 0x3122, 0x3962, 0xFEAB, 0xDD8A, 0x0840, 0x0040, 0x0060, 0x0080, 0x0080, 0x00A0, 0x00C0,
  0x00C0, 0x33C7, 0xB798, 0x0B21, 0x3C68, 0x8EB3, 0x4D6B, 0x8652, 0x0281, 0x8672, 0x6DCE, 0x0260,
  0x96D4, 0x558B, 0x8EF3, 0x3C68, 0x2385, 0xAF77, 0x2385, 0x1343, 0x8EF5, 0x44A8, 0x9F15, 0x0240,
  0x0140, 0x00E0, 0x00A0, 0x0080, 0x0080, 0x0000, 0x5264, 0xFF2F, 0xBCE9, 0x0000, 0xA427, 0x5A44,
  0x0000, 0xC4A7, 0x6A83, 0x8326, 0x6AA5, 0x1060, 0xF60B, 0xE58A, 0x1060, 0x0000, 0x0000, 0x0000,
  0x0000, 0x0020, 0xBC46, 0xFE49, 0xB3E6, 0x8304, 0x9BA5, 0x9BA5, 0x9365, 0x8324, 0x8B23, 0x8B03,
  0x82E3, 0x7AA3, 0x7AC3, 0x6A63, 0xA3C4, 0x8B23, 0x9364, 0xB404, 0x6A62, 0x82E3, 0x7AA3, 0x7AA3,
  0x7AC3, 0x7AC3, 0x7AC3, 0x8303, 0x8B23, 0x8B03, 0x82E3, 0x82E3, 0xD4C7, 0xE507, 0x3101, 0x0000,
  0x0000, 0x0000, 0x0000, 0x0000, 0x0000, 0x0000, 0x0000, 0x0000, 0x0000, 0x0000, 0x0000, 0x0000,
  0x0000, 0x0000, 0x0000, 0x0000, 0x0000, 0x0000, 0x0000, 0x0000, 0x0000, 0x0000, 0x0000, 0x0000,
  0x0000, 0x0000, 0x0000, 0x0000, 0x0000, 0x0000, 0x0000, 0x0000, 0x0000, 0x0000, 0x0000, 0x0000,
  0x0000, 0x0000, 0x0000, 0x0000, 0x0000, 0x0000, 0x0000, 0x0000, 0x0000, 0x0000, 0x0000, 0x0000,
  0x0000, 0x0000, 0x0000, 0x0000, 0x0000, 0x0000, 0x0000, 0x0000, 0x0000, 0x0000, 0x0000, 0x0000,
  0x0000, 0x0000, 0x0000, 0x0000, 0x0000, 0x0000, 0x0000, 0x0000, 0x0000, 0x0000, 0x0000, 0x0000,
  0x0000, 0x0000, 0x0000, 0x0000, 0x0000, 0x0000, 0x0000, 0x0000, 0x0000, 0x0000, 0x0000, 0x0000,
  0x0000, 0x0000, 0x0000, 0x0000, 0x0000, 0x0000, 0x0000, 0x0000, 0x0000, 0x0000, 0x0000, 0x0000,
  0x0000, 0x0000, 0x0000, 0x0000, 0x0000, 0x0000, 0x0000, 0x0000, 0x0000, 0x0000, 0x0000, 0x0000,
  0x0000, 0x0000, 0x0000, 0x0000, 0x0000, 0x0000, 0x0000, 0x0000, 0x0000, 0x0000, 0x0000, 0x0000,
  0x0000, 0x0000, 0x0000, 0x0000, 0x0000, 0x0000, 0x0000, 0x0000, 0x0000, 0x0000, 0x0000, 0x0000,
  0x0000, 0x0000, 0x0000, 0x0000, 0x0000, 0x0000, 0x0000, 0x0000, 0x0000, 0x0000, 0x0000, 0x0000,
  0x0000, 0x0000, 0x0000, 0x0000, 0x0000, 0x0000, 0x0000, 0x0000, 0x0000, 0x0000, 0x0000, 0x0000,
  0x0000, 0x0000, 0x0000, 0x0000, 0x0000, 0x0000, 0x0000, 0x0000, 0x0000, 0x0000, 0x0000, 0x0000,
  0x0000, 0x0000, 0x0000, 0x0000, 0x0000, 0x0000, 0x0000, 0x0000, 0x0000, 0x7263, 0xF587, 0xF588,
  0xED67, 0xED26, 0xE525, 0xED47, 0xED67, 0xED67, 0xED46, 0xE526, 0xE547, 0xED46, 0xE526, 0xDCE6,
  0xE547, 0xF588, 0xED88, 0xF5A8, 0xF5A8, 0xF587, 0xED47, 0xED47, 0xED67, 0xF5A8, 0xF588, 0xF587,
  0xF5A8, 0xFDA9, 0xF588, 0xED26, 0x4161, 0x0000, 0x0000, 0x0000, 0x0000, 0x0000, 0x0000, 0x72A4,
  0xFEAB, 0xA3E6, 0x0000, 0x0000, 0x0000, 0x5A23, 0xAC05, 0x0000, 0xBC88, 0x3142, 0x3962, 0xFEAB,
  0xDD6A, 0x0840, 0x0040, 0x0080, 0x0080, 0x00A0, 0x00C0, 0x0120, 0x0180, 0x0200, 0x8E92, 0x02E0,
  0x44C9, 0x65CD, 0x13C3, 0x96F4, 0x0220, 0x3467, 0x65AD, 0x0240, 0x96D4, 0x1402, 0x6E2F, 0x550A,
  0x0160, 0x7630, 0x1B83, 0x23E4, 0x8672, 0x02E0, 0x8EF4, 0x0240, 0x0140, 0x00E0, 0x00A0, 0x0080,
  0x00A0, 0x0000, 0x5244, 0xFF0E, 0xC4E9, 0x0000, 0x9BE7, 0x5203, 0x1060, 0xC4A7, 0x0000, 0x8B86,
  0x6284, 0x0860, 0xF60B, 0xE58A, 0x1040, 0x0000, 0x0000, 0x0000, 0x0000, 0x0000, 0x18A1, 0xE528,
  0xFEAB, 0xFECD, 0xFECC, 0xFEAB, 0xFECC, 0xFE8B, 0xFE08, 0xFDC7, 0xFDC8, 0xFE08, 0xFE4A, 0xFE4A,
  0xFE09, 0xFE09, 0xFE09, 0xFDE9, 0xFDC8, 0xFDA7, 0xFDA8, 0xF588, 0xF587, 0xFDC8, 0xFDC9, 0xF5A9,
  0xF568, 0xF567, 0xF587, 0xED47, 0xED06, 0x6222, 0x0000, 0x0000, 0x0000, 0x0000, 0x0000, 0x0000,
  0x0000, 0x0000, 0x0000, 0x0000, 0x0000, 0x0000, 0x0000, 0x0000, 0x0000, 0x0000, 0x0000, 0x0000,
  0x0000, 0x0000, 0x0000, 0x0000, 0x0000, 0x0000, 0x0000, 0x0000, 0x0000, 0x0000, 0x0000, 0x0000,
  0x0000, 0x0000, 0x0000, 0x0000, 0x0000, 0x0000, 0x0000, 0x0000, 0x0000, 0x0000, 0x0000, 0x0000,
  0x0000, 0x0000, 0x0000, 0x0000, 0x0000, 0x0000, 0x0000, 0x0000, 0x0000, 0x0000, 0x0000, 0x0000,
  0x0000, 0x0000, 0x0000, 0x0000, 0x0000, 0x0000, 0x0000, 0x0000, 0x0000, 0x0000, 0x0000, 0x0000,
  0x0000, 0x0000, 0x0000, 0x0000, 0x0000, 0x0000, 0x0000, 0x0000, 0x0000, 0x0000, 0x0000, 0x0000,
  0x0000, 0x0000, 0x0000, 0x0000, 0x0000, 0x0000, 0x0000, 0x0000, 0x0000, 0x0000, 0x0000, 0x0000,
  0x0000, 0x0000, 0x0000, 0x0000, 0x0000, 0x0000, 0x0000, 0x0000, 0x0000, 0x0000, 0x0000, 0x0000,
  0x0000, 0x0000, 0x0000, 0x0000, 0x0000, 0x0000, 0x0000, 0x0000, 0x0000, 0x0000, 0x0000, 0x0000,
  0x0000, 0x0000, 0x0000, 0x0000, 0x0000, 0x0000, 0x0000, 0x0000, 0x0000, 0x0000, 0x0000, 0x0000,
  0x0000, 0x0000, 0x0000, 0x0000, 0x0000, 0x0000, 0x0000, 0x0000, 0x0000, 0x0000, 0x0000, 0x0000,
  0x0000, 0x0000, 0x0000, 0x0000, 0x0000, 0x0000, 0x0000, 0x0000, 0x0000, 0x0000, 0x0000, 0x0000,
  0x0000, 0x0000, 0x0000, 0x0000, 0x0000, 0x0000, 0x0000, 0x0000, 0x0000, 0x0000, 0x0000, 0x0000,
  0x0000, 0x0000, 0x0000, 0x0000, 0x0000, 0x0000, 0x0000, 0x0000, 0x0000, 0x0000, 0x0000, 0x0000,
  0x0000, 0x0000, 0x0000, 0x0000, 0x0000, 0x0020, 0x6A43, 0x72A3, 0x6A63, 0x6A42, 0x6A62, 0x7262,
  0x7262, 0x6A62, 0x6A63, 0x6A63, 0x6A42, 0x6242, 0x6222, 0x6242, 0x6A62, 0x72A3, 0x7AC4, 0x7AC4,
  0x7AC3, 0x7283, 0x6A42, 0x6242, 0x6A42, 0x7283, 0x72A3, 0x72A3, 0x7AA4, 0x72A4, 0x7AA4, 0x51E2,
  0x0000, 0x0000, 0x0000, 0x0000, 0x0000, 0x0000, 0x0000, 0x72A4, 0xFEAA, 0x9BC6, 0x0000, 0x4183,
  0x0840, 0x6284, 0xA427, 0x0000, 0xB488, 0x3122, 0x3982, 0xFECB, 0xD549, 0x0840, 0x0040, 0x0080,
  0x0080, 0x00A0, 0x00E0, 0x0140, 0x01C0, 0x2C26, 0xC799, 0x4488, 0x2384, 0x86D2, 0x7630, 0x6DAE,
  0x0AE1, 0x8692, 0xA735, 0x1B83, 0x65CE, 0x7670, 0x9714, 0x2BE5, 0x23A4, 0xAF77, 0x658D, 0x1362,
  0x8ED3, 0x65EE, 0x7611, 0x0140, 0x0120, 0x00E0, 0x00C0, 0x00A0, 0x00A0, 0x0000, 0x5244, 0xFF0D,
  0xBCC8, 0x0000, 0xAC89, 0x5244, 0x1060, 0xC4C8, 0x0000, 0x8B66, 0x6284, 0x1081, 0xFE2C, 0xE5AB,
  0x1060, 0x0000, 0x0000, 0x0000, 0x0000, 0x0000, 0x0000, 0x3941, 0x8325, 0x8325, 0x8325, 0x8304,
  0x7B04, 0x7AE4, 0x7AC3, 0x72A3, 0x72A3, 0x7AC3, 0x8305, 0x8305, 0x8304, 0x7AE4, 0x7AC4, 0x7AA3,
  0x72A3, 0x7AA3, 0x72A3, 0x72A3, 0x7283, 0x7AA3, 0x7AC4, 0x7AC4, 0x72A3, 0x7283, 0x7283, 0x7283,
  0x6222, 0x0000, 0x0000, 0x0000, 0x0000, 0x0000, 0x0000, 0x0000, 0x0000, 0x0000, 0x0000, 0x0000,
  0x0000, 0x0000, 0x0000, 0x0000, 0x0000, 0x0000, 0x0000, 0x0000, 0x0000, 0x0000, 0x0000, 0x0000,
  0x0000, 0x0000, 0x0000, 0x0000, 0x0000, 0x0000, 0x0000, 0x0000, 0x0000, 0x0000, 0x0000, 0x0000,
  0x0000, 0x0000, 0x0000, 0x0000, 0x0000, 0x0000, 0x0000, 0x0000, 0x0000, 0x0000, 0x0000, 0x0000,
  0x0000, 0x0000, 0x0000, 0x0000, 0x0000, 0x0000, 0x0000, 0x0000, 0x0000, 0x0000, 0x0000, 0x0000,
  0x0000, 0x0000, 0x0000, 0x0000, 0x0000, 0x0000, 0x0000, 0x0000, 0x0000, 0x0000, 0x0000, 0x0000,
  0x0000, 0x0000, 0x0000, 0x0000, 0x0000, 0x0000, 0x0000, 0x0000, 0x0000, 0x0000, 0x0000, 0x0000,
  0x0000, 0x0000, 0x0000, 0x0000, 0x0000, 0x0000, 0x0000, 0x0000, 0x0000, 0x0000, 0x0000, 0x0000,
  0x0000, 0x0000, 0x0000, 0x0000, 0x0000, 0x0000, 0x0000, 0x0000, 0x0000, 0x0000, 0x0000, 0x0000,
  0x0000, 0x0000, 0x0000, 0x0000, 0x0000, 0x0000, 0x0000, 0x0000, 0x0000, 0x0000, 0x0000, 0x0000,
  0x0000, 0x0000, 0x0000, 0x0000, 0x0000, 0x0000, 0x0000, 0x0000, 0x0000, 0x0000, 0x0000, 0x0000,
  0x0000, 0x0000, 0x0000, 0x0000, 0x0000, 0x0000, 0x0000, 0x0000, 0x0000, 0x0000, 0x0000, 0x0000,
  0x0000, 0x0000, 0x0000, 0x0000, 0x0000, 0x0000, 0x0000, 0x0000, 0x0000, 0x0000, 0x0000, 0x0000,
  0x0000, 0x0000, 0x0000, 0x0000, 0x0000, 0x0000, 0x0000, 0x0000, 0x0000, 0x0000, 0x0000, 0x0000,
  0x0000, 0x0000, 0x0000, 0x0000, 0x0000, 0x0000, 0x0000, 0x0000, 0x0000, 0x0000, 0x0000, 0x0000,
  0x0000, 0x0000, 0x0000, 0x0000, 0x0000, 0x0000, 0x0000, 0x0000, 0x0000, 0x0000, 0x0000, 0x0000,
  0x0000, 0x0000, 0x0000, 0x0000, 0x0000, 0x0000, 0x0000, 0x0000, 0x0000, 0x0000, 0x0000, 0x0000,
  0x0000, 0x0000, 0x0000, 0x0000, 0x0000, 0x0000, 0x0000, 0x0000, 0x0000, 0x0000, 0x0000, 0x0000,
  0x0000, 0x0000, 0x0000, 0x72A4, 0xFECB, 0xA3E6, 0x0000, 0xC4E9, 0x20C1, 0x5A64, 0xAC68, 0x0000,
  0xBCE9, 0x2922, 0x3982, 0xFECB, 0xD549, 0x0840, 0x0040, 0x0080, 0x0080, 0x00C0, 0x00E0, 0x0140,
  0x0180, 0x33E7, 0x550B, 0x44A8, 0x0280, 0x2BC6, 0x446A, 0x0240, 0x12E2, 0x554B, 0x5D6B, 0x2424,
  0x02E0, 0x4CAA, 0x2BE6, 0x0260, 0x2C86, 0x554B, 0x4D0A, 0x02C0, 0x2364, 0x4CAB, 0x1262, 0x0120,
  0x0120, 0x00E0, 0x00C0, 0x00A0, 0x00A0, 0x0000, 0x5244, 0xFEEC, 0xBCA7, 0x0000, 0xB4EB, 0x5265,
  0x1060, 0xC4E8, 0x0000, 0x8345, 0x6264, 0x10A1, 0xFE4D, 0xE5CC, 0x1060, 0x0000, 0x0000, 0x0000,
  0x0000, 0x0000, 0x0000, 0x0000, 0x0000, 0x0000, 0x0000, 0x0000, 0x0000, 0x0000, 0x0000, 0x0000,
  0x0000, 0x0000, 0x0000, 0x0000, 0x0000, 0x0000, 0x0000, 0x0000, 0x0000, 0x0000, 0x0000, 0x0000,
  0x0000, 0x0000, 0x0000, 0x0000, 0x0000, 0x0000, 0x0000, 0x0000, 0x0000, 0x0000, 0x0000, 0x0000,
  0x0000, 0x0000, 0x0000, 0x0000, 0x0000, 0x0000, 0x0000, 0x0000, 0x0000, 0x0000, 0x0000, 0x0000,
  0x0000, 0x0000, 0x0000, 0x0000, 0x0000, 0x0000, 0x0000, 0x0000, 0x0000, 0x0000, 0x0000, 0x0000,
  0x0000, 0x0000, 0x0000, 0x0000, 0x0000, 0x0000, 0x0000, 0x0000, 0x0000, 0x0000, 0x0000, 0x0000,
  0x0000, 0x0000, 0x0000, 0x0000, 0x0000, 0x0000, 0x0000, 0x0000, 0x0000, 0x0000, 0x0000, 0x0000,
  0x0000, 0x0000, 0x0000, 0x0000, 0x0000, 0x0000, 0x0000, 0x0000, 0x0000, 0x0000, 0x0000, 0x0000,
  0x0000, 0x0000, 0x0000, 0x0000, 0x0000, 0x0000, 0x0000, 0x0000, 0x0000, 0x0000, 0x0000, 0x0000,
  0x0000, 0x0000, 0x0000, 0x0000, 0x0000, 0x0000, 0x0000, 0x0000, 0x0000, 0x0000, 0x0000, 0x0000,
  0x0000, 0x0000, 0x0000, 0x0000, 0x0000, 0x0000, 0x0000, 0x0000, 0x0000, 0x0000, 0x0000, 0x0000,
  0x0000, 0x0000, 0x0000, 0x0000, 0x0000, 0x0000, 0x0000, 0x0000, 0x0000, 0x0000, 0x0000, 0x0000,
  0x0000, 0x0000, 0x0000, 0x0000, 0x0000, 0x0000, 0x0000, 0x0000, 0x0000, 0x0000, 0x0000, 0x0000,
  0x0000, 0x0000, 0x0000, 0x0000, 0x0000, 0x0000, 0x0000, 0x0000, 0x0000, 0x0000, 0x0000, 0x0000,
  0x0000, 0x0000, 0x0000, 0x0000, 0x0000, 0x0000, 0x0000, 0x0000, 0x0000, 0x0000, 0x0000, 0x0000,
  0x0000, 0x0000, 0x0000, 0x0000, 0x0000, 0x0000, 0x0000, 0x0000, 0x0000, 0x0000, 0x0000, 0x0000,
  0x0000, 0x0000, 0x0000, 0x0000, 0x0000, 0x0000, 0x0000, 0x0000, 0x0000, 0x0000, 0x0000, 0x0000,
  0x0000, 0x0000, 0x0000, 0x0000, 0x0000, 0x0000, 0x0000, 0x0000, 0x0000, 0x0000, 0x0000, 0x0000,
  0x0000, 0x0000, 0x0000, 0x0000, 0x0000, 0x0000, 0x0000, 0x0000, 0x0000, 0x0000, 0x0000, 0x0000,
  0x0020, 0x0820, 0x0020, 0x0000, 0x0000, 0x0000, 0x0000, 0x0000, 0x0000, 0x0000, 0x0000, 0x0000,
  0x0000, 0x0000, 0x0000, 0x0000, 0x0000, 0x0000, 0x0000, 0x0000, 0x0000, 0x0000, 0x0000, 0x72A4,
  0xFECB, 0x9BE5, 0x0000, 0xB4A9, 0x20C1, 0x5A23, 0xA406, 0x0000, 0xBCE9, 0x3142, 0x3962, 0xFEAB,
  0xD549, 0x0840, 0x0060, 0x0080, 0x00A0, 0x00C0, 0x00E0, 0x0120, 0x0160, 0x0160, 0x0200, 0x0280,
  0x02A0, 0x01E0, 0x01A0, 0x01E0, 0x0220, 0x0200, 0x02A0, 0x02E0, 0x0260, 0x01E0, 0x0200, 0x02C0,
  0x02C0, 0x0300, 0x0260, 0x0220, 0x01C0, 0x01C0, 0x01C0, 0x0180, 0x0100, 0x00E0, 0x00A0, 0x00A0,
  0x00A0, 0x0000, 0x5223, 0xFEED, 0xBCE8, 0x0000, 0xACAA, 0x5244, 0x1060, 0xC4E8, 0x0000, 0x8345,
  0x6264, 0x1081, 0xFE4D, 0xE5CC, 0x1060, 0x0000, 0x0000, 0x0000, 0x0000, 0x0000, 0x0000, 0x0000,
  0x0000, 0x0000, 0x0000, 0x0000, 0x0000, 0x0000, 0x0000, 0x0020, 0x0020, 0x0000, 0x0820, 0x0000,
  0x0000, 0x0000, 0x0000, 0x0000, 0x0000, 0x0000, 0x0000, 0x0000, 0x0000, 0x0000, 0x0000, 0x0000,
  0x0000, 0x0000, 0x0000, 0x0000, 0x0000, 0x0000, 0x0000, 0x0000, 0x0000, 0x0000, 0x0000, 0x0000,
  0x0000, 0x0000, 0x0000, 0x0000, 0x0000, 0x0000, 0x0000, 0x0000, 0x0000, 0x0000, 0x0000, 0x0000,
  0x0000, 0x0000, 0x0000, 0x0000, 0x0000, 0x0000, 0x0000, 0x0000, 0x0000, 0x0000, 0x0000, 0x0000,
  0x0000, 0x0000, 0x0000, 0x0000, 0x0000, 0x0000, 0x0000, 0x0000, 0x0000, 0x0000, 0x0000, 0x0000,
  0x0000, 0x0000, 0x0000, 0x0000, 0x0000, 0x0000, 0x0000, 0x0000, 0x0000, 0x0000, 0x0000, 0x0000,
  0x0000, 0x0000, 0x0000, 0x0000, 0x0000, 0x0000, 0x0000, 0x0000, 0x0000, 0x0000, 0x0000, 0x0000,
  0x0000, 0x0000, 0x0000, 0x0000, 0x0000, 0x0000, 0x0000, 0x0000, 0x0000, 0x0000, 0x0000, 0x0000,
  0x0000, 0x0000, 0x0000, 0x0000, 0x0000, 0x0000, 0x0000, 0x0000, 0x0000, 0x0000, 0x0000, 0x0000,
  0x0000, 0x0000, 0x0000, 0x0000, 0x0000, 0x0000, 0x0000, 0x0000, 0x0000, 0x0000, 0x0000, 0x0000,
  0x0000, 0x0000, 0x0000, 0x0000, 0x0000, 0x0000, 0x0000, 0x0000, 0x0000, 0x0000, 0x0000, 0x0000,
  0x0000, 0x0000, 0x0000, 0x0000, 0x0000, 0x0000, 0x0000, 0x0000, 0x0000, 0x0000, 0x0000, 0x0000,
  0x0000, 0x0000, 0x0000, 0x0000, 0x0000, 0x0000, 0x0000, 0x0000, 0x0000, 0x0000, 0x0000, 0x0000,
  0x0000, 0x0000, 0x0000, 0x0000, 0x0000, 0x0000, 0x0000, 0x0000, 0x0000, 0x0000, 0x0000, 0x0000,
  0x0000, 0x0000, 0x0000, 0x0000, 0x0000, 0x0000, 0x0000, 0x0000, 0x0000, 0x0000, 0x0000, 0x0000,
  0x0000, 0x0000, 0x0000, 0x0000, 0x0000, 0x0000, 0x0000, 0x0000, 0x0000, 0x0000, 0x0000, 0x0000,
  0x0000, 0x0000, 0x0000, 0x0000, 0x0000, 0x0000, 0x0000, 0x0000, 0x0000, 0x0000, 0x0000, 0x0000,
  0x0000, 0x0000, 0x0000, 0x0000, 0x1880, 0xAC07, 0x9BC7, 0x0840, 0x0000, 0x0000, 0x0820, 0x8305,
  0x0020, 0x4162, 0x6A44, 0x0000, 0x9386, 0xB448, 0x28E1, 0x0000, 0x0000, 0x0000, 0x0000, 0x0000,
  0x0000, 0x0000, 0x0000, 0x0000, 0x0000, 0x0000, 0x0000, 0x72A4, 0xFEEB, 0x9BE5, 0x0000, 0xB4A9,
  0x18C1, 0x5203, 0x9BC5, 0x0000, 0xBCE9, 0x3162, 0x3962, 0xFECB, 0xDD6A, 0x0840, 0x0060, 0x0080,
  0x00A0, 0x00C0, 0x00C0, 0x0120, 0x0160, 0x3407, 0x8651, 0x0AC1, 0x0260, 0x6DAE, 0x9EB4, 0x3426,
  0x02A0, 0x6DAF, 0x4CC9, 0x0220, 0x2C05, 0x8EB2, 0x7E30, 0x0341, 0x4509, 0x7E91, 0x5D8D, 0x02A0,
  0x552B, 0x96D4, 0x3C48, 0x0140, 0x0100, 0x00C0, 0x00A0, 0x00A0, 0x00A0, 0x0000, 0x5223, 0xFF0D,
  0xBCE8, 0x0000, 0xA469, 0x5265, 0x1060, 0xC509, 0x0000, 0x8345, 0x6284, 0x1081, 0xF64D, 0xE5CC,
  0x1060, 0x0000, 0x0000, 0x0000, 0x0000, 0x0000, 0x0000, 0x0000, 0x0000, 0x0000, 0x0000, 0x0000,
  0x0860, 0xAC47, 0xB467, 0x0840, 0x41C3, 0x7B05, 0x0000, 0x8305, 0x2902, 0x0000, 0x1880, 0x0000,
  0x6A43, 0xB406, 0x3101, 0x0000, 0x0000, 0x0000, 0x0000, 0x0000, 0x0000, 0x0000, 0x0000, 0x0000,
  0x0000, 0x0000, 0x0000, 0x0000, 0x0000, 0x0000, 0x0000, 0x0000, 0x0000, 0x0000, 0x0000, 0x0000,
  0x0000, 0x0000, 0x0000, 0x0000, 0x0000, 0x0000, 0x0000, 0x0000, 0x0000, 0x0000, 0x0000, 0x0000,
  0x0000, 0x0000, 0x0000, 0x0000, 0x0000, 0x0000, 0x0000, 0x0000, 0x0000, 0x0000, 0x0000, 0x0000,
  0x0000, 0x0000, 0x0000, 0x0000, 0x0000, 0x0000, 0x0000, 0x0000, 0x0000, 0x0000, 0x0000, 0x0000,
  0x0000, 0x0000, 0x0000, 0x0000, 0x0000, 0x0000, 0x0000, 0x0000, 0x0000, 0x0000, 0x0000, 0x0000,
  0x0000, 0x0000, 0x0000, 0x0000, 0x0000, 0x0000, 0x0000, 0x0000, 0x0000, 0x0000, 0x0000, 0x0000,
  0x0000, 0x0000, 0x0000, 0x0000, 0x0000, 0x0000, 0x0000, 0x0000, 0x0000, 0x0000, 0x0000, 0x0000,
  0x0000, 0x0000, 0x0000, 0x0000, 0x0000, 0x0000, 0x0000, 0x0000, 0x0000, 0x0000, 0x0000, 0x0000,
  0x0000, 0x0000, 0x0000, 0x0000, 0x0000, 0x0000, 0x0000, 0x0000, 0x0000, 0x0000, 0x0000, 0x0000,
  0x0000, 0x0000, 0x0000, 0x0000, 0x0000, 0x0000, 0x0000, 0x0000, 0x0000, 0x0000, 0x0000, 0x0000,
  0x0000, 0x0000, 0x0000, 0x0000, 0x0000, 0x0000, 0x0000, 0x0000, 0x0000, 0x0000, 0x0000, 0x0000,
  0x0000, 0x0000, 0x0000, 0x0000, 0x0000, 0x0000, 0x0000, 0x0000, 0x0000, 0x0000, 0x0000, 0x0000,
  0x0000, 0x0000, 0x0000, 0x0000, 0x0000, 0x0000, 0x0000, 0x0000, 0x0000, 0x0000, 0x0000, 0x0000,
  0x0000, 0x0000, 0x0000, 0x0000, 0x0000, 0x0000, 0x0000, 0x0000, 0x0000, 0x0000, 0x0000, 0x0000,
  0x0000, 0x0000, 0x0000, 0x0000, 0x0000, 0x0000, 0x0000, 0x0000, 0x0000, 0x0000, 0x0000, 0x0000,
  0x0000, 0x0000, 0x0000, 0x0000, 0x0000, 0x0000, 0x0000, 0x0000, 0x0000, 0x0000, 0x0000, 0x0000,
  0x20C1, 0xFDCB, 0xED8B, 0x0020, 0x5A24, 0x5203, 0x0000, 0xCCE8, 0x0820, 0x6244, 0xA3C7, 0x0000,
  0xD4E9, 0xFDCA, 0x3922, 0x0000, 0x0000, 0x0000, 0x0000, 0x0000, 0x0000, 0x0000, 0x0000, 0x0000,
  0x0000, 0x0000, 0x0000, 0x72C4, 0xFEEB, 0xA427, 0x0000, 0xBCCA, 0x18C1, 0x5244, 0xA447, 0x0000,
  0xC52A, 0x3142, 0x3962, 0xFECB, 0xDD8A, 0x0860, 0x0060, 0x0080, 0x00A0, 0x00C0, 0x00E0, 0x0120,
  0x0180, 0x3468, 0xA777, 0x0AC1, 0x3407, 0x8EF3, 0x558B, 0x96D4, 0x0360, 0x86D2, 0x75EF, 0x0200,
  0x96D3, 0x55AB, 0x96F4, 0x34E7, 0x6E4F, 0x7EB0, 0x8EF4, 0x24C5, 0x9715, 0x4508, 0x96D4, 0x01E0,
  0x0120, 0x00E0, 0x00C0, 0x00A0, 0x00A0, 0x0000, 0x5223, 0xFF0D, 0xBD09, 0x0000, 0xACCA, 0x5A65,
  0x1060, 0xC509, 0x0000, 0x8B66, 0x6A84, 0x1081, 0xF66D, 0xE5CC, 0x1060, 0x0000, 0x0000, 0x0000,
  0x0000, 0x0000, 0x0000, 0x0000, 0x0000, 0x0000, 0x0000, 0x0000, 0x1080, 0xF60C, 0xFE8D, 0x1060,
  0x6264, 0xAC27, 0x0000, 0xBC68, 0x3962, 0x20C1, 0xC447, 0x0820, 0xA386, 0xFE2B, 0x51C3, 0x0000,
  0x0000, 0x0000, 0x0000, 0x0000, 0x0000, 0x0000, 0x0000, 0x0000, 0x0000, 0x0000, 0x0000, 0x0000,
  0x0000, 0x0000, 0x0000, 0x0000, 0x0000, 0x0000, 0x0000, 0x0000, 0x0000, 0x0000, 0x0000, 0x0000,
  0x0000, 0x0000, 0x0000, 0x0000, 0x0000, 0x0000, 0x0000, 0x0000, 0x0000, 0x0000, 0x0000, 0x0000,
  0x0000, 0x0000, 0x0000, 0x0000, 0x0000, 0x0000, 0x0000, 0x0000, 0x0000, 0x0000, 0x0000, 0x0000,
  0x0000, 0x0000, 0x0000, 0x0000, 0x0000, 0x0000, 0x0000, 0x0000, 0x0000, 0x0000, 0x0000, 0x0000,
  0x0000, 0x0000, 0x0000, 0x0000, 0x0000, 0x0000, 0x0000, 0x0000, 0x0000, 0x0000, 0x0000, 0x0000,
  0x0000, 0x0000, 0x0000, 0x0000, 0x0000, 0x0000, 0x0000, 0x0000, 0x0000, 0x0000, 0x0000, 0x0000,
  0x0000, 0x0000, 0x0000, 0x0000, 0x0000, 0x0000, 0x0000, 0x0000, 0x0000, 0x0000, 0x0000, 0x0000,
  0x0000, 0x0000, 0x0000, 0x0000, 0x0000, 0x0000, 0x0000, 0x0000, 0x0000, 0x0000, 0x0000, 0x0000,
  0x0000, 0x0000, 0x0000, 0x0000, 0x0000, 0x0000, 0x0000, 0x0000, 0x0000, 0x0000, 0x0000, 0x0000,
  0x0000, 0x0000, 0x0000, 0x0000, 0x0000, 0x0000, 0x0000, 0x0000, 0x0000, 0x0000, 0x0000, 0x0000,
  0x0000, 0x0000, 0x0000, 0x0000, 0x0000, 0x0000, 0x0000, 0x0000, 0x0000, 0x0000, 0x0000, 0x0000,
  0x0000, 0x0000, 0x0000, 0x0000, 0x0000, 0x0000, 0x0000, 0x0000, 0x0000, 0x0000, 0x0000, 0x0000,
  0x0000, 0x0000, 0x0000, 0x0000, 0x0000, 0x0000, 0x0000, 0x0000, 0x0000, 0x0000, 0x0000, 0x0000,
  0x0000, 0x0000, 0x0000, 0x0000, 0x0000, 0x0000, 0x0000, 0x0000, 0x0000, 0x0000, 0x0000, 0x0000,
  0x0000, 0x0000, 0x0000, 0x0000, 0x0000, 0x0000, 0x0000, 0x0000, 0x0000, 0x0000, 0x0000, 0x0000,
  0x0000, 0x0000, 0x0000, 0x0000, 0x0000, 0x0000, 0x0000, 0x0000, 0x20C1, 0xED49, 0xDD09, 0x0000,
  0x8305, 0x8305, 0x0000, 0xBC67, 0x0820, 0x6265, 0xA3C8, 0x0000, 0xCC88, 0xF569, 0x3122, 0x0000,
  0x0000, 0x0000, 0x0000, 0x0000, 0x0000, 0x0000, 0x0000, 0x0000, 0x0000, 0x0000, 0x0000, 0x72C4,
  0xFF0C, 0xA447, 0x0000, 0xBCCA, 0x18A1, 0x5A44, 0xAC87, 0x0000, 0xC54A, 0x3142, 0x3962, 0xFEEC,
  0xDD8A, 0x0860, 0x0060, 0x0080, 0x00A0, 0x00C0, 0x00E0, 0x0120, 0x0160, 0x01A0, 0x7E71, 0x0300,
  0x44C9, 0x760F, 0x1403, 0x9714, 0x0300, 0x3D08, 0x6E0E, 0x02A0, 0x9F15, 0x1C64, 0x662E, 0x4529,
  0x5DED, 0x8EB3, 0x86D2, 0x3D68, 0x8E93, 0x0360, 0x8ED3, 0x0260, 0x0140, 0x0100, 0x00C0, 0x00A0,
  0x00A0, 0x0000, 0x5244, 0xFF2E, 0xBCE9, 0x0000, 0xACAA, 0x5A65, 0x1060, 0xC509, 0x0000, 0x8BA6,
  0x6AA5, 0x1081, 0xF66D, 0xE5CB, 0x1060, 0x0000, 0x0000, 0x0000, 0x0000, 0x0000, 0x0000, 0x0000,
  0x0000, 0x0000, 0x0000, 0x0000, 0x1060, 0xE58B, 0xF60C, 0x1060, 0x5A24, 0xA3E6, 0x0000, 0xAC07,
  0x3122, 0x20E1, 0xBC68, 0x0000, 0x9B86, 0xFDCA, 0x49C3, 0x0000, 0x0000, 0x0000, 0x0000, 0x0000,
  0x0000, 0x0000, 0x0000, 0x0000, 0x0000, 0x0000, 0x0000, 0x0000, 0x0000, 0x0000, 0x0000, 0x0000,
  0x0000, 0x0000, 0x0000, 0x0000, 0x0000, 0x0000, 0x0000, 0x0000, 0x0000, 0x0000, 0x0000, 0x0000,
  0x0000, 0x0000, 0x0000, 0x0000, 0x0000, 0x0000, 0x0000, 0x0000, 0x0000, 0x0000, 0x0000, 0x0000,
  0x0000, 0x0000, 0x0000, 0x0000, 0x0000, 0x0000, 0x0000, 0x0000, 0x0000, 0x0000, 0x0000, 0x0000,
  0x0000, 0x0000, 0x0000, 0x0000, 0x0000, 0x0000, 0x0000, 0x0000, 0x0000, 0x0000, 0x0000, 0x0000,
  0x0000, 0x0000, 0x0000, 0x0000, 0x0000, 0x0000, 0x0000, 0x0000, 0x0000, 0x0000, 0x0000, 0x0000,
  0x0000, 0x0000, 0x0000, 0x0000, 0x0000, 0x0000, 0x0000, 0x0000, 0x0000, 0x0000, 0x0000, 0x0000,
  0x0000, 0x0000, 0x0000, 0x0000, 0x0000, 0x0000, 0x0000, 0x0000, 0x0000, 0x0000, 0x0000, 0x0000,
  0x0000, 0x0000, 0x0000, 0x0000, 0x0000, 0x0000, 0x0000, 0x0000, 0x0000, 0x0000, 0x0000, 0x0000,
  0x0000, 0x0000, 0x0000, 0x0000, 0x0000, 0x0000, 0x0000, 0x0000, 0x0000, 0x0000, 0x0000, 0x0000,
  0x0000, 0x0000, 0x0000, 0x0000, 0x0000, 0x0000, 0x0000, 0x0000, 0x0000, 0x0000, 0x0000, 0x0000,
  0x0000, 0x0000, 0x0000, 0x0000, 0x0000, 0x0000, 0x0000, 0x0000, 0x0000, 0x0000, 0x0000, 0x0000,
  0x0000, 0x0000, 0x0000, 0x0000, 0x0000, 0x0000, 0x0000, 0x0000, 0x0000, 0x0000, 0x0000, 0x0000,
  0x0000, 0x0000, 0x0000, 0x0000, 0x0000, 0x0000, 0x0000, 0x0000, 0x0000, 0x0000, 0x0000, 0x0000,
  0x0000, 0x0000, 0x0000, 0x0000, 0x0000, 0x0000, 0x0000, 0x0000, 0x0000, 0x0000, 0x0000, 0x0000,
  0x0000, 0x0000, 0x0000, 0x0000, 0x0000, 0x0000, 0x0000, 0x0000, 0x0000, 0x0000, 0x0000, 0x0000,
  0x0000, 0x0000, 0x0000, 0x0000, 0x20C1, 0xED28, 0xD487, 0x0000, 0x7AA4, 0x7AC4, 0x0000, 0xC4A7,
  0x0820, 0x6244, 0x9B87, 0x0000, 0xC467, 0xF569, 0x3122, 0x0000, 0x0000, 0x0000, 0x0000, 0x0000,
  0x0000, 0x0000, 0x0000, 0x0000, 0x0000, 0x0000, 0x0000, 0x72E5, 0xFF4D, 0xA467, 0x0000, 0xB488,
  0x18A1, 0x5A64, 0xA467, 0x0000, 0xBD2A, 0x3162, 0x3982, 0xFECC, 0xDD8A, 0x0860, 0x0060, 0x00A0,
  0x00A0, 0x00C0, 0x00E0, 0x0100, 0x00E0, 0x2BC7, 0xBF99, 0x556B, 0x2405, 0x9F15, 0x8692, 0x6D8E,
  0x0B21, 0x96F3, 0xB777, 0x1BE3, 0x65CE, 0x7EB1, 0x9714, 0x2405, 0x8EB3, 0x666D, 0xA736, 0x2C86,
  0x96F4, 0x7E91, 0x7E31, 0x01A0, 0x0120, 0x00E0, 0x00E0, 0x00A0, 0x00A0, 0x0000, 0x5244, 0xFF2E,
  0xBCE8, 0x0000, 0xA489, 0x5264, 0x1060, 0xC4E9, 0x0000, 0x8BA7, 0x6AC5, 0x1060, 0xF64C, 0xE5CB,
  0x1060, 0x0000, 0x0000, 0x0000, 0x0000, 0x0000, 0x0000, 0x0000, 0x0000, 0x0000, 0x0000, 0x0000,
  0x1081, 0xE58B, 0xF5AA, 0x0820, 0x5A44, 0xA3E7, 0x0000, 0xB448, 0x3142, 0x2901, 0xC4C9, 0x0000,
  0x9B86, 0xFDAA, 0x49A3, 0x0000, 0x0000, 0x0000, 0x0000, 0x0000, 0x0000, 0x0000, 0x0000, 0x0000,
  0x0000, 0x0000, 0x0000, 0x0000, 0x0000, 0x0000, 0x0000, 0x0000, 0x0000, 0x0000, 0x0000, 0x0000,
  0x0000, 0x0000, 0x0000, 0x0000, 0x0000, 0x0000, 0x0000, 0x0000, 0x0000, 0x0000, 0x0000, 0x0000,
  0x0000, 0x0000, 0x0000, 0x0000, 0x0000, 0x0000, 0x0000, 0x0000, 0x0000, 0x0000, 0x0000, 0x0000,
  0x0000, 0x0000, 0x0000, 0x0000, 0x0000, 0x0000, 0x0000, 0x0000, 0x0000, 0x0000, 0x0000, 0x0000,
  0x0000, 0x0000, 0x0000, 0x0000, 0x0000, 0x0000, 0x0000, 0x0000, 0x0000, 0x0000, 0x0000, 0x0000,
  0x0000, 0x0000, 0x0000, 0x0000, 0x0000, 0x0000, 0x0000, 0x0000, 0x0000, 0x0000, 0x0000, 0x0000,
  0x0000, 0x0000, 0x0000, 0x0000, 0x0000, 0x0000, 0x0000, 0x0000, 0x0000, 0x0000, 0x0000, 0x0000,
  0x0000, 0x0000, 0x0000, 0x0000, 0x0000, 0x0000, 0x0000, 0x0000, 0x0000, 0x0000, 0x0000, 0x0000,
  0x0000, 0x0000, 0x0000, 0x0000, 0x0000, 0x0000, 0x0000, 0x0000, 0x0000, 0x0000, 0x0000, 0x0000,
  0x0000, 0x0000, 0x0000, 0x0000, 0x0000, 0x0000, 0x0000, 0x0000, 0x0000, 0x0000, 0x0000, 0x0000,
  0x0000, 0x0000, 0x0000, 0x0000, 0x0000, 0x0000, 0x0000, 0x0000, 0x0000, 0x0000, 0x0000, 0x0000,
  0x0000, 0x0000, 0x0000, 0x0000, 0x0000, 0x0000, 0x0000, 0x0000, 0x0000, 0x0000, 0x0000, 0x0000,
  0x0000, 0x0000, 0x0000, 0x0000, 0x0000, 0x0000, 0x0000, 0x0000, 0x0000, 0x0000, 0x0000, 0x0000,
  0x0000, 0x0000, 0x0000, 0x0000, 0x0000, 0x0000, 0x0000, 0x0000, 0x0000, 0x0000, 0x0000, 0x0000,
  0x0000, 0x0000, 0x0000, 0x0000, 0x0000, 0x0000, 0x0000, 0x0000, 0x0000, 0x0000, 0x0000, 0x0000,
  0x0000, 0x0000, 0x0000, 0x0000, 0x0000, 0x0000, 0x0000, 0x0000, 0x0000, 0x0000, 0x0000, 0x0000,
  0x20C1, 0xE529, 0xCC67, 0x0000, 0x7AA4, 0x82C5, 0x0000, 0xCD09, 0x0840, 0x5A03, 0x9345, 0x0000,
  0xBC06, 0xF569, 0x3922, 0x0000, 0x0000, 0x0000, 0x0000, 0x0000, 0x0000, 0x0000, 0x0000, 0x0000,
  0x0000, 0x0020, 0x0000, 0x72E5, 0xFF6D, 0xA468, 0x0000, 0xB468, 0x18A0, 0x5A64, 0xA447, 0x0000,
  0xBD2A, 0x3162, 0x3962, 0xFEAB, 0xDD8A, 0x0860, 0x0060, 0x00A0, 0x00A0, 0x00C0, 0x00C0, 0x0100,
  0x0100, 0x2B66, 0x4C4A, 0x4408, 0x0280, 0x2BE6, 0x4CAA, 0x0260, 0x0AE2, 0x4CCA, 0x54EA, 0x1BA4,
  0x0280, 0x4469, 0x2BC5, 0x0280, 0x13A3, 0x554B, 0x2BE5, 0x0240, 0x23C4, 0x54EB, 0x0AE2, 0x0180,
  0x0100, 0x00E0, 0x00C0, 0x00A0, 0x00A0, 0x0000, 0x5244, 0xFF0D, 0xBCE8, 0x0000, 0xA489, 0x5244,
  0x1060, 0xC4E9, 0x0000, 0x8BC7, 0x6AC5, 0x1060, 0xF64C, 0xE5AB, 0x1060, 0x0000, 0x0000, 0x0000,
  0x0000, 0x0000, 0x0000, 0x0000, 0x0000, 0x0000, 0x0000, 0x0000, 0x1060, 0xE56A, 0xED8A, 0x0020,
  0x5A23, 0xA3E7, 0x0000, 0xBCCA, 0x3963, 0x2901, 0xBCA8, 0x0000, 0x9B66, 0xFD89, 0x49A2, 0x0000,
  0x0000, 0x0000, 0x0000, 0x0000, 0x0000, 0x0000, 0x0000, 0x0000, 0x0000, 0x0000, 0x0000, 0x0000,
  0x0000, 0x0000, 0x0000, 0x0000, 0x0000, 0x0000, 0x0000, 0x0000, 0x0000, 0x0000, 0x0000, 0x0000,
  0x0000, 0x0000, 0x0000, 0x0000, 0x0000, 0x0000, 0x0000, 0x0000, 0x0000, 0x0000, 0x0000, 0x0000,
  0x0000, 0x0000, 0x0000, 0x0000, 0x0000, 0x0000, 0x0000, 0x0000, 0x0000, 0x0000, 0x0000, 0x0000,
  0x0000, 0x0000, 0x0000, 0x0000, 0x0000, 0x0000, 0x0000, 0x0000, 0x0000, 0x0000, 0x0000, 0x0000,
  0x0000, 0x0000, 0x0000, 0x0000, 0x0000, 0x0000, 0x0000, 0x0000, 0x0000, 0x0000, 0x0000, 0x0000,
  0x0000, 0x0000, 0x0000, 0x0000, 0x0000, 0x0000, 0x0000, 0x0000, 0x0000, 0x0000, 0x0000, 0x0000,
  0x0000, 0x0000, 0x0000, 0x0000, 0x0000, 0x0000, 0x0000, 0x0000, 0x0000, 0x0000, 0x0000, 0x0000,
  0x0000, 0x0000, 0x0000, 0x0000, 0x0000, 0x0000, 0x0000, 0x0000, 0x0000, 0x0000, 0x0000, 0x0000,
  0x0000, 0x0000, 0x0000, 0x0000, 0x0000, 0x0000, 0x0000, 0x0000, 0x0000, 0x0000, 0x0000, 0x0000,
  0x0000, 0x0000, 0x0000, 0x0000, 0x0000, 0x0000, 0x0000, 0x0000, 0x0000, 0x0000, 0x0000, 0x0000,
  0x0000, 0x0000, 0x0000, 0x0000, 0x0000, 0x0000, 0x0000, 0x0000, 0x0000, 0x0000, 0x0000, 0x0000,
  0x0000, 0x0000, 0x0000, 0x0000, 0x0000, 0x0000, 0x0000, 0x0000, 0x0000, 0x0000, 0x0000, 0x0000,
  0x0000, 0x0000, 0x0000, 0x0000, 0x0000, 0x0000, 0x0000, 0x0000, 0x0000, 0x0000, 0x0000, 0x0000,
  0x0000, 0x0000, 0x0000, 0x0000, 0x0000, 0x0000, 0x0000, 0x0000, 0x0000, 0x0000, 0x0000, 0x0000,
  0x0000, 0x0000, 0x0000, 0x0000, 0x0000, 0x0000, 0x0000, 0x0000, 0x0000, 0x0000, 0x0000, 0x0000,
  0x0000, 0x0000, 0x0000, 0x0000, 0x0000, 0x0000, 0x0000, 0x0000, 0x20A1, 0xDCE8, 0xCC87, 0x0000,
  0x7AA4, 0x82E5, 0x0000, 0xCCE9, 0x0840, 0x5A03, 0x9345, 0x0000, 0xBBE6, 0xF548, 0x3922, 0x0000,
  0x0000, 0x0000, 0x0000, 0x0000, 0x0000, 0x0000, 0x0000, 0x0000, 0x0000, 0x0000, 0x0000, 0x72E5,
  0xFF6D, 0xA447, 0x0000, 0xB448, 0x20C1, 0x5A64, 0xAC67, 0x0000, 0xC52A, 0x3162, 0x3161, 0xFEAB,
  0xDDAB, 0x0860, 0x0060, 0x0080, 0x00A0, 0x00C0, 0x00E0, 0x0100, 0x0140, 0x0100, 0x0140, 0x01A0,
  0x0240, 0x0220, 0x0260, 0x0280, 0x0200, 0x0200, 0x0220, 0x0220, 0x0240, 0x0200, 0x0240, 0x0280,
  0x0220, 0x02A0, 0x0280, 0x0280, 0x01E0, 0x01C0, 0x01E0, 0x0180, 0x0120, 0x00E0, 0x00C0, 0x00A0,
  0x00A0, 0x0020, 0x5244, 0xFF0D, 0xBCC8, 0x0000, 0xAC89, 0x5224, 0x1060, 0xBCC9, 0x0000, 0x93E8,
  0x6AE5, 0x1081, 0xFE4C, 0xE5CC, 0x1060, 0x0000, 0x0000, 0x0000, 0x0000, 0x0000, 0x0000, 0x0000,
  0x0000, 0x0000, 0x0000, 0x0000, 0x1060, 0xE54A, 0xED8A, 0x0820, 0x5A23, 0xA3E7, 0x0000, 0xBCAA,
  0x3963, 0x2901, 0xBC87, 0x0000, 0x9304, 0xF569, 0x49A3, 0x0000, 0x0000, 0x0000, 0x0000, 0x0000,
  0x0000, 0x0000, 0x0000, 0x0000, 0x0000, 0x0000, 0x0000, 0x0000, 0x0000, 0x0000, 0x0000, 0x0000,
  0x0000, 0x0000, 0x0000, 0x0000, 0x0000, 0x0000, 0x0000, 0x0000, 0x0000, 0x0000, 0x0000, 0x0000,
  0x0000, 0x0000, 0x0000, 0x0000, 0x0000, 0x0000, 0x0000, 0x0000, 0x0000, 0x0000, 0x0000, 0x0000,
  0x0000, 0x0000, 0x0000, 0x0000, 0x0000, 0x0000, 0x0000, 0x0000, 0x0000, 0x0000, 0x0000, 0x0000,
  0x0000, 0x0000, 0x0000, 0x0000, 0x0000, 0x0000, 0x0000, 0x0000, 0x0000, 0x0000, 0x0000, 0x0000,
  0x0000, 0x0000, 0x0000, 0x0000, 0x0000, 0x0000, 0x0000, 0x0000, 0x0000, 0x0000, 0x0000, 0x0000,
  0x0000, 0x0000, 0x0000, 0x0000, 0x0000, 0x0000, 0x0000, 0x0000, 0x0000, 0x0000, 0x0000, 0x0000,
  0x0000, 0x0000, 0x0000, 0x0000, 0x0000, 0x0000, 0x0000, 0x0000, 0x0000, 0x0000, 0x0000, 0x0000,
  0x0000, 0x0000, 0x0000, 0x0000, 0x0000, 0x0000, 0x0000, 0x0000, 0x0000, 0x0000, 0x0000, 0x0000,
  0x0000, 0x0000, 0x0000, 0x0000, 0x0000, 0x0000, 0x0000, 0x0000, 0x0000, 0x0000, 0x0000, 0x0000,
  0x0000, 0x0000, 0x0000, 0x0000, 0x0000, 0x0000, 0x0000, 0x0000, 0x0000, 0x0000, 0x0000, 0x0000,
  0x0000, 0x0000, 0x0000, 0x0000, 0x0000, 0x0000, 0x0000, 0x0000, 0x0000, 0x0000, 0x0000, 0x0000,
  0x0000, 0x0000, 0x0000, 0x0000, 0x0000, 0x0000, 0x0000, 0x0000, 0x0000, 0x0000, 0x0000, 0x0000,
  0x0000, 0x0000, 0x0000, 0x0000, 0x0000, 0x0000, 0x0000, 0x0000, 0x0000, 0x0000, 0x0000, 0x0000,
  0x0000, 0x0000, 0x0000, 0x0000, 0x0000, 0x0000, 0x0000, 0x0000, 0x0000, 0x0000, 0x0000, 0x0000,
  0x0000, 0x0000, 0x0000, 0x0000, 0x0000, 0x0000, 0x0000, 0x0000, 0x0000, 0x0000, 0x0000, 0x0000,
  0x0000, 0x0000, 0x0000, 0x0000, 0x20C1, 0xE4E7, 0xD487, 0x0000, 0x82E6, 0x8B06, 0x0000, 0xC487,
  0x0820, 0x6224, 0x9B66, 0x0000, 0xC406, 0xFD69, 0x3942, 0x0000, 0x0000, 0x0000, 0x0000, 0x0000,
  0x0000, 0x0000, 0x0000, 0x0000, 0x0000, 0x0000, 0x0000, 0x72E5, 0xFF4D, 0xA447, 0x0000, 0xB489,
  0x20E1, 0x5A64, 0xAC67, 0x0000, 0xC50A, 0x3142, 0x3982, 0xFECC, 0xDD6A, 0x0860, 0x0060, 0x0080,
  0x00A0, 0x00C0, 0x00E0, 0x0100, 0x0100, 0x33A7, 0x8E32, 0x0AA1, 0x0240, 0x658D, 0x6DCE, 0x0220,
  0x2364, 0x8692, 0x8692, 0x1B43, 0x1342, 0x9693, 0x3C67, 0x0220, 0x4CEA, 0x9ED4, 0x65CE, 0x02C0,
  0x4CCA, 0x7DB0, 0x0180, 0x0120, 0x0100, 0x00E0, 0x00A0, 0x0080, 0x00A0, 0x0040, 0x5A64, 0xFF0D,
  0xBCC8, 0x0000, 0xAC89, 0x5244, 0x1060, 0xC509, 0x0000, 0x93E7, 0x6AC5, 0x1081, 0xFE4D, 0xE5CC,
  0x1060, 0x0000, 0x0000, 0x0000, 0x0000, 0x0000, 0x0000, 0x0000, 0x0000, 0x0000, 0x0000, 0x0000,
  0x1061, 0xE56A, 0xF5AA, 0x0820, 0x5A44, 0xAC28, 0x0000, 0xBC89, 0x3942, 0x3122, 0xBC88, 0x0000,
  0x8B04, 0xFDAA, 0x51C3, 0x0000, 0x0000, 0x0000, 0x0000, 0x0000, 0x0000, 0x0000, 0x0000, 0x0000,
  0x0000, 0x0000, 0x0000, 0x0000, 0x0000, 0x0000, 0x0000, 0x0000, 0x0000, 0x0000, 0x0000, 0x0000,
  0x0000, 0x0000, 0x0000, 0x0000, 0x0000, 0x0000, 0x0000, 0x0000, 0x0000, 0x0000, 0x0000, 0x0000,
  0x0000, 0x0000, 0x0000, 0x0000, 0x0000, 0x0000, 0x0000, 0x0000, 0x0000, 0x0000, 0x0000, 0x0000,
  0x0000, 0x0000, 0x0000, 0x0000, 0x0000, 0x0000, 0x0000, 0x0000, 0x0000, 0x0000, 0x0000, 0x0000,
  0x0000, 0x0000, 0x0000, 0x0000, 0x0000, 0x0000, 0x0000, 0x0000, 0x0000, 0x0000, 0x0000, 0x0000,
  0x0000, 0x0000, 0x0000, 0x0000, 0x0000, 0x0000, 0x0000, 0x0000, 0x0000, 0x0000, 0x0000, 0x0000,
  0x0000, 0x0000, 0x0000, 0x0000, 0x0000, 0x0000, 0x0000, 0x0000, 0x0000, 0x0000, 0x0000, 0x0000,
  0x0000, 0x0000, 0x0000, 0x0000, 0x0000, 0x0000, 0x0000, 0x0000, 0x0000, 0x0000, 0x0000, 0x0000,
  0x0000, 0x0000, 0x0000, 0x0000, 0x0000, 0x0000, 0x0000, 0x0000, 0x0000, 0x0000, 0x0000, 0x0000,
  0x0000, 0x0000, 0x0000, 0x0000, 0x0000, 0x0000, 0x0000, 0x0000, 0x0000, 0x0000, 0x0000, 0x0000,
  0x0000, 0x0000, 0x0000, 0x0000, 0x0000, 0x0000, 0x0000, 0x0000, 0x0000, 0x0000, 0x0000, 0x0000,
  0x0000, 0x0000, 0x0000, 0x0000, 0x0000, 0x0000, 0x0000, 0x0000, 0x0000, 0x0000, 0x0000, 0x0000,
  0x0000, 0x0000, 0x0000, 0x0000, 0x0000, 0x0000, 0x0000, 0x0000, 0x0000, 0x0000, 0x0000, 0x0000,
  0x0000, 0x0000, 0x0000, 0x0000, 0x0000, 0x0000, 0x0000, 0x0000, 0x0000, 0x0000, 0x0000, 0x0000,
  0x0000, 0x0000, 0x0000, 0x0000, 0x0000, 0x0000, 0x0000, 0x0000, 0x0000, 0x0000, 0x0000, 0x0000,
  0x0000, 0x0000, 0x0000, 0x0000, 0x0000, 0x0000, 0x0000, 0x0000, 0x0000, 0x0000, 0x0000, 0x0000,
  0x18A0, 0xED49, 0xDCE9, 0x0000, 0x7AE6, 0x8306, 0x0000, 0xBC46, 0x0000, 0x5A44, 0x9BA7, 0x0000,
  0xCCA8, 0xFE0C, 0x3942, 0x0000, 0x0000, 0x0000, 0x0000, 0x0000, 0x0000, 0x0000, 0x0000, 0x0000,
  0x0000, 0x0000, 0x0000, 0x6AA4, 0xFF2C, 0xA448, 0x0000, 0xBCAA, 0x18A1, 0x5223, 0xAC47, 0x0000,
  0xBD0A, 0x2922, 0x3982, 0xFF0E, 0xD549, 0x0020, 0x0060, 0x0080, 0x00A0, 0x00C0, 0x0100, 0x0120,
  0x0180, 0x2C26, 0xAF77, 0x1B43, 0x0220, 0x5D4C, 0x8E72, 0x01C0, 0x75CF, 0x5DAC, 0x5DCD, 0x5D6D,
  0x12E2, 0xA716, 0x4CEA, 0x02E0, 0xA736, 0x2C25, 0x96F4, 0x13A2, 0x3CC8, 0x96D5, 0x0160, 0x0100,
  0x0100, 0x00E0, 0x00C0, 0x00A0, 0x00A0, 0x0000, 0x5223, 0xFF0E, 0xBCE9, 0x0000, 0xA449, 0x5224,
  0x0860, 0xC52A, 0x0000, 0x8B87, 0x6AA5, 0x0840, 0xFE2D, 0xE5AC, 0x0840, 0x0000, 0x0000, 0x0000,
  0x0000, 0x0000, 0x0000, 0x0000, 0x0000, 0x0000, 0x0000, 0x0000, 0x0860, 0xE5AC, 0xFE4E, 0x0820,
  0x5A44, 0xA449, 0x0000, 0xAC08, 0x3102, 0x2901, 0xBC88, 0x0000, 0x9B66, 0xFE4C, 0x51E3, 0x0000,
  0x0000, 0x0000, 0x0000, 0x0000, 0x0000, 0x0000, 0x0000, 0x0000, 0x0000, 0x0000, 0x0000, 0x0000,
  0x0000, 0x0000, 0x0000, 0x0000, 0x0000, 0x0000, 0x0000, 0x0000, 0x0000, 0x0000, 0x0000, 0x0000,
  0x0000, 0x0000, 0x0000, 0x0000, 0x0000, 0x0000, 0x0000, 0x0000, 0x0000, 0x0000, 0x0000, 0x0000,
  0x0000, 0x0000, 0x0000, 0x0000, 0x0000, 0x0000, 0x0000, 0x0000, 0x0000, 0x0000, 0x0000, 0x0000,
  0x0000, 0x0000, 0x0000, 0x0000, 0x0000, 0x0000, 0x0000, 0x0000, 0x0000, 0x0000, 0x0000, 0x0000,
  0x0000, 0x0000, 0x0000, 0x0000, 0x0000, 0x0000, 0x0000, 0x0000, 0x0000, 0x0000, 0x0000, 0x0000,
  0x0000, 0x0000, 0x0000, 0x0000, 0x0000, 0x0000, 0x0000, 0x0000, 0x0000, 0x0000, 0x0000, 0x0000,
  0x0000, 0x0000, 0x0000, 0x0000, 0x0000, 0x0000, 0x0000, 0x0000, 0x0000, 0x0000, 0x0000, 0x0000,
  0x0000, 0x0000, 0x0000, 0x0000, 0x0000, 0x0000, 0x0000, 0x0000, 0x0000, 0x0000, 0x0000, 0x0000,
  0x0000, 0x0000, 0x0000, 0x0000, 0x0000, 0x0000, 0x0000, 0x0000, 0x0000, 0x0000, 0x0000, 0x0000,
  0x0000, 0x0000, 0x0000, 0x0000, 0x0000, 0x0000, 0x0000, 0x0000, 0x0000, 0x0000, 0x0000, 0x0000,
  0x0000, 0x0000, 0x0000, 0x0000, 0x0000, 0x0000, 0x0000, 0x0000, 0x0000, 0x0000, 0x0000, 0x0000,
  0x0000, 0x0000, 0x0000, 0x0000, 0x0000, 0x0000, 0x0000, 0x0000, 0x0000, 0x0000, 0x0000, 0x0000,
  0x0000, 0x0000, 0x0000, 0x0000, 0x0000, 0x0000, 0x0000, 0x0000, 0x0000, 0x0000, 0x0000, 0x0000,
  0x0000, 0x0000, 0x0000, 0x0000, 0x0000, 0x0000, 0x0000, 0x0000, 0x0000, 0x0000, 0x0000, 0x0000,
  0x0000, 0x0000, 0x0000, 0x0000, 0x0000, 0x0000, 0x0000, 0x0000, 0x0000, 0x0000, 0x0000, 0x0000,
  0x0000, 0x0000, 0x0000, 0x0000, 0x0000, 0x0000, 0x0000, 0x0000, 0x3942, 0xED6A, 0xE52A, 0x20C1,
  0x8B67, 0x9366, 0x1881, 0xC447, 0x20A1, 0x72A5, 0xAC28, 0x18A1, 0xD52B, 0xFE6E, 0x5204, 0x0000,
  0x0000, 0x0000, 0x0000, 0x0000, 0x0000, 0x0000, 0x0000, 0x0000, 0x0000, 0x0000, 0x0000, 0x8325,
  0xFEEC, 0xAC68, 0x1081, 0xC4EA, 0x3163, 0x6284, 0xB487, 0x18A1, 0xCD6B, 0x4A04, 0x5A64, 0xFF0E,
  0xDD8A, 0x0840, 0x0020, 0x0080, 0x00A0, 0x00C0, 0x0100, 0x0160, 0x0200, 0x02C0, 0x8EB2, 0x1302,
  0x0180, 0x1B43, 0x7630, 0x01A0, 0x7E31, 0x4529, 0x4D4A, 0x75EF, 0x01A0, 0x65CE, 0x44C9, 0x0320,
  0xAF56, 0x0B81, 0x86B2, 0x1B43, 0x0260, 0x7E51, 0x0180, 0x0140, 0x0100, 0x00E0, 0x00C0, 0x00C0,
  0x00A0, 0x0000, 0x5A63, 0xFF0D, 0xCD4A, 0x18C1, 0xB4EA, 0x6AE6, 0x3142, 0xCD6A, 0x18A1, 0x9BC7,
  0x7B05, 0x2922, 0xF64D, 0xEE0D, 0x20E1, 0x0000, 0x0000, 0x0000, 0x0000, 0x0000, 0x0000, 0x0000,
  0x0000, 0x0000, 0x0000, 0x0000, 0x20E1, 0xEDEE, 0xFE6F, 0x2922, 0x72E6, 0xB489, 0x1081, 0xB428,
  0x49A3, 0x4183, 0xC4C9, 0x18A1, 0xAC08, 0xFE2B, 0x5A23, 0x0000, 0x0000, 0x0000, 0x0000, 0x0000,
  0x0000, 0x0000, 0x0000, 0x0000, 0x0000, 0x0000, 0x0000, 0x0000, 0x0000, 0x0000, 0x0000, 0x0000,
  0x0000, 0x0000, 0x0000, 0x0000, 0x0000, 0x0000, 0x0000, 0x0000, 0x0000, 0x0000, 0x0000, 0x0000,
  0x0000, 0x0000, 0x0000, 0x0000, 0x0000, 0x0000, 0x0000, 0x0000, 0x0000, 0x0000, 0x0000, 0x0000,
  0x0000, 0x0000, 0x0000, 0x0000, 0x0000, 0x0000, 0x0000, 0x0000, 0x0000, 0x0000, 0x0000, 0x0000,
  0x0000, 0x0000, 0x0000, 0x0000, 0x0000, 0x0000, 0x0000, 0x0000, 0x0000, 0x0000, 0x0000, 0x0000,
  0x0000, 0x0000, 0x0000, 0x0000, 0x0000, 0x0000, 0x0000, 0x0000, 0x0000, 0x0000, 0x0000, 0x0000,
  0x0000, 0x0000, 0x0000, 0x0000, 0x0000, 0x0000, 0x0000, 0x0000, 0x0000, 0x0000, 0x0000, 0x0000,
  0x0000, 0x0000, 0x0000, 0x0000, 0x0000, 0x0000, 0x0000, 0x0000, 0x0000, 0x0000, 0x0000, 0x0000,
  0x0000, 0x0000, 0x0000, 0x0000, 0x0000, 0x0000, 0x0000, 0x0000, 0x0000, 0x0000, 0x0000, 0x0000,
  0x0000, 0x0000, 0x0000, 0x0000, 0x0000, 0x0000, 0x0000, 0x0000, 0x0000, 0x0000, 0x0000, 0x0000,
  0x0000, 0x0000, 0x0000, 0x0000, 0x0000, 0x0000, 0x0000, 0x0000, 0x0000, 0x0000, 0x0000, 0x0000,
  0x0000, 0x0000, 0x0000, 0x0000, 0x0000, 0x0000, 0x0000, 0x0000, 0x0000, 0x0000, 0x0000, 0x0000,
  0x0000, 0x0000, 0x0000, 0x0000, 0x0000, 0x0000, 0x0000, 0x0000, 0x0000, 0x0000, 0x0000, 0x0000,
  0x0000, 0x0000, 0x0000, 0x0000, 0x0000, 0x0000, 0x0000, 0x0000, 0x0000, 0x0000, 0x0000, 0x0000,
  0x0000, 0x0000, 0x0000, 0x0000, 0x0000, 0x0000, 0x0000, 0x0000, 0x0000, 0x0000, 0x0000, 0x0000,
  0x0000, 0x0000, 0x0000, 0x0000, 0x0000, 0x0000, 0x0000, 0x0000, 0x0000, 0x0000, 0x0000, 0x0000,
  0x0000, 0x0000, 0x0000, 0x5A03, 0xED49, 0xE509, 0xED4A, 0xE54A, 0xED6B, 0xE52A, 0xD4A8, 0xDCA7,
  0xDCA7, 0xE529, 0xF5CC, 0xEDAC, 0xF5EC, 0xF5EC, 0xF5CB, 0x6A64, 0x0000, 0x0000, 0x0000, 0x0000,
  0x0000, 0x0000, 0x0000, 0x0000, 0x0000, 0x0000, 0xA407, 0xFE8D, 0xFE2B, 0xF62B, 0xEDEC, 0xF60C,
  0xED8A, 0xED89, 0xF5EA, 0xEDCB, 0xFE4D, 0xF66E, 0xF68F, 0xFE8C, 0xFE8C, 0xA427, 0x0000, 0x0040,
  0x00A0, 0x00C0, 0x0100, 0x0180, 0x01E0, 0x3CC8, 0xBFB9, 0x550B, 0x0220, 0x6DEF, 0xB777, 0x2385,
  0x4468, 0xA735, 0xA735, 0x3C88, 0x23C4, 0xAF57, 0x8EB3, 0x0B61, 0x8651, 0x96D3, 0x8672, 0x0281,
  0x552B, 0xAF78, 0x3C28, 0x01A0, 0x0140, 0x00E0, 0x00C0, 0x00C0, 0x0020, 0x3982, 0xEE09, 0xFE6B,
  0xFE8C, 0xEE6E, 0xFEAF, 0xF66E, 0xEE0C, 0xF5EB, 0xE549, 0xED69, 0xEDAA, 0xEDCB, 0xFE4C, 0xFE6D,
  0xE58C, 0x20C1, 0x0000, 0x0000, 0x0000, 0x0000, 0x0000, 0x0000, 0x0000, 0x0000, 0x0000, 0x3963,
  0xEDED, 0xFE2D, 0xFE2D, 0xEDCD, 0xF5ED, 0xF5AB, 0xDCE9, 0xE529, 0xDCE9, 0xDD0A, 0xEDAC, 0xED8C,
  0xED8B, 0xED49, 0xED49, 0x7264, 0x0000, 0x0000, 0x0000, 0x0000, 0x0000, 0x0000, 0x0000, 0x0000,
  0x0000, 0x0000, 0x0000, 0x0000, 0x0000, 0x0000, 0x0000, 0x0000, 0x0000, 0x0000, 0x0000, 0x0000,
  0x0000, 0x0000, 0x0000, 0x0000, 0x0000, 0x0000, 0x0000, 0x0000, 0x0000, 0x0000, 0x0000, 0x0000,
  0x0000, 0x0000, 0x0000, 0x0000, 0x0000, 0x0000, 0x0000, 0x0000, 0x0000, 0x0000, 0x0000, 0x0000,
  0x0000, 0x0000, 0x0000, 0x0000, 0x0000, 0x0000, 0x0000, 0x0000, 0x0000, 0x0000, 0x0000, 0x0000,
  0x0000, 0x0000, 0x0000, 0x0000, 0x0000, 0x0000, 0x0000, 0x0000, 0x0000, 0x0000, 0x0000, 0x0000,
  0x0000, 0x0000, 0x0000, 0x0000, 0x0000, 0x0000, 0x0000, 0x0000, 0x0000, 0x0000, 0x0000, 0x0000,
  0x0000, 0x0000, 0x0000, 0x0000, 0x0000, 0x0000, 0x0000, 0x0000, 0x0000, 0x0000, 0x0000, 0x0000,
  0x0000, 0x0000, 0x0000, 0x0000, 0x0000, 0x0000, 0x0000, 0x0000, 0x0000, 0x0000, 0x0000, 0x0000,
  0x0000, 0x0000, 0x0000, 0x0000, 0x0000, 0x0000, 0x0000, 0x0000, 0x0000, 0x0000, 0x0000, 0x0000,
  0x0000, 0x0000, 0x0000, 0x0000, 0x0000, 0x0000, 0x0000, 0x0000, 0x0000, 0x0000, 0x0000, 0x0000,
  0x0000, 0x0000, 0x0000, 0x0000, 0x0000, 0x0000, 0x0000, 0x0000, 0x0000, 0x0000, 0x0000, 0x0000,
  0x0000, 0x0000, 0x0000, 0x0000, 0x0000, 0x0000, 0x0000, 0x0000, 0x0000, 0x0000, 0x0000, 0x0000,
  0x0000, 0x0000, 0x0000, 0x0000, 0x0000, 0x0000, 0x0000, 0x0000, 0x0000, 0x0000, 0x0000, 0x0000,
  0x0000, 0x0000, 0x0000, 0x0000, 0x0000, 0x0000, 0x0000, 0x0000, 0x0000, 0x0000, 0x0000, 0x0000,
  0x0000, 0x0000, 0x0000, 0x0000, 0x0000, 0x0000, 0x0000, 0x0000, 0x0000, 0x0000, 0x0000, 0x0000,
  0x0000, 0x0000, 0x0000, 0x0000, 0x0000, 0x0000, 0x0000, 0x0000, 0x0000, 0x0020, 0x0000, 0x7AE5,
  0xFE0A, 0xF569, 0xF589, 0xF56A, 0xF56A, 0xF569, 0xF569, 0xF569, 0xFD89, 0xFDCA, 0xFE0B, 0xFE2C,
  0xFE2C, 0xFDEB, 0xFE2B, 0x8B25, 0x0000, 0x0020, 0x0000, 0x0000, 0x0000, 0x0000, 0x0000, 0x0000,
  0x0020, 0x0000, 0xCD6A, 0xFF4E, 0xFEAD, 0xFEAD, 0xFECD, 0xFE8C, 0xFE4A, 0xFE4A, 0xFE4B, 0xFE6C,
  0xFEAE, 0xFF0F, 0xFF0E, 0xFE8B, 0xFEEC, 0xDD8A, 0x0040, 0x0060, 0x00A0, 0x00C0, 0x0100, 0x0140,
  0x01A0, 0x1B24, 0x2B65, 0x2344, 0x02A0, 0x23C5, 0x23E5, 0x1343, 0x0220, 0x2B85, 0x23A4, 0x02C0,
  0x1382, 0x23E5, 0x2BA5, 0x0A81, 0x0280, 0x33A6, 0x0AA1, 0x0240, 0x2364, 0x2384, 0x1B64, 0x01E0,
  0x0140, 0x0100, 0x00C0, 0x00C0, 0x0000, 0x6263, 0xFF2B, 0xFEEC, 0xFF2E, 0xFF30, 0xFF0F, 0xFEEE,
  0xFE8C, 0xFE0A, 0xFDC9, 0xFDEA, 0xFE4B, 0xFE6C, 0xFE6C, 0xFE6C, 0xFE6C, 0x3942, 0x0000, 0x0000,
  0x0000, 0x0000, 0x0000, 0x0000, 0x0000, 0x0020, 0x0000, 0x5245, 0xFF31, 0xFE8E, 0xFE6D, 0xFE2C,
  0xFE0B, 0xFDEB, 0xFDAA, 0xF58A, 0xFDEB, 0xFE0C, 0xFDEC, 0xFDEC, 0xFDAB, 0xF5AA, 0xFE0B, 0x9345,
  0x0000, 0x0020, 0x0000, 0x0000, 0x0000, 0x0000, 0x0000, 0x0000, 0x0000, 0x0000, 0x0000, 0x0000,
  0x0000, 0x0000, 0x0000, 0x0000, 0x0000, 0x0000, 0x0000, 0x0000, 0x0000, 0x0000, 0x0000, 0x0000,
  0x0000, 0x0000, 0x0000, 0x0000, 0x0000, 0x0000, 0x0000, 0x0000, 0x0000, 0x0000, 0x0000, 0x0000,
  0x0000, 0x0000, 0x0000, 0x0000, 0x0000, 0x0000, 0x0000, 0x0000, 0x0000, 0x0000, 0x0000, 0x0000,
  0x0000, 0x0000, 0x0000, 0x0000, 0x0000, 0x0000, 0x0000, 0x0000, 0x0000, 0x0000, 0x0000, 0x0000,
  0x0000, 0x0000, 0x0000, 0x0000, 0x0000, 0x0000, 0x0000, 0x0000, 0x0000, 0x0000, 0x0000, 0x0000,
  0x0000, 0x0000, 0x0000, 0x0000, 0x0000, 0x0000, 0x0000, 0x0000, 0x0000, 0x0000, 0x0000, 0x0000,
  0x0000, 0x0000, 0x0000, 0x0000, 0x0000, 0x0000, 0x0000, 0x0000, 0x0000, 0x0000, 0x0000, 0x0000,
  0x0000, 0x0000, 0x0000, 0x0000, 0x0000, 0x0000, 0x0000, 0x0000, 0x0000, 0x0000, 0x0000, 0x0000,
  0x0000, 0x0000, 0x0000, 0x0000, 0x0000, 0x0000, 0x0000, 0x0000, 0x0000, 0x0000, 0x0000, 0x0000,
  0x0000, 0x0000, 0x0000, 0x0000, 0x0000, 0x0000, 0x0000, 0x0000, 0x0000, 0x0000, 0x0000, 0x0000,
  0x0000, 0x0000, 0x0000, 0x0000, 0x0000, 0x0000, 0x0000, 0x0000, 0x0000, 0x0000, 0x0000, 0x0000,
  0x0000, 0x0000, 0x0000, 0x0000, 0x0000, 0x0000, 0x0000, 0x0000, 0x0000, 0x0000, 0x0000, 0x0000,
  0x0000, 0x0000, 0x0000, 0x0000, 0x0000, 0x0000, 0x0000, 0x0000, 0x0000, 0x0000, 0x0000, 0x0000,
  0x0000, 0x0000, 0x0000, 0x0000, 0x0000, 0x0000, 0x0000, 0x0000, 0x0000, 0x0000, 0x0000, 0x0000,
  0x0000, 0x0000, 0x0000, 0x0000, 0x0000, 0x0000, 0x0000, 0x0000, 0x0000, 0x0000, 0x0000, 0x0000,
  0x0000, 0x0000, 0x0000, 0x0000, 0x0000, 0x0000, 0x0000, 0x1060, 0x3942, 0x3121, 0x3121, 0x3101,
  0x3101, 0x3101, 0x3122, 0x3942, 0x3942, 0x3942, 0x3142, 0x3142, 0x3942, 0x3142, 0x3942, 0x1060,
  0x0000, 0x0000, 0x0000, 0x0000, 0x0000, 0x0000, 0x0000, 0x0000, 0x0000, 0x0000, 0x2901, 0x41C3,
  0x3982, 0x3962, 0x3962, 0x3962, 0x3142, 0x3962, 0x3142, 0x3142, 0x3962, 0x3983, 0x3982, 0x3161,
  0x3982, 0x3141, 0x0060, 0x00A0, 0x00C0, 0x00A0, 0x00E0, 0x0100, 0x0140, 0x0140, 0x0200, 0x0240,
  0x02A0, 0x02E0, 0x1362, 0x0280, 0x0200, 0x01C0, 0x0240, 0x0260, 0x0280, 0x1362, 0x02A0, 0x01C0,
  0x01C0, 0x0200, 0x0260, 0x02A0, 0x02C0, 0x1342, 0x0260, 0x0200, 0x0140, 0x0100, 0x00C0, 0x0080,
  0x0000, 0x0820, 0x3982, 0x41C2, 0x41A3, 0x3983, 0x3983, 0x3983, 0x3962, 0x3142, 0x3121, 0x3942,
  0x3962, 0x3962, 0x3962, 0x3942, 0x3142, 0x0000, 0x0000, 0x0000, 0x0000, 0x0000, 0x0000, 0x0000,
  0x0000, 0x0000, 0x0000, 0x0820, 0x3983, 0x3983, 0x3983, 0x3142, 0x3122, 0x3122, 0x3101, 0x3122,
  0x3962, 0x3962, 0x3942, 0x3122, 0x3121, 0x3922, 0x3942, 0x1880, 0x0000, 0x0000, 0x0000, 0x0000,
  0x0000, 0x0000, 0x0000, 0x0000, 0x0000, 0x0000, 0x0000, 0x0000, 0x0000, 0x0000, 0x0000, 0x0000,
  0x0000, 0x0000, 0x0000, 0x0000, 0x0000, 0x0000, 0x0000, 0x0000, 0x0000, 0x0000, 0x0000, 0x0000,
  0x0000, 0x0000, 0x0000, 0x0000, 0x0000, 0x0000, 0x0000, 0x0000, 0x0000, 0x0000, 0x0000, 0x0000,
  0x0000, 0x0000, 0x0000, 0x0000, 0x0000, 0x0000, 0x0000, 0x0000, 0x0000, 0x0000, 0x0000, 0x0000,
  0x0000, 0x0000, 0x0000, 0x0000, 0x0000, 0x0000, 0x0000, 0x0000, 0x0000, 0x0000, 0x0000, 0x0000,
  0x0000, 0x0000, 0x0000, 0x0000, 0x0000, 0x0000, 0x0000, 0x0000, 0x0000, 0x0000, 0x0000, 0x0000,
  0x0000, 0x0000, 0x0000, 0x0000, 0x0000, 0x0000, 0x0000, 0x0000, 0x0000, 0x0000, 0x0000, 0x0000,
  0x0000, 0x0000, 0x0000, 0x0000, 0x0000, 0x0000, 0x0000, 0x0000, 0x0000, 0x0000, 0x0000, 0x0000,
  0x0000, 0x0000, 0x0000, 0x0000, 0x0000, 0x0000, 0x0000, 0x0000, 0x0000, 0x0000, 0x0000, 0x0000,
  0x0000, 0x0000, 0x0000, 0x0000, 0x0000, 0x0000, 0x0000, 0x0000, 0x0000, 0x0000, 0x0000, 0x0000,
  0x0000, 0x0000, 0x0000, 0x0000, 0x0000, 0x0000, 0x0000, 0x0000, 0x0000, 0x0000, 0x0000, 0x0000,
  0x0000, 0x0000, 0x0000, 0x0000, 0x0000, 0x0000, 0x0000, 0x0000, 0x0000, 0x0000, 0x0000, 0x0000,
  0x0000, 0x0000, 0x0000, 0x0000, 0x0000, 0x0000, 0x0000, 0x0000, 0x0000, 0x0000, 0x0000, 0x0000,
  0x0000, 0x0000, 0x0000, 0x0000, 0x0000, 0x0000, 0x0000, 0x0000, 0x0000, 0x0000, 0x0000, 0x0000,
  0x0000, 0x0000, 0x0000, 0x0000, 0x0000, 0x0000, 0x0000, 0x0000, 0x0000, 0x0000, 0x0000, 0x0000,
  0x0000, 0x0000, 0x0000, 0x0000, 0x0000, 0x0000, 0x0000, 0x0000, 0x0000, 0x0000, 0x0000, 0x0000,
  0x0000, 0x3942, 0x41A3, 0x3982, 0x3162, 0x3963, 0x3963, 0x3962, 0x3142, 0x3142, 0x3142, 0x3962,
  0x3963, 0x3983, 0x3983, 0x3963, 0x3142, 0x3142, 0x3163, 0x39A3, 0x49E4, 0x41C4, 0x0820, 0x0000,
  0x0000, 0x0000, 0x0000, 0x0840, 0x41C4, 0x41E4, 0x3983, 0x3163, 0x3983, 0x3983, 0x3983, 0x39A3,
  0x41A3, 0x39A3, 0x3983, 0x3983, 0x3162, 0x3162, 0x3983, 0x39A3, 0x39A3, 0x39E4, 0x4A85, 0x29E3,
  0x00E0, 0x00C0, 0x00C0, 0x00E0, 0x00C0, 0x444A, 0x9F15, 0x0B41, 0x1362, 0x8ED3, 0x9F35, 0x552B,
  0x0B01, 0x9ED4, 0x654D, 0x01A0, 0x550B, 0x9EF4, 0x8EB3, 0x12C2, 0x33E6, 0xAF36, 0x1B63, 0x0B01,
  0x8692, 0xA735, 0x5D4C, 0x0180, 0x0140, 0x00E0, 0x0080, 0x0880, 0x41E4, 0x41E4, 0x39A3, 0x39C3,
  0x39C3, 0x3983, 0x3162, 0x3162, 0x3162, 0x3962, 0x3962, 0x3962, 0x3983, 0x3983, 0x3963, 0x3142,
  0x3162, 0x41C4, 0x4A04, 0x2102, 0x0000, 0x0000, 0x0000, 0x0000, 0x0000, 0x3983, 0x4205, 0x39A4,
  0x3163, 0x3163, 0x3163, 0x3142, 0x3163, 0x3983, 0x3983, 0x3963, 0x3142, 0x3142, 0x3983, 0x3983,
  0x3983, 0x3983, 0x3963, 0x3983, 0x41C3, 0x3982, 0x0000, 0x0000, 0x0000, 0x0000, 0x0000, 0x0000,
  0x0000, 0x0000, 0x0000, 0x0000, 0x0000, 0x0000, 0x0000, 0x0000, 0x0000, 0x0000, 0x0000, 0x0000,
  0x0000, 0x0000, 0x0000, 0x0000, 0x0000, 0x0000, 0x0000, 0x0000, 0x0000, 0x0000, 0x0000, 0x0000,
  0x0000, 0x0000, 0x0000, 0x0000, 0x0000, 0x0000, 0x0000, 0x0000, 0x0000, 0x0000, 0x0000, 0x0000,
  0x0000, 0x0000, 0x0000, 0x0000, 0x0000, 0x0000, 0x0000, 0x0000, 0x0000, 0x0000, 0x0000, 0x0000,
  0x0000, 0x0000, 0x0000, 0x0000, 0x0000, 0x0000, 0x0000, 0x0000, 0x0000, 0x0000, 0x0000, 0x0000,
  0x0000, 0x0000, 0x0000, 0x0000, 0x0000, 0x0000, 0x0000, 0x0000, 0x0000, 0x0000, 0x0000, 0x0000,
  0x0000, 0x0000, 0x0000, 0x0000, 0x0000, 0x0000, 0x0000, 0x0000, 0x0000, 0x0000, 0x0000, 0x0000,
  0x0000, 0x0000, 0x0000, 0x0000, 0x0000, 0x0000, 0x0000, 0x0000, 0x0000, 0x0000, 0x0000, 0x0000,
  0x0000, 0x0000, 0x0000, 0x0000, 0x0000, 0x0000, 0x0000, 0x0000, 0x0000, 0x0000, 0x0000, 0x0000,
  0x0000, 0x0000, 0x0000, 0x0000, 0x0000, 0x0000, 0x0000, 0x0000, 0x0000, 0x0000, 0x0000, 0x0000,
  0x0000, 0x0000, 0x0000, 0x0000, 0x0000, 0x0000, 0x0000, 0x0000, 0x0000, 0x0000, 0x0000, 0x0000,
  0x0000, 0x0000, 0x0000, 0x0000, 0x0000, 0x0000, 0x0000, 0x0000, 0x0000, 0x0000, 0x0000, 0x0000,
  0x0000, 0x0000, 0x0000, 0x0000, 0x0000, 0x0000, 0x0000, 0x0000, 0x0000, 0x0000, 0x0000, 0x0000,
  0x0000, 0x0000, 0x0000, 0x0000, 0x0000, 0x0000, 0x0000, 0x0000, 0x0000, 0x0000, 0x0000, 0x0000,
  0x0000, 0x0000, 0x0000, 0x0000, 0x0000, 0x0000, 0x0000, 0x0000, 0x0000, 0x0000, 0x0000, 0x0000,
  0x0000, 0x0000, 0x0000, 0x0000, 0x0000, 0x0000, 0x0000, 0x0000, 0x0000, 0xC467, 0xED49, 0xED28,
  0xED69, 0xED6A, 0xED6A, 0xED49, 0xED49, 0xED49, 0xF569, 0xF569, 0xF5AA, 0xF5CB, 0xFDCB, 0xFDCB,
  0xF5AA, 0xFDAA, 0xFDEB, 0xFE2D, 0xFE8F, 0xF64F, 0x20C1, 0x0000, 0x0000, 0x0000, 0x0000, 0x2922,
  0xFEAE, 0xFE6D, 0xFE2C, 0xFE2B, 0xFE6D, 0xFE4C, 0xFE2C, 0xFE2C, 0xFE4C, 0xFE4C, 0xFE4B, 0xFE4B,
  0xFE4B, 0xFE4B, 0xFE6B, 0xFEAD, 0xFEEE, 0xFEEF, 0xFF72, 0xA48A, 0x0080, 0x0100, 0x00C0, 0x0100,
  0x0120, 0x1303, 0x9714, 0x0B61, 0x44C8, 0x8671, 0x2486, 0x96F4, 0x0320, 0x65EE, 0x75CF, 0x0220,
  0x8ED3, 0x2404, 0x7630, 0x4509, 0x0B42, 0xA715, 0x23E5, 0x2425, 0x8EB3, 0x1BE4, 0x96D4, 0x01A0,
  0x0120, 0x0100, 0x0060, 0x2161, 0xFEEE, 0xFF2F, 0xFF0F, 0xFF0E, 0xFEEC, 0xFEAB, 0xFE6B, 0xFE4A,
  0xFE2B, 0xFDEB, 0xFDCA, 0xFDCB, 0xFDEB, 0xFDEB, 0xFDEB, 0xFDEB, 0xFE0B, 0xFE4D, 0xFEF0, 0x8B67,
  0x0000, 0x0000, 0x0000, 0x0000, 0x0000, 0xC54C, 0xFEF0, 0xFE6E, 0xFE6E, 0xFE4D, 0xFE2C, 0xFE0B,
  0xFE0C, 0xFE0C, 0xFE0C, 0xFDCB, 0xF58A, 0xF56A, 0xF589, 0xF5AA, 0xFDAA, 0xFDCB, 0xFDAA, 0xF5AA,
  0xFDCB, 0xDD09, 0x1040, 0x0000, 0x0000, 0x0000, 0x0000, 0x0000, 0x0000, 0x0000, 0x0000, 0x0000,
  0x0000, 0x0000, 0x0000, 0x0000, 0x0000, 0x0000, 0x0000, 0x0000, 0x0000, 0x0000, 0x0000, 0x0000,
  0x0000, 0x0000, 0x0000, 0x0000, 0x0000, 0x0000, 0x0000, 0x0000, 0x0000, 0x0000, 0x0000, 0x0000,
  0x0000, 0x0000, 0x0000, 0x0000, 0x0000, 0x0000, 0x0000, 0x0000, 0x0000, 0x0000, 0x0000, 0x0000,
  0x0000, 0x0000, 0x0000, 0x0000, 0x0000, 0x0000, 0x0000, 0x0000, 0x0000, 0x0000, 0x0000, 0x0000,
  0x0000, 0x0000, 0x0000, 0x0000, 0x0000, 0x0000, 0x0000, 0x0000, 0x0000, 0x0000, 0x0000, 0x0000,
  0x0000, 0x0000, 0x0000, 0x0000, 0x0000, 0x0000, 0x0000, 0x0000, 0x0000, 0x0000, 0x0000, 0x0000,
  0x0000, 0x0000, 0x0000, 0x0000, 0x0000, 0x0000, 0x0000, 0x0000, 0x0000, 0x0000, 0x0000, 0x0000,
  0x0000, 0x0000, 0x0000, 0x0000, 0x0000, 0x0000, 0x0000, 0x0000, 0x0000, 0x0000, 0x0000, 0x0000,
  0x0000, 0x0000, 0x0000, 0x0000, 0x0000, 0x0000, 0x0000, 0x0000, 0x0000, 0x0000, 0x0000, 0x0000,
  0x0000, 0x0000, 0x0000, 0x0000, 0x0000, 0x0000, 0x0000, 0x0000, 0x0000, 0x0000, 0x0000, 0x0000,
  0x0000, 0x0000, 0x0000, 0x0000, 0x0000, 0x0000, 0x0000, 0x0000, 0x0000, 0x0000, 0x0000, 0x0000,
  0x0000, 0x0000, 0x0000, 0x0000, 0x0000, 0x0000, 0x0000, 0x0000, 0x0000, 0x0000, 0x0000, 0x0000,
  0x0000, 0x0000, 0x0000, 0x0000, 0x0000, 0x0000, 0x0000, 0x0000, 0x0000, 0x0000, 0x0000, 0x0000,
  0x0000, 0x0000, 0x0000, 0x0000, 0x0000, 0x0000, 0x0000, 0x0000, 0x0000, 0x0000, 0x0000, 0x0000,
  0x0000, 0x0000, 0x0000, 0x0000, 0x0000, 0x0000, 0x0000, 0x0000, 0x0000, 0x0000, 0x0000, 0x0000,
  0x0000, 0x0000, 0x0000, 0x0000, 0x0000, 0xBBE6, 0xE507, 0xE508, 0xE508, 0xE509, 0xE508, 0xE4E8,
  0xE4E8, 0xE509, 0xED29, 0xED29, 0xED49, 0xED49, 0xED69, 0xF56A, 0xF58A, 0xF5AA, 0xF5AB, 0xFDCB,
  0xFE2D, 0xF62E, 0x20C1, 0x0000, 0x0000, 0x0000, 0x0000, 0x2922, 0xFE4E, 0xFE2C, 0xFDEB, 0xFE0B,
  0xFE0B, 0xFDEB, 0xF5AA, 0xF5AA, 0xF5AA, 0xFDEB, 0xF5EA, 0xF5EA, 0xFE0A, 0xFE2B, 0xFE4B, 0xFE6C,
  0xFE8D, 0xFE8D, 0xFF0E, 0xA448, 0x0040, 0x0120, 0x0100, 0x0140, 0x01C0, 0x0260, 0x96D3, 0x0B41,
  0x3C88, 0x7E50, 0x2445, 0x96F4, 0x0240, 0x4D0A, 0x7630, 0x0260, 0x86B3, 0x2425, 0x7E51, 0x4D0A,
  0x0280, 0x96D4, 0x2C05, 0x2404, 0x86B3, 0x1BC3, 0x86B3, 0x0180, 0x0120, 0x0120, 0x00E0, 0x21A1,
  0xF6AD, 0xFECD, 0xFECD, 0xFEAC, 0xFE8B, 0xFE6A, 0xFE2A, 0xF60A, 0xF5EA, 0xF5AA, 0xED8A, 0xED6A,
  0xED6A, 0xED8A, 0xF58A, 0xF5CB, 0xF5EB, 0xF5EC, 0xFE8E, 0x8326, 0x0000, 0x0000, 0x0000, 0x0000,
  0x0000, 0xBCCA, 0xFE8D, 0xFE4D, 0xFE4D, 0xFE2C, 0xFE0C, 0xFDEB, 0xF5CB, 0xF5AB, 0xF58A, 0xED6A,
  0xED49, 0xE509, 0xE508, 0xE508, 0xED49, 0xF56A, 0xF56A, 0xED6A, 0xF569, 0xD487, 0x1040, 0x0000,
  0x0000, 0x0000, 0x0000, 0x0000, 0x0000, 0x0000, 0x0000, 0x0000, 0x0000, 0x0000, 0x0000, 0x0000,
  0x0000, 0x0000, 0x0000, 0x0000, 0x0000, 0x0000, 0x0000, 0x0000, 0x0000, 0x0000, 0x0000, 0x0000,
  0x0000, 0x0000, 0x0000, 0x0000, 0x0000, 0x0000, 0x0000, 0x0000, 0x0000, 0x0000, 0x0000, 0x0000,
  0x0000, 0x0000, 0x0000, 0x0000, 0x0000, 0x0000, 0x0000, 0x0000, 0x0000, 0x0000, 0x0000, 0x0000,
  0x0000, 0x0000, 0x0000, 0x0000, 0x0000, 0x0000, 0x0000, 0x0000, 0x0000, 0x0000, 0x0000, 0x0000,
  0x0000, 0x0000, 0x0000, 0x0000, 0x0000, 0x0000, 0x0000, 0x0000, 0x0000, 0x0000, 0x0000, 0x0000,
  0x0000, 0x0000, 0x0000, 0x0000, 0x0000, 0x0000, 0x0000, 0x0000, 0x0000, 0x0000, 0x0000, 0x0000,
  0x0000, 0x0000, 0x0000, 0x0000, 0x0000, 0x0000, 0x0000, 0x0000, 0x0000, 0x0000, 0x0000, 0x0000,
  0x0000, 0x0000, 0x0000, 0x0000, 0x0000, 0x0000, 0x0000, 0x0000, 0x0000, 0x0000, 0x0000, 0x0000,
  0x0000, 0x0000, 0x0000, 0x0000, 0x0000, 0x0000, 0x0000, 0x0000, 0x0000, 0x0000, 0x0000, 0x0000,
  0x0000, 0x0000, 0x0000, 0x0000, 0x0000, 0x0000, 0x0000, 0x0000, 0x0000, 0x0000, 0x0000, 0x0000,
  0x0000, 0x0000, 0x0000, 0x0000, 0x0000, 0x0000, 0x0000, 0x0000, 0x0000, 0x0000, 0x0000, 0x0000,
  0x0000, 0x0000, 0x0000, 0x0000, 0x0000, 0x0000, 0x0000, 0x0000, 0x0000, 0x0000, 0x0000, 0x0000,
  0x0000, 0x0000, 0x0000, 0x0000, 0x0000, 0x0000, 0x0000, 0x0000, 0x0000, 0x0000, 0x0000, 0x0000,
  0x0000, 0x0000, 0x0000, 0x0000, 0x0000, 0x0000, 0x0000, 0x0000, 0x0000, 0x0000, 0x0000, 0x0000,
  0x0000, 0x0000, 0x0000, 0x0000, 0x0000, 0x0000, 0x0000, 0x0000, 0x0000, 0x0000, 0x0000, 0x0000,
  0x0000, 0xBC26, 0xE508, 0xDCE8, 0xDCE8, 0xDCE8, 0xDCC8, 0xDCC7, 0xDCC8, 0xDCE8, 0xE509, 0xE529,
  0xE509, 0xE509, 0xE509, 0xE529, 0xED6A, 0xED8B, 0xEDAB, 0xED8B, 0xEDEC, 0xDD8D, 0x18A1, 0x0000,
  0x0000, 0x0000, 0x0000, 0x2902, 0xEDEC, 0xEDCB, 0xEDAB, 0xEDAB, 0xEDCB, 0xEDCB, 0xEDAB, 0xED8A,
  0xED8A, 0xED8A, 0xEDA9, 0xEDEA, 0xF60B, 0xF60B, 0xF62C, 0xEE4D, 0xEE4C, 0xEE0B, 0xF68D, 0x9C28,
  0x0040, 0x00E0, 0x0100, 0x0160, 0x01C0, 0x4CE9, 0xBF57, 0x550B, 0x0A81, 0x7631, 0x86D3, 0x4489,
  0x1302, 0x8EB3, 0xAF56, 0x2404, 0x3CA8, 0x96F3, 0x86B2, 0x1342, 0x3487, 0xB757, 0x6DEF, 0x02E0,
  0x6DEF, 0x86B2, 0x4CAA, 0x0160, 0x0140, 0x0100, 0x00E0, 0x21E1, 0xEEAE, 0xF6AE, 0xEE4B, 0xEE2B,
  0xEE4B, 0xEE2A, 0xF60A, 0xF60A, 0xF60B, 0xEDCA, 0xED69, 0xE549, 0xE54A, 0xE54A, 0xED6A, 0xEDAB,
  0xEDCC, 0xED8B, 0xF5CB, 0x72C5, 0x0000, 0x0000, 0x0000, 0x0000, 0x0000, 0xB48A, 0xF64E, 0xEDED,
  0xEDEC, 0xEDEC, 0xF60D, 0xEDEC, 0xED8A, 0xE549, 0xE529, 0xE529, 0xE529, 0xE509, 0xDD08, 0xE4E8,
  0xE529, 0xE529, 0xED4A, 0xE54A, 0xED29, 0xCC46, 0x0840, 0x0000, 0x0000, 0x0000, 0x0000, 0x0000,
  0x0000, 0x0000, 0x0000, 0x0000, 0x0000, 0x0000, 0x0000, 0x0000, 0x0000, 0x0000, 0x0000, 0x0000,
  0x0000, 0x0000, 0x0000, 0x0000, 0x0000, 0x0000, 0x0000, 0x0000, 0x0000, 0x0000, 0x0000, 0x0000,
  0x0000, 0x0000, 0x0000, 0x0000, 0x0000, 0x0000, 0x0000, 0x0000, 0x0000, 0x0000, 0x0000, 0x0000,
  0x0000, 0x0000, 0x0000, 0x0000, 0x0000, 0x0000, 0x0000, 0x0000, 0x0000, 0x0000, 0x0000, 0x0000,
  0x0000, 0x0000, 0x0000, 0x0000, 0x0000, 0x0000, 0x0000, 0x0000, 0x0000, 0x0000, 0x0000, 0x0000,
  0x0000, 0x0000, 0x0000, 0x0000, 0x0000, 0x0000, 0x0000, 0x0000, 0x0000, 0x0000, 0x0000, 0x0000,
  0x0000, 0x0000, 0x0000, 0x0000, 0x0000, 0x0000, 0x0000, 0x0000, 0x0000, 0x0000, 0x0000, 0x0000,
  0x0000, 0x0000, 0x0000, 0x0000, 0x0000, 0x0000, 0x0000, 0x0000, 0x0000, 0x0000, 0x0000, 0x0000,
  0x0000, 0x0000, 0x0000, 0x0000, 0x0000, 0x0000, 0x0000, 0x0000, 0x0000, 0x0000, 0x0000, 0x0000,
  0x0000, 0x0000, 0x0000, 0x0000, 0x0000, 0x0000, 0x0000, 0x0000, 0x0000, 0x0000, 0x0000, 0x0000,
  0x0000, 0x0000, 0x0000, 0x0000, 0x0000, 0x0000, 0x0000, 0x0000, 0x0000, 0x0000, 0x0000, 0x0000,
  0x0000, 0x0000, 0x0000, 0x0000, 0x0000, 0x0000, 0x0000, 0x0000, 0x0000, 0x0000, 0x0000, 0x0000,
  0x0000, 0x0000, 0x0000, 0x0000, 0x0000, 0x0000, 0x0000, 0x0000, 0x0000, 0x0000, 0x0000, 0x0000,
  0x0000, 0x0000, 0x0000, 0x0000, 0x0000, 0x0000, 0x0000, 0x0000, 0x0000, 0x0000, 0x0000, 0x0000,
  0x0000, 0x0000, 0x0000, 0x0000, 0x0000, 0x0000, 0x0000, 0x0000, 0x0000, 0x0000, 0x0000, 0x0000,
  0x0000, 0x0000, 0x0000, 0x0000, 0x0000, 0x0000, 0x0000, 0x0000, 0x0000, 0x1080, 0x1880, 0x1060,
  0x1880, 0x1880, 0x1880, 0x1880, 0x1880, 0x1880, 0x1880, 0x1880, 0x1880, 0x1060, 0x1060, 0x1080,
  0x1881, 0x18A1, 0x18A1, 0x18A1, 0x1881, 0x1881, 0x0000, 0x0000, 0x0000, 0x0000, 0x0000, 0x0000,
  0x1881, 0x18A1, 0x1881, 0x1881, 0x1881, 0x18A1, 0x18A1, 0x1880, 0x1880, 0x1880, 0x18A0, 0x20C1,
  0x20C1, 0x18C1, 0x18C1, 0x18C1, 0x18A1, 0x10A1, 0x18E1, 0x10C1, 0x0060, 0x00A0, 0x0100, 0x0140,
  0x01C0, 0x0AC1, 0x0AC1, 0x1282, 0x01E0, 0x0200, 0x0260, 0x0200, 0x02A0, 0x0B01, 0x0B61, 0x0B81,
  0x02E0, 0x0340, 0x02E0, 0x0260, 0x0AC1, 0x02A0, 0x0AC2, 0x0260, 0x0240, 0x02A0, 0x0240, 0x01E0,
  0x0140, 0x0100, 0x0100, 0x0120, 0x1941, 0x18E1, 0x18A1, 0x18A0, 0x18A1, 0x18C1, 0x18C1, 0x20E1,
  0x20C1, 0x20C1, 0x1880, 0x1880, 0x1880, 0x1880, 0x18A1, 0x20C1, 0x20C1, 0x18A1, 0x1881, 0x0820,
  0x0000, 0x0000, 0x0000, 0x0000, 0x0000, 0x1061, 0x18A1, 0x18A1, 0x1881, 0x18A1, 0x18A1, 0x18A1,
  0x18A1, 0x1880, 0x1880, 0x1880, 0x1880, 0x18A1, 0x18A1, 0x1880, 0x1880, 0x1880, 0x1880, 0x1880,
  0x1880, 0x1060, 0x0000, 0x0000, 0x0000, 0x0000, 0x0000, 0x0000, 0x0000, 0x0000, 0x0000, 0x0000,
  0x0000, 0x0000, 0x0000, 0x0000, 0x0000, 0x0000, 0x0000, 0x0000, 0x0000, 0x0000, 0x0000, 0x0000,
  0x0000, 0x0000, 0x0000, 0x0000, 0x0000, 0x0000, 0x0000, 0x0000, 0x0000, 0x0000, 0x0000, 0x0000,
  0x0000, 0x0000, 0x0000, 0x0000, 0x0000, 0x0000, 0x0000, 0x0000, 0x0000, 0x0000, 0x0000, 0x0000,
  0x0000, 0x0000, 0x0000, 0x0000, 0x0000, 0x0000, 0x0000, 0x0000, 0x0000, 0x0000, 0x0000, 0x0000,
  0x0000, 0x0000, 0x0000, 0x0000, 0x0000, 0x0000, 0x0000, 0x0000, 0x0000, 0x0000, 0x0000, 0x0000,
  0x0000, 0x0000, 0x0000, 0x0000, 0x0000, 0x0000, 0x0000, 0x0000, 0x0000, 0x0000, 0x0000, 0x0000,
  0x0000, 0x0000, 0x0000, 0x0000, 0x0000, 0x0000, 0x0000, 0x0000, 0x0000, 0x0000, 0x0000, 0x0000,
  0x0000, 0x0000, 0x0000, 0x0000, 0x0000, 0x0000, 0x0000, 0x0000, 0x0000, 0x0000, 0x0000, 0x0000,
  0x0000, 0x0000, 0x0000, 0x0000, 0x0000, 0x0000, 0x0000, 0x0000, 0x0000, 0x0000, 0x0000, 0x0000,
  0x0000, 0x0000, 0x0000, 0x0000, 0x0000, 0x0000, 0x0000, 0x0000, 0x0000, 0x0000, 0x0000, 0x0000,
  0x0000, 0x0000, 0x0000, 0x0000, 0x0000, 0x0000, 0x0000, 0x0000, 0x0000, 0x0000, 0x0000, 0x0000,
  0x0000, 0x0000, 0x0000, 0x0000, 0x0000, 0x0000, 0x0000, 0x0000, 0x0000, 0x0000, 0x0000, 0x0000,
  0x0000, 0x0000, 0x0000, 0x0000, 0x0000, 0x0000, 0x0000, 0x0000, 0x0000, 0x0000, 0x0000, 0x0000,
  0x0000, 0x0000, 0x0000, 0x0000, 0x0000, 0x0000, 0x0000, 0x0000, 0x0000, 0x0000, 0x0000, 0x0000,
  0x0000, 0x0000, 0x0000, 0x0000, 0x0000, 0x0000, 0x0000, 0x0000, 0x0000, 0x0000, 0x0000, 0x0000,
  0x0860, 0x1061, 0x1081, 0x1081, 0x1060, 0x0840, 0x0840, 0x0860, 0x0860, 0x0840, 0x0840, 0x0840,
  0x0840, 0x0840, 0x0840, 0x0840, 0x0860, 0x1060, 0x0860, 0x0840, 0x0840, 0x0840, 0x0860, 0x0860,
  0x0840, 0x0840, 0x0860, 0x1061, 0x0860, 0x0860, 0x0861, 0x0861, 0x0840, 0x0840, 0x0860, 0x0840,
  0x0840, 0x0840, 0x0840, 0x0840, 0x0840, 0x0840, 0x0840, 0x0840, 0x0860, 0x0860, 0x0020, 0x0020,
  0x0840, 0x0840, 0x0040, 0x0840, 0x0060, 0x00C0, 0x0100, 0x0140, 0x01C0, 0x0AC1, 0x3427, 0x0240,
  0x01E0, 0x2BA6, 0x54AB, 0x0AE2, 0x0280, 0x2C05, 0x2404, 0x02E0, 0x0B81, 0x4D0A, 0x3427, 0x0220,
  0x0260, 0x33E7, 0x0AA1, 0x0220, 0x2BE5, 0x54EB, 0x1302, 0x01C0, 0x0140, 0x0120, 0x0120, 0x08E0,
  0x0060, 0x0020, 0x0020, 0x0020, 0x0020, 0x0040, 0x0860, 0x0860, 0x0840, 0x0840, 0x0840, 0x0040,
  0x0020, 0x0020, 0x0840, 0x0860, 0x0840, 0x0820, 0x0020, 0x0840, 0x0861, 0x0861, 0x0860, 0x0860,
  0x1061, 0x0860, 0x0840, 0x0840, 0x0840, 0x0840, 0x0840, 0x0840, 0x0840, 0x0840, 0x0840, 0x0840,
  0x0820, 0x0840, 0x0860, 0x0860, 0x0860, 0x0860, 0x0840, 0x0840, 0x0860, 0x1061, 0x1081, 0x1061,
  0x0860, 0x0860, 0x0840, 0x0000, 0x0000, 0x0000, 0x0000, 0x0000, 0x0000, 0x0000, 0x0000, 0x0000,
  0x0000, 0x0000, 0x0000, 0x0000, 0x0000, 0x0000, 0x0000, 0x0000, 0x0000, 0x0000, 0x0000, 0x0000,
  0x0000, 0x0000, 0x0000, 0x0000, 0x0000, 0x0000, 0x0000, 0x0000, 0x0000, 0x0000, 0x0000, 0x0000,
  0x0000, 0x0000, 0x0000, 0x0000, 0x0000, 0x0000, 0x0000, 0x0000, 0x0000, 0x0000, 0x0000, 0x0000,
  0x0000, 0x0000, 0x0000, 0x0000, 0x0000, 0x0000, 0x0000, 0x0000, 0x0000, 0x0000, 0x0000, 0x0000,
  0x0000, 0x0000, 0x0000, 0x0000, 0x0000, 0x0000, 0x0000, 0x0000, 0x0000, 0x0000, 0x0000, 0x0000,
  0x0000, 0x0000, 0x0000, 0x0000, 0x0000, 0x0000, 0x0000, 0x0000, 0x0000, 0x0000, 0x0000, 0x0000,
  0x0000, 0x0000, 0x0000, 0x0000, 0x0000, 0x0000, 0x0000, 0x0000, 0x0000, 0x0000, 0x0000, 0x0000,
  0x0000, 0x0000, 0x0000, 0x0000, 0x0000, 0x0000, 0x0000, 0x0000, 0x0000, 0x0000, 0x0000, 0x0000,
  0x0000, 0x0000, 0x0000, 0x0000, 0x0000, 0x0000, 0x0000, 0x0000, 0x0000, 0x0000, 0x0000, 0x0000,
  0x0000, 0x0000, 0x0000, 0x0000, 0x0000, 0x0000, 0x0000, 0x0000, 0x0000, 0x0000, 0x0000, 0x0000,
  0x0000, 0x0000, 0x0000, 0x0000, 0x0000, 0x0000, 0x0000, 0x0000, 0x0000, 0x0000, 0x0000, 0x0000,
  0x0000, 0x0000, 0x0000, 0x0000, 0x0000, 0x0000, 0x0000, 0x0000, 0x0000, 0x0000, 0x0000, 0x0000,
  0x0000, 0x0000, 0x0000, 0x0000, 0x0000, 0x0000, 0x0000, 0x0000, 0x0000, 0x0000, 0x0000, 0x0000,
  0x0000, 0x0000, 0x0000, 0x0000, 0x0000, 0x0000, 0x0000, 0x0000, 0x0000, 0x0000, 0x0000, 0x0000,
  0x0000, 0x0000, 0x0000, 0x0000, 0x0000, 0x0000, 0x0000, 0x0820, 0xABE6, 0xCCA8, 0xC467, 0xBC47,
  0xC447, 0xCC87, 0xCCC8, 0xD4E9, 0xCCC8, 0xCC87, 0xC467, 0xC467, 0xCC67, 0xCC88, 0xCC88, 0xCC88,
  0xCCA8, 0xD4C8, 0xD4C8, 0xD4C8, 0xD4C8, 0xD4C8, 0xD4C8, 0xD4C8, 0xD509, 0xD509, 0xD4E9, 0xCCC8,
  0xCCC8, 0xD4E9, 0xD50A, 0xD529, 0xD529, 0xDD4A, 0xDD8B, 0xDDAB, 0xDD6A, 0xDD49, 0xDD49, 0xE5AB,
  0xE5CC, 0xE5EC, 0xDDAB, 0xDDCB, 0xE60C, 0xE60B, 0xE5CA, 0xDDA9, 0xE5EA, 0xE5EA, 0xDDAA, 0xE62C,
  0x6B45, 0x00A0, 0x0120, 0x0140, 0x0140, 0x4CEB, 0xBFDA, 0x0AA1, 0x2345, 0x9714, 0x8692, 0x7E10,
  0x0B81, 0xB778, 0x7E30, 0x02A0, 0x7630, 0x7E50, 0x9714, 0x2384, 0x2C06, 0xBFD9, 0x2385, 0x1302,
  0x96F5, 0x7E11, 0x7E31, 0x0200, 0x0180, 0x0140, 0x00E0, 0xA4C7, 0xE64B, 0xDDA9, 0xDDAA, 0xDDCB,
  0xDE0C, 0xE62D, 0xE64D, 0xE60C, 0xDDCB, 0xDDCB, 0xE5CC, 0xDDAB, 0xDD8B, 0xDD6A, 0xDD6B, 0xE5AB,
  0xE58B, 0xDD6A, 0xDD4A, 0xDD6A, 0xDD6B, 0xDD6A, 0xD529, 0xD529, 0xD54A, 0xDD4A, 0xDD4A, 0xDD2A,
  0xDD09, 0xD4E8, 0xD4C8, 0xD4C8, 0xD4C8, 0xD4C8, 0xD4A8, 0xD4A8, 0xCC87, 0xCCA8, 0xD4A8, 0xD4C8,
  0xD4E9, 0xD4E9, 0xD4E9, 0xD509, 0xD529, 0xD509, 0xCCC8, 0xC467, 0xC447, 0xCC88, 0xBC68, 0x1060,
  0x0000, 0x0000, 0x0000, 0x0000, 0x0000, 0x0000, 0x0000, 0x0000, 0x0000, 0x0000, 0x0000, 0x0000,
  0x0000, 0x0000, 0x0000, 0x0000, 0x0000, 0x0000, 0x0000, 0x0000, 0x0000, 0x0000, 0x0000, 0x0000,
  0x0000, 0x0000, 0x0000, 0x0000, 0x0000, 0x0000, 0x0000, 0x0000, 0x0000, 0x0000, 0x0000, 0x0000,
  0x0000, 0x0000, 0x0000, 0x0000, 0x0000, 0x0000, 0x0000, 0x0000, 0x0000, 0x0000, 0x0000, 0x0000,
  0x0000, 0x0000, 0x0000, 0x0000, 0x0000, 0x0000, 0x0000, 0x0000, 0x0000, 0x0000, 0x0000, 0x0000,
  0x0000, 0x0000, 0x0000, 0x0000, 0x0000, 0x0000, 0x0000, 0x0000, 0x0000, 0x0000, 0x0000, 0x0000,
  0x0000, 0x0000, 0x0000, 0x0000, 0x0000, 0x0000, 0x0000, 0x0000, 0x0000, 0x0000, 0x0000, 0x0000,
  0x0000, 0x0000, 0x0000, 0x0000, 0x0000, 0x0000, 0x0000, 0x0000, 0x0000, 0x0000, 0x0000, 0x0000,
  0x0000, 0x0000, 0x0000, 0x0000, 0x0000, 0x0000, 0x0000, 0x0000, 0x0000, 0x0000, 0x0000, 0x0000,
  0x0000, 0x0000, 0x0000, 0x0000, 0x0000, 0x0000, 0x0000, 0x0000, 0x0000, 0x0000, 0x0000, 0x0000,
  0x0000, 0x0000, 0x0000, 0x0000, 0x0000, 0x0000, 0x0000, 0x0000, 0x0000, 0x0000, 0x0000, 0x0000,
  0x0000, 0x0000, 0x0000, 0x0000, 0x0000, 0x0000, 0x0000, 0x0000, 0x0000, 0x0000, 0x0000, 0x0000,
  0x0000, 0x0000, 0x0000, 0x0000, 0x0000, 0x0000, 0x0000, 0x0000, 0x0000, 0x0000, 0x0000, 0x0000,
  0x0000, 0x0000, 0x0000, 0x0000, 0x0000, 0x0000, 0x0000, 0x0000, 0x0000, 0x0000, 0x0000, 0x0000,
  0x0000, 0x0000, 0x0000, 0x0000, 0x0000, 0x0000, 0x0000, 0x0000, 0x0000, 0x0000, 0x0000, 0x0000,
  0x0000, 0x0000, 0x0000, 0x0840, 0xBC06, 0xD487, 0xCC26, 0xC426, 0xCC67, 0xD4A8, 0xDCC8, 0xDCC8,
  0xDCA8, 0xD487, 0xD487, 0xD487, 0xDCA8, 0xDCA8, 0xDCC8, 0xDCA8, 0xDCA8, 0xDCA8, 0xDCC8, 0xDCE8,
  0xE4E8, 0xE4E8, 0xE4E8, 0xE4E8, 0xE508, 0xED09, 0xED09, 0xE508, 0xE4E8, 0xED29, 0xED49, 0xED69,
  0xED69, 0xED6A, 0xF5AB, 0xF5CB, 0xF5CB, 0xF5AA, 0xF5AA, 0xFDEB, 0xFE2C, 0xFE6D, 0xFEAC, 0xFECD,
  0xFEEE, 0xFECD, 0xFEAC, 0xFE8C, 0xFEAC, 0xFECC, 0xFEEE, 0xFF71, 0x8408, 0x00A0, 0x0100, 0x0100,
  0x0120, 0x0220, 0x8EB2, 0x0280, 0x4469, 0x7E30, 0x1423, 0x9F15, 0x02E0, 0x4D29, 0x760F, 0x0280,
  0x8ED3, 0x0BA1, 0x5E0E, 0x4D0A, 0x0220, 0x8692, 0x23E4, 0x2445, 0x8E93, 0x0320, 0x9714, 0x0280,
  0x0180, 0x0100, 0x0060, 0xC568, 0xFF2C, 0xFEAB, 0xFEED, 0xFF2F, 0xFF30, 0xFF51, 0xFF50, 0xFF0E,
  0xFECC, 0xFE8C, 0xFE6C, 0xFE6D, 0xFE2C, 0xFE0B, 0xFDEB, 0xFE0C, 0xFDEB, 0xFDEB, 0xFDEB, 0xFDEB,
  0xF5CB, 0xF5CB, 0xF5AA, 0xF58A, 0xF58A, 0xF58A, 0xED6A, 0xED49, 0xED29, 0xED29, 0xE509, 0xE509,
  0xE4E8, 0xE4E8, 0xE4E8, 0xE4C8, 0xE4C8, 0xE4C8, 0xDCC8, 0xDCC8, 0xDCC8, 0xE4E8, 0xE509, 0xE509,
  0xE509, 0xE4E8, 0xDCC8, 0xDCA7, 0xD487, 0xDCE9, 0xCC88, 0x1060, 0x0000, 0x0000, 0x0000, 0x0000,
  0x0000, 0x0000, 0x0000, 0x0000, 0x0000, 0x0000, 0x0000, 0x0000, 0x0000, 0x0000, 0x0000, 0x0000,
  0x0000, 0x0000, 0x0000, 0x0000, 0x0000, 0x0000, 0x0000, 0x0000, 0x0000, 0x0000, 0x0000, 0x0000,
  0x0000, 0x0000, 0x0000, 0x0000, 0x0000, 0x0000, 0x0000, 0x0000, 0x0000, 0x0000, 0x0000, 0x0000,
  0x0000, 0x0000, 0x0000, 0x0000, 0x0000, 0x0000, 0x0000, 0x0000, 0x0000, 0x0000, 0x0000, 0x0000,
  0x0000, 0x0000, 0x0000, 0x0000, 0x0000, 0x0000, 0x0000, 0x0000, 0x0000, 0x0000, 0x0000, 0x0000,
  0x0000, 0x0000, 0x0000, 0x0000, 0x0000, 0x0000, 0x0000, 0x0000, 0x0000, 0x0000, 0x0000, 0x0000,
  0x0000, 0x0000, 0x0000, 0x0000, 0x0000, 0x0000, 0x0000, 0x0000, 0x0000, 0x0000, 0x0000, 0x0000,
  0x0000, 0x0000, 0x0000, 0x0000, 0x0000, 0x0000, 0x0000, 0x0000, 0x0000, 0x0000, 0x0000, 0x0000,
  0x0000, 0x0000, 0x0000, 0x0000, 0x0000, 0x0000, 0x0000, 0x0000, 0x0000, 0x0000, 0x0000, 0x0000,
  0x0000, 0x0000, 0x0000, 0x0000, 0x0000, 0x0000, 0x0000, 0x0000, 0x0000, 0x0000, 0x0000, 0x0000,
  0x0000, 0x0000, 0x0000, 0x0000, 0x0000, 0x0000, 0x0000, 0x0000, 0x0000, 0x0000, 0x0000, 0x0000,
  0x0000, 0x0000, 0x0000, 0x0000, 0x0000, 0x0000, 0x0000, 0x0000, 0x0000, 0x0000, 0x0000, 0x0000,
  0x0000, 0x0000, 0x0000, 0x0000, 0x0000, 0x0000, 0x0000, 0x0000, 0x0000, 0x0000, 0x0000, 0x0000,
  0x0000, 0x0000, 0x0000, 0x0000, 0x0000, 0x0000, 0x0000, 0x0000, 0x0000, 0x0000, 0x0000, 0x0000,
  0x0000, 0x0000, 0x0000, 0x0000, 0x0000, 0x0000, 0x0000, 0x0000, 0x0000, 0x0000, 0x0000, 0x1060,
  0xCC66, 0xDCA7, 0xD466, 0xDC87, 0xE4C8, 0xE508, 0xED08, 0xE4E8, 0xE4E8, 0xE4E8, 0xE4E8, 0xE4E8,
  0xED08, 0xED09, 0xED29, 0xED08, 0xE4E8, 0xED08, 0xED09, 0xED29, 0xF549, 0xF549, 0xF529, 0xF529,
  0xF549, 0xF549, 0xF569, 0xF569, 0xF569, 0xF569, 0xFDAA, 0xFDCA, 0xFDCB, 0xFDEB, 0xFE0B, 0xFE2C,
  0xFE2C, 0xFE0B, 0xFE0B, 0xFE2B, 0xFE6D, 0xFE8E, 0xAC48, 0x5244, 0x39A3, 0x3982, 0x3162, 0x3142,
  0x3142, 0x3182, 0x39E3, 0x3A24, 0x1982, 0x00C0, 0x00C0, 0x00C0, 0x00E0, 0x2344, 0xB798, 0x2C06,
  0x33E6, 0xA756, 0x764F, 0x8E52, 0x02E0, 0x6E0F, 0x96F4, 0x0AE1, 0x7E31, 0x65EE, 0x9714, 0x3447,
  0x1342, 0xB778, 0x554B, 0x1C03, 0xA756, 0x65CD, 0x8E93, 0x01A0, 0x0120, 0x00C0, 0x0060, 0x2121,
  0x31A2, 0x31A2, 0x39A2, 0x3983, 0x3983, 0x39C3, 0x41E4, 0x49E3, 0x72E4, 0xD549, 0xFECD, 0xFECD,
  0xFE8D, 0xFE6C, 0xFE4C, 0xFE6C, 0xFE4C, 0xFE4C, 0xFE4C, 0xFE4C, 0xFE2C, 0xFE0B, 0xFE0B, 0xFE0B,
  0xFDEB, 0xFDCB, 0xFDAB, 0xFD8A, 0xFD8A, 0xFD8A, 0xF58A, 0xF56A, 0xF549, 0xF529, 0xF529, 0xED29,
  0xED29, 0xED49, 0xED29, 0xED08, 0xED28, 0xED29, 0xF549, 0xF569, 0xF569, 0xED49, 0xED28, 0xED09,
  0xE509, 0xED08, 0xCC67, 0x1040, 0x0000, 0x0000, 0x0000, 0x0000, 0x0000, 0x0000, 0x0000, 0x0000,
  0x0000, 0x0000, 0x0000, 0x0000, 0x0000, 0x0000, 0x0000, 0x0000, 0x0000, 0x0000, 0x0000, 0x0000,
  0x0000, 0x0000, 0x0000, 0x0000, 0x0000, 0x0000, 0x0000, 0x0000, 0x0000, 0x0000, 0x0000, 0x0000,
  0x0000, 0x0000, 0x0000, 0x0000, 0x0000, 0x0000, 0x0000, 0x0000, 0x0000, 0x0000, 0x0000, 0x0000,
  0x0000, 0x0000, 0x0000, 0x0000, 0x0000, 0x0000, 0x0000, 0x0000, 0x0000, 0x0000, 0x0000, 0x0000,
  0x0000, 0x0000, 0x0000, 0x0000, 0x0000, 0x0000, 0x0000, 0x0000, 0x0000, 0x0000, 0x0000, 0x0000,
  0x0000, 0x0000, 0x0000, 0x0000, 0x0000, 0x0000, 0x0000, 0x0000, 0x0000, 0x0000, 0x0000, 0x0000,
  0x0000, 0x0000, 0x0000, 0x0000, 0x0000, 0x0000, 0x0000, 0x0000, 0x0000, 0x0000, 0x0000, 0x0000,
  0x0000, 0x0000, 0x0000, 0x0000, 0x0000, 0x0000, 0x0000, 0x0000, 0x0000, 0x0000, 0x0000, 0x0000,
  0x0000, 0x0000, 0x0000, 0x0000, 0x0000, 0x0000, 0x0000, 0x0000, 0x0000, 0x0000, 0x0000, 0x0000,
  0x0000, 0x0000, 0x0000, 0x0000, 0x0000, 0x0000, 0x0000, 0x0000, 0x0000, 0x0000, 0x0000, 0x0000,
  0x0000, 0x0000, 0x0000, 0x0000, 0x0000, 0x0000, 0x0000, 0x0000, 0x0000, 0x0000, 0x0000, 0x0000,
  0x0000, 0x0000, 0x0000, 0x0000, 0x0000, 0x0000, 0x0000, 0x0000, 0x0000, 0x0000, 0x0000, 0x0000,
  0x0000, 0x0000, 0x0000, 0x0000, 0x0000, 0x0000, 0x0000, 0x0000, 0x0000, 0x0000, 0x0000, 0x0000,
  0x0000, 0x0000, 0x0000, 0x0000, 0x0000, 0x0000, 0x0000, 0x0000, 0x0000, 0x0000, 0x0000, 0x0000,
  0x0000, 0x0000, 0x0000, 0x0000, 0x0000, 0x0000, 0x0000, 0x0840, 0x7243, 0x7263, 0x7243, 0x7263,
  0x7AA4, 0x82C4, 0x7AA4, 0x7A84, 0x7AA4, 0x82A4, 0x7AA4, 0x7AA4, 0x7AA4, 0x82C4, 0x82C4, 0x82C4,
  0x7AA4, 0x7AA4, 0x82C4, 0x82C5, 0x82E5, 0x82C4, 0x82C5, 0x82E5, 0x82E5, 0x82C5, 0x7AC4, 0x82E5,
  0x8305, 0x8B05, 0x8B05, 0x8B45, 0x8B46, 0x8B46, 0x8B46, 0x8B46, 0x8B66, 0x8346, 0x7B05, 0x7B05,
  0x8346, 0x49E4, 0x0000, 0x0000, 0x0000, 0x0000, 0x0000, 0x0000, 0x0000, 0x0000, 0x0020, 0x0040,
  0x0080, 0x0080, 0x0080, 0x00E0, 0x0100, 0x33A8, 0x650E, 0x446A, 0x0240, 0x4CCA, 0x6D8F, 0x1342,
  0x0AC1, 0x5D0C, 0x654D, 0x1B43, 0x0B02, 0x65AE, 0x4CEA, 0x0260, 0x2BE6, 0x758F, 0x5D2C, 0x0280,
  0x3C08, 0x756F, 0x1B24, 0x0140, 0x00E0, 0x00A0, 0x0080, 0x0040, 0x0040, 0x0040, 0x0000, 0x0000,
  0x0000, 0x0000, 0x0000, 0x0000, 0x0000, 0x0840, 0x7B26, 0x93C7, 0x8B86, 0x8B87, 0x8B87, 0x8B87,
  0x8B87, 0x9387, 0x93A7, 0x9387, 0x8B66, 0x8B46, 0x8B66, 0x8B46, 0x8B46, 0x8B26, 0x8305, 0x8305,
  0x8305, 0x8305, 0x8B05, 0x8305, 0x82E5, 0x82E5, 0x82C5, 0x82E5, 0x82C5, 0x82E5, 0x82C4, 0x82C4,
  0x82C4, 0x82E4, 0x82E5, 0x82E5, 0x82E5, 0x7AC4, 0x7AA4, 0x82C4, 0x82C4, 0x7AA4, 0x6A23, 0x0820,
  0x0000, 0x0000, 0x0000, 0x0000, 0x0000, 0x0000, 0x0000, 0x0000, 0x0000, 0x0000, 0x0000, 0x0000,
  0x0000, 0x0000, 0x0000, 0x0000, 0x0000, 0x0000, 0x0000, 0x0000, 0x0000, 0x0000, 0x0000, 0x0000,
  0x0000, 0x0000, 0x0000, 0x0000, 0x0000, 0x0000, 0x0000, 0x0000, 0x0000, 0x0000, 0x0000, 0x0000,
  0x0000, 0x0000, 0x0000, 0x0000, 0x0000, 0x0000, 0x0000, 0x0000, 0x0000, 0x0000, 0x0000, 0x0000,
  0x0000, 0x0000, 0x0000, 0x0000, 0x0000, 0x0000, 0x0000, 0x0000, 0x0000, 0x0000, 0x0000, 0x0000,
  0x0000, 0x0000, 0x0000, 0x0000, 0x0000, 0x0000, 0x0000, 0x0000, 0x0000, 0x0000, 0x0000, 0x0000,
  0x0000, 0x0000, 0x0000, 0x0000, 0x0000, 0x0000, 0x0000, 0x0000, 0x0000, 0x0000, 0x0000, 0x0000,
  0x0000, 0x0000, 0x0000, 0x0000, 0x0000, 0x0000, 0x0000, 0x0000, 0x0000, 0x0000, 0x0000, 0x0000,
  0x0000, 0x0000, 0x0000, 0x0000, 0x0000, 0x0000, 0x0000, 0x0000, 0x0000, 0x0000, 0x0000, 0x0000,
  0x0000, 0x0000, 0x0000, 0x0000, 0x0000, 0x0000, 0x0000, 0x0000, 0x0000, 0x0000, 0x0000, 0x0000,
  0x0000, 0x0000, 0x0000, 0x0000, 0x0000, 0x0000, 0x0000, 0x0000, 0x0000, 0x0000, 0x0000, 0x0000,
  0x0000, 0x0000, 0x0000, 0x0000, 0x0000, 0x0000, 0x0000, 0x0000, 0x0000, 0x0000, 0x0000, 0x0000,
  0x0000, 0x0000, 0x0000, 0x0000, 0x0000, 0x0000, 0x0000, 0x0000, 0x0000, 0x0000, 0x0000, 0x0000,
  0x0000, 0x0000, 0x0000, 0x0000, 0x0000, 0x0000, 0x0000, 0x0000, 0x0000, 0x0000, 0x0000, 0x0000,
  0x0000, 0x0000, 0x0000, 0x0000, 0x0000, 0x0000, 0x0000, 0x0000, 0x0000, 0x0000, 0x0000, 0x0000,
  0x0000, 0x0000, 0x0000, 0x0000, 0x0000, 0x0000, 0x0000, 0x0000, 0x0000, 0x0000, 0x0000, 0x0000,
  0x0000, 0x0000, 0x0000, 0x0000, 0x0000, 0x0000, 0x0000, 0x0000, 0x0000, 0x0000, 0x0000, 0x0000,
  0x0000, 0x0000, 0x0000, 0x0000, 0x0000, 0x0000, 0x0000, 0x0000, 0x0000, 0x0000, 0x0000, 0x0000,
  0x0000, 0x0000, 0x0000, 0x0000, 0x0000, 0x0000, 0x0000, 0x0000, 0x0000, 0x0000, 0x0000, 0x0000,
  0x0840, 0x0860, 0x1080, 0x1080, 0x0860, 0x0860, 0x0880, 0x0880, 0x0060, 0x0020, 0x0060, 0x0100,
  0x0160, 0x0140, 0x0160, 0x0180, 0x01A0, 0x0180, 0x01A0, 0x01C0, 0x0180, 0x0120, 0x0140, 0x0180,
  0x01E0, 0x0220, 0x0220, 0x01E0, 0x0180, 0x01A0, 0x01E0, 0x01E0, 0x0120, 0x00E0, 0x0120, 0x0100,
  0x00A0, 0x0060, 0x08A0, 0x0900, 0x0900, 0x0880, 0x0860, 0x0860, 0x0860, 0x0860, 0x0840, 0x0000,
  0x0000, 0x0000, 0x0000, 0x0000, 0x0000, 0x0000, 0x0000, 0x0000, 0x0000, 0x0000, 0x0000, 0x0000,
  0x0000, 0x0000, 0x0000, 0x0000, 0x0000, 0x0000, 0x0000, 0x0000, 0x0000, 0x0000, 0x0000, 0x0000,
  0x0000, 0x0000, 0x0000, 0x0000, 0x0000, 0x0000, 0x0000, 0x0000, 0x0000, 0x0000, 0x0000, 0x0000,
  0x0000, 0x0000, 0x0000, 0x0000, 0x0000, 0x0000, 0x0000, 0x0000, 0x0000, 0x0000, 0x0000, 0x0000,
  0x0000, 0x0000, 0x0000, 0x0000, 0x0000, 0x0000, 0x0000, 0x0000, 0x0000, 0x0000, 0x0000, 0x0000,
  0x0000, 0x0000, 0x0000, 0x0000, 0x0000, 0x0000, 0x0000, 0x0000, 0x0000, 0x0000, 0x0000, 0x0000,
  0x0000, 0x0000, 0x0000, 0x0000, 0x0000, 0x0000, 0x0000, 0x0000, 0x0000, 0x0000, 0x0000, 0x0000,
  0x0000, 0x0000, 0x0000, 0x0000, 0x0000, 0x0000, 0x0000, 0x0000, 0x0000, 0x0000, 0x0000, 0x0000,
  0x0000, 0x0000, 0x0000, 0x0000, 0x0000, 0x0000, 0x0000, 0x0000, 0x0000, 0x0000, 0x0000, 0x0000,
  0x0000, 0x0000, 0x0000, 0x0000, 0x0000, 0x0000, 0x0000, 0x0000, 0x0000, 0x0000, 0x0000, 0x0000,
  0x0000, 0x0000, 0x0000, 0x0000, 0x0000, 0x0000, 0x0000, 0x0000, 0x0000, 0x0000, 0x0000, 0x0000,
  0x0000, 0x0000, 0x0000, 0x0000, 0x0000, 0x0000, 0x0000, 0x0000, 0x0000, 0x0000, 0x0000, 0x0000,
  0x0000, 0x0000, 0x0000, 0x0000, 0x0000, 0x0000, 0x0000, 0x0000, 0x0000, 0x0000, 0x0000, 0x0000,
  0x0000, 0x0000, 0x0000, 0x0000, 0x0000, 0x0000, 0x0000, 0x0000, 0x0000, 0x0000, 0x0000, 0x0000,
  0x0000, 0x0000, 0x0000, 0x0000, 0x0000, 0x0000, 0x0000, 0x0000, 0x0000, 0x0000, 0x0000, 0x0000,
  0x0000, 0x0000, 0x0000, 0x0000, 0x0000, 0x0000, 0x0000, 0x0000, 0x0000, 0x0000, 0x0000, 0x0000,
  0x0000, 0x0000, 0x0000, 0x0000, 0x0000, 0x0000, 0x0000, 0x0000, 0x0000, 0x0000, 0x0000, 0x0000,
  0x0000, 0x0000, 0x0000, 0x0000, 0x0000, 0x0000, 0x0000, 0x0000, 0x0000, 0x0000, 0x0000, 0x0000,
  0x0000, 0x0000, 0x0000, 0x0000, 0x0000, 0x20C1, 0x5A23, 0x51E3, 0x5204, 0x5A24, 0x5A04, 0x5203,
  0x5A03, 0x5A24, 0x6244, 0x6264, 0x5A44, 0x5A24, 0x5A03, 0x5A23, 0x5A24, 0x5A24, 0x5A24, 0x5A44,
  0x5A44, 0x5A44, 0x6264, 0x6264, 0x6265, 0x6265, 0x6264, 0x5A44, 0x5A44, 0x5A64, 0x6265, 0x6265,
  0x5A65, 0x5A45, 0x5A45, 0x5A45, 0x5A44, 0x5A24, 0x5A44, 0x5A24, 0x5A44, 0x6A84, 0x41A2, 0x0820,
  0x0020, 0x0020, 0x0000, 0x0000, 0x0020, 0x0000, 0x18C1, 0x7325, 0x8BC5, 0x8BA5, 0x9C06, 0x9C26,
  0x9C05, 0x8BC5, 0x8BE5, 0x8BE5, 0x8BA5, 0x8385, 0x8385, 0x83E5, 0x8425, 0x8C66, 0x8CC6, 0x8CA5,
  0x8C65, 0x8C86, 0x8C86, 0x8465, 0x8425, 0x8446, 0x8466, 0x8425, 0x8405, 0x8CA6, 0x8CE6, 0x8C65,
  0x8405, 0x8466, 0x8C86, 0x8C85, 0x8C45, 0x8426, 0x8425, 0x83E5, 0x83A5, 0x83A5, 0x8BC5, 0x93E5,
  0x93E5, 0x93A4, 0x8BA4, 0x8BA4, 0x93C5, 0x8BA4, 0x8364, 0x7B24, 0x49E2, 0x0000, 0x0020, 0x0000,
  0x0000, 0x0020, 0x0020, 0x0020, 0x2901, 0x6284, 0x6285, 0x5A24, 0x5A44, 0x5A44, 0x5A65, 0x5A45,
  0x5A44, 0x5A44, 0x5A44, 0x5A44, 0x5A65, 0x5A64, 0x5A65, 0x6265, 0x5A65, 0x5A65, 0x5A44, 0x5A44,
  0x5A24, 0x5A24, 0x5A24, 0x5A44, 0x6264, 0x5A44, 0x5A44, 0x5A44, 0x5A24, 0x5A24, 0x5A44, 0x6244,
  0x5A44, 0x5A24, 0x5A24, 0x5A24, 0x5A04, 0x5A04, 0x51E3, 0x51E3, 0x5A24, 0x3122, 0x0000, 0x0000,
  0x0000, 0x0000, 0x0000, 0x0000, 0x0000, 0x0000, 0x0000, 0x0000, 0x0000, 0x0000, 0x0000, 0x0000,
  0x0000, 0x0000, 0x0000, 0x0000, 0x0000, 0x0000, 0x0000, 0x0000, 0x0000, 0x0000, 0x0000, 0x0000,
  0x0000, 0x0000, 0x0000, 0x0000, 0x0000, 0x0000, 0x0000, 0x0000, 0x0000, 0x0000, 0x0000, 0x0000,
  0x0000, 0x0000, 0x0000, 0x0000, 0x0000, 0x0000, 0x0000, 0x0000, 0x0000, 0x0000, 0x0000, 0x0000,
  0x0000, 0x0000, 0x0000, 0x0000, 0x0000, 0x0000, 0x0000, 0x0000, 0x0000, 0x0000, 0x0000, 0x0000,
  0x0000, 0x0000, 0x0000, 0x0000, 0x0000, 0x0000, 0x0000, 0x0000, 0x0000, 0x0000, 0x0000, 0x0000,
  0x0000, 0x0000, 0x0000, 0x0000, 0x0000, 0x0000, 0x0000, 0x0000, 0x0000, 0x0000, 0x0000, 0x0000,
  0x0000, 0x0000, 0x0000, 0x0000, 0x0000, 0x0000, 0x0000, 0x0000, 0x0000, 0x0000, 0x0000, 0x0000,
  0x0000, 0x0000, 0x0000, 0x0000, 0x0000, 0x0000, 0x0000, 0x0000, 0x0000, 0x0000, 0x0000, 0x0000,
  0x0000, 0x0000, 0x0000, 0x0000, 0x0000, 0x0000, 0x0000, 0x0000, 0x0000, 0x0000, 0x0000, 0x0000,
  0x0000, 0x0000, 0x0000, 0x0000, 0x0000, 0x0000, 0x0000, 0x0000, 0x0000, 0x0000, 0x0000, 0x0000,
  0x0000, 0x0000, 0x0000, 0x0000, 0x0000, 0x0000, 0x0000, 0x0000, 0x0000, 0x0000, 0x0000, 0x0000,
  0x0000, 0x0000, 0x0000, 0x0000, 0x0000, 0x0000, 0x0000, 0x0000, 0x0000, 0x0000, 0x0000, 0x0000,
  0x0000, 0x0000, 0x0000, 0x0000, 0x0000, 0x0000, 0x0000, 0x0000, 0x0000, 0x0000, 0x0000, 0x0000,
  0x0000, 0x59E3, 0xE4E8, 0xD4A8, 0xDCC8, 0xDCE9, 0xDCC8, 0xE4E8, 0xE4E8, 0xE4E8, 0xE509, 0xE529,
  0xE509, 0xE4E8, 0xE4E8, 0xE509, 0xE509, 0xE509, 0xED2A, 0xED4A, 0xED6A, 0xED49, 0xED69, 0xF56A,
  0xF5AA, 0xFDAB, 0xF5AA, 0xF5AA, 0xFDAB, 0xFDCB, 0xFDEB, 0xFDEC, 0xFE0C, 0xFE0C, 0xFE2C, 0xFE4D,
  0xFE2C, 0xFE2C, 0xFE4C, 0xFE8D, 0xFE0C, 0x8346, 0x28E1, 0x0020, 0x0000, 0x0020, 0x0020, 0x0020,
  0x0000, 0x18C0, 0x9C05, 0x93C5, 0x8364, 0x8B84, 0x93A5, 0x93C5, 0x93E5, 0x93C5, 0x93C5, 0x93E5,
  0x9C06, 0x9406, 0x9406, 0x9406, 0x9426, 0x9426, 0x9446, 0x9446, 0x9446, 0x9486, 0x9466, 0x8C45,
  0x8C05, 0x9466, 0x9486, 0x9466, 0x8C25, 0x8C25, 0x9446, 0x9466, 0x8C46, 0x8C26, 0x9425, 0x9446,
  0x9446, 0x9425, 0x9426, 0x9426, 0x9405, 0x9406, 0x93E5, 0x8BC5, 0x8BA5, 0x8BA5, 0x8BA4, 0x8BA5,
  0x8BA5, 0x93C5, 0x8B84, 0x8B64, 0xAC45, 0x62A2, 0x0000, 0x0020, 0x0020, 0x0020, 0x0000, 0x0000,
  0x1080, 0x5A44, 0xDDAC, 0xFF0E, 0xFE6C, 0xFEAE, 0xFEAE, 0xFE6D, 0xFE4D, 0xFE4C, 0xFE4C, 0xFE2C,
  0xFE0C, 0xFE0C, 0xFE0C, 0xFDEB, 0xFDCB, 0xFDCB, 0xFDAB, 0xF58A, 0xF56A, 0xF56A, 0xF56A, 0xF58B,
  0xF5AB, 0xF58A, 0xF56A, 0xF56A, 0xED69, 0xED69, 0xED6A, 0xED4A, 0xED29, 0xED29, 0xED29, 0xED4A,
  0xE529, 0xE4E8, 0xE4C8, 0xDCA8, 0xED49, 0x82E5, 0x0000, 0x0000, 0x0000, 0x0000, 0x0000, 0x0000,
  0x0000, 0x0000, 0x0000, 0x0000, 0x0000, 0x0000, 0x0000, 0x0000, 0x0000, 0x0000, 0x0000, 0x0000,
  0x0000, 0x0000, 0x0000, 0x0000, 0x0000, 0x0000, 0x0000, 0x0000, 0x0000, 0x0000, 0x0000, 0x0000,
  0x0000, 0x0000, 0x0000, 0x0000, 0x0000, 0x0000, 0x0000, 0x0000, 0x0000, 0x0000, 0x0000, 0x0000,
  0x0000, 0x0000, 0x0000, 0x0000, 0x0000, 0x0000, 0x0000, 0x0000, 0x0000, 0x0000, 0x0000, 0x0000,
  0x0000, 0x0000, 0x0000, 0x0000, 0x0000, 0x0000, 0x0000, 0x0000, 0x0000, 0x0000, 0x0000, 0x0000,
  0x0000, 0x0000, 0x0000, 0x0000, 0x0000, 0x0000, 0x0000, 0x0000, 0x0000, 0x0000, 0x0000, 0x0000,
  0x0000, 0x0000, 0x0000, 0x0000, 0x0000, 0x0000, 0x0000, 0x0000, 0x0000, 0x0000, 0x0000, 0x0000,
  0x0000, 0x0000, 0x0000, 0x0000, 0x0000, 0x0000, 0x0000, 0x0000, 0x0000, 0x0000, 0x0000, 0x0000,
  0x0000, 0x0000, 0x0000, 0x0000, 0x0000, 0x0000, 0x0000, 0x0000, 0x0000, 0x0000, 0x0000, 0x0000,
  0x0000, 0x0000, 0x0000, 0x0000, 0x0000, 0x0000, 0x0000, 0x0000, 0x0000, 0x0000, 0x0000, 0x0000,
  0x0000, 0x0000, 0x0000, 0x0000, 0x0000, 0x0000, 0x0000, 0x0000, 0x0000, 0x0000, 0x0000, 0x0000,
  0x0000, 0x0000, 0x0000, 0x0000, 0x0000, 0x0000, 0x0000, 0x0000, 0x0000, 0x0000, 0x0000, 0x0000,
  0x0000, 0x0000, 0x0000, 0x0000, 0x0000, 0x0000, 0x0000, 0x0000, 0x0000, 0x0000, 0x0000, 0x0000,
  0x0000, 0x0000, 0x0000, 0x0000, 0x0000, 0x0000, 0x0000, 0x0000, 0x0000, 0x59E3, 0xD488, 0xC427,
  0xC447, 0xC427, 0xCC47, 0xCC47, 0xCC67, 0xCC67, 0xCC68, 0xD488, 0xD468, 0xCC68, 0xD468, 0xD488,
  0xD488, 0xD488, 0xD4A8, 0xD4A8, 0xDCC8, 0xDCA8, 0xDCC8, 0xDCC8, 0xE4E9, 0xE509, 0xE509, 0xE509,
  0xE509, 0xED2A, 0xED4A, 0xED4A, 0xED6A, 0xED8B, 0xF5AB, 0xF5AB, 0xF5AB, 0xF5CB, 0xFE2D, 0xE5AC,
  0x3122, 0x0000, 0x0000, 0x0000, 0x0000, 0x0000, 0x0000, 0x0020, 0x0000, 0x6AE3, 0xA425, 0x8364,
  0x8B84, 0x8B84, 0x8B84, 0x8BA5, 0x8B85, 0x8B85, 0x8BA5, 0x93C5, 0x93E5, 0x93E5, 0x93E5, 0x9405,
  0x9405, 0x9425, 0x9405, 0x8BE5, 0x8BE5, 0x8C06, 0x8C25, 0x8C05, 0x8C06, 0x9426, 0x9466, 0x9446,
  0x9426, 0x9405, 0x8C05, 0x8C05, 0x8C06, 0x8C06, 0x8C05, 0x8C05, 0x93E5, 0x93E5, 0x9405, 0x93E5,
  0x93E5, 0x93C5, 0x8BC5, 0x8BA5, 0x8BA5, 0x8B85, 0x8B84, 0x8B84, 0x93A5, 0x8BA4, 0x8B84, 0x8B64,
  0x8364, 0x9C04, 0x18C0, 0x0000, 0x0020, 0x0000, 0x0000, 0x0000, 0x0000, 0x0000, 0x0020, 0xA428,
  0xFE8D, 0xF60D, 0xF60D, 0xF5EC, 0xF5EC, 0xF5EC, 0xF5CC, 0xF5AB, 0xF58B, 0xED8B, 0xED6A, 0xED4A,
  0xED4A, 0xED2A, 0xE52A, 0xE509, 0xE509, 0xE4E9, 0xE4E9, 0xE509, 0xE509, 0xE509, 0xDCE9, 0xDCE9,
  0xDCE9, 0xDCE9, 0xDCC8, 0xDCC8, 0xDCA8, 0xDCA8, 0xDCA8, 0xD4A8, 0xD488, 0xD468, 0xCC68, 0xCC68,
  0xDCC9, 0x7AA4, 0x0000, 0x0000, 0x0000, 0x0000, 0x0000, 0x0000, 0x0000, 0x0000, 0x0000, 0x0000,
  0x0000, 0x0000, 0x0000, 0x0000, 0x0000, 0x0000, 0x0000, 0x0000, 0x0000, 0x0000, 0x0000, 0x0000,
  0x0000, 0x0000, 0x0000, 0x0000, 0x0000, 0x0000, 0x0000, 0x0000, 0x0000, 0x0000, 0x0000, 0x0000,
  0x0000, 0x0000, 0x0000, 0x0000, 0x0000, 0x0000, 0x0000, 0x0000, 0x0000, 0x0000, 0x0000, 0x0000,
  0x0000, 0x0000, 0x0000, 0x0000, 0x0000, 0x0000, 0x0000, 0x0000, 0x0000, 0x0000, 0x0000, 0x0000,
  0x0000, 0x0000, 0x0000, 0x0000, 0x0000, 0x0000, 0x0000, 0x0000, 0x0000, 0x0000, 0x0000, 0x0000,
  0x0000, 0x0000, 0x0000, 0x0000, 0x0000, 0x0000, 0x0000, 0x0000, 0x0000, 0x0000, 0x0000, 0x0000,
  0x0000, 0x0000, 0x0000, 0x0000, 0x0000, 0x0000, 0x0000, 0x0000, 0x0000, 0x0000, 0x0000, 0x0000,
  0x0000, 0x0000, 0x0000, 0x0000, 0x0000, 0x0000, 0x0000, 0x0000, 0x0000, 0x0000, 0x0000, 0x0000,
  0x0000, 0x0000, 0x0000, 0x0000, 0x0000, 0x0000, 0x0000, 0x0000, 0x0000, 0x0000, 0x0000, 0x0000,
  0x0000, 0x0000, 0x0000, 0x0000, 0x0000, 0x0000, 0x0000, 0x0000, 0x0000, 0x0000, 0x0000, 0x0000,
  0x0000, 0x0000, 0x0000, 0x0000, 0x0000, 0x0000, 0x0000, 0x0000, 0x0000, 0x0000, 0x0000, 0x0000,
  0x0000, 0x0000, 0x0000, 0x0000, 0x0000, 0x0000, 0x0000, 0x0000, 0x0000, 0x0000, 0x0000, 0x0000,
  0x0000, 0x0000, 0x0000, 0x0000, 0x0000, 0x0000, 0x0000, 0x0000, 0x0000, 0x0000, 0x0000, 0x0000,
  0x0000, 0x0000, 0x0000, 0x0000, 0x0000, 0x59E3, 0xDCA8, 0xCC47, 0xCC67, 0xCC47, 0xD467, 0xD487,
  0xD487, 0xD488, 0xD4A8, 0xD4A8, 0xD4A8, 0xD4A8, 0xD4A8, 0xD4A8, 0xDCA8, 0xDCC8, 0xDCC9, 0xDCE9,
  0xE4E9, 0xE4E9, 0xE4E9, 0xE509, 0xE529, 0xED4A, 0xED4A, 0xED4A, 0xED4A, 0xED6A, 0xED6A, 0xF58A,
  0xF5AB, 0xF5AB, 0xFDCC, 0xFDCB, 0xF5CB, 0xFDEC, 0xFE4E, 0x49C4, 0x0000, 0x0000, 0x0000, 0x3982,
  0x5A63, 0x6AC3, 0x72C3, 0x6AC3, 0x7304, 0x9BE5, 0x9C05, 0x93A4, 0x8B84, 0x8BA4, 0x93A4, 0x93A4,
  0x93A4, 0x8BA5, 0x8BA5, 0x93A5, 0x93C5, 0x93C5, 0x93C5, 0x93E5, 0x9405, 0x9405, 0x9405, 0x93E5,
  0x93E5, 0x9405, 0x9406, 0x9406, 0x9406, 0x9406, 0x9426, 0x9406, 0x93E5, 0x9405, 0x9405, 0x9405,
  0x9406, 0x9406, 0x9406, 0x9405, 0x93E5, 0x93C5, 0x93C5, 0x93C5, 0x8BA5, 0x8BC5, 0x93A5, 0x93C5,
  0x93C5, 0x93A5, 0x8BA4, 0x8BA4, 0x8BA4, 0x8B84, 0x8B64, 0x8B64, 0x8B84, 0x8BA4, 0x8343, 0x7303,
  0x7B24, 0x7303, 0x62A3, 0x5222, 0x20C1, 0x0000, 0x0000, 0x0020, 0xCD6C, 0xFEAF, 0xFE0C, 0xFE0C,
  0xFE0C, 0xFE2D, 0xFE0C, 0xF5CC, 0xF5CB, 0xF5CB, 0xF5AB, 0xF58A, 0xF56A, 0xED4A, 0xED4A, 0xED4A,
  0xED2A, 0xE529, 0xE529, 0xE529, 0xE529, 0xE529, 0xE509, 0xE509, 0xE509, 0xE509, 0xE509, 0xE4E9,
  0xE4E8, 0xE4E9, 0xDCE9, 0xDCE8, 0xDCC8, 0xD4A8, 0xD4A8, 0xD488, 0xE4E8, 0x7A84, 0x0000, 0x0000,
  0x0000, 0x0000, 0x0000, 0x0000, 0x0000, 0x0000, 0x0000, 0x0000, 0x0000, 0x0000, 0x0000, 0x0000,
  0x0000, 0x0000, 0x0000, 0x0000, 0x0000, 0x0000, 0x0000, 0x0000, 0x0000, 0x0000, 0x0000, 0x0000,
  0x0000, 0x0000, 0x0000, 0x0000, 0x0000, 0x0000, 0x0000, 0x0000, 0x0000, 0x0000, 0x0000, 0x0000,
  0x0000, 0x0000, 0x0000, 0x0000, 0x0000, 0x0000, 0x0000, 0x0000, 0x0000, 0x0000, 0x0000, 0x0000,
  0x0000, 0x0000, 0x0000, 0x0000, 0x0000, 0x0000, 0x0000, 0x0000, 0x0000, 0x0000, 0x0000, 0x0000,
  0x0000, 0x0000, 0x0000, 0x0000, 0x0000, 0x0000, 0x0000, 0x0000, 0x0000, 0x0000, 0x0000, 0x0000,
  0x0000, 0x0000, 0x0000, 0x0000, 0x0000, 0x0000, 0x0000, 0x0000, 0x0000, 0x0000, 0x0000, 0x0000,
  0x0000, 0x0000, 0x0000, 0x0000, 0x0000, 0x0000, 0x0000, 0x0000, 0x0000, 0x0000, 0x0000, 0x0000,
  0x0000, 0x0000, 0x0000, 0x0000, 0x0000, 0x0000, 0x0000, 0x0000, 0x0000, 0x0000, 0x0000, 0x0000,
  0x0000, 0x0000, 0x0000, 0x0000, 0x0000, 0x0000, 0x0000, 0x0000, 0x0000, 0x0000, 0x0000, 0x0000,
  0x0000, 0x0000, 0x0000, 0x0000, 0x0000, 0x0000, 0x0000, 0x0000, 0x0000, 0x0000, 0x0000, 0x0000,
  0x0000, 0x0000, 0x0000, 0x0000, 0x0000, 0x0000, 0x0000, 0x0000, 0x0000, 0x0000, 0x0000, 0x0000,
  0x0000, 0x0000, 0x0000, 0x0000, 0x0000, 0x0000, 0x0000, 0x0000, 0x0000, 0x0000, 0x0000, 0x0000,
  0x0000, 0x0000, 0x0000, 0x0000, 0x0000, 0x0000, 0x0000, 0x0000, 0x0000, 0x0000, 0x0000, 0x0000,
  0x0000, 0x59E3, 0xDCA7, 0xCC47, 0xCC46, 0xD467, 0xD4A8, 0xD4A8, 0xD4A8, 0xD4A8, 0xDCC8, 0xDCC8,
  0xDCC8, 0xDCA8, 0xDCA8, 0xDCA8, 0xDCC8, 0xDCE9, 0xE4E9, 0xE509, 0xE509, 0xE509, 0xE509, 0xE509,
  0xED29, 0xED4A, 0xED4A, 0xED6A, 0xED6A, 0xED8A, 0xED8A, 0xF5AB, 0xF5CB, 0xF5CC, 0xF5EC, 0xF5EC,
  0xF5AB, 0xFE0C, 0xABE7, 0x0000, 0x0020, 0x1080, 0x8BC5, 0xAC45, 0x93A4, 0x8B64, 0x8B64, 0x8B64,
  0x8B84, 0x93C5, 0x93C5, 0x93A4, 0x8B84, 0x8B84, 0x93A4, 0x93A4, 0x93A4, 0x93A4, 0x8BA4, 0x93C5,
  0x9BE5, 0x93C5, 0x93C5, 0x93C5, 0x93C5, 0x93C5, 0x93E5, 0x93E5, 0x93E5, 0x9405, 0x9C06, 0x9406,
  0x9406, 0x9406, 0x9406, 0x9406, 0x93E5, 0x9405, 0x9405, 0x93E5, 0x93E6, 0x93E6, 0x93E6, 0x93E5,
  0x93E5, 0x93C5, 0x93C5, 0x93C5, 0x93C5, 0x93C5, 0x93C5, 0x93C5, 0x93C5, 0x93A5, 0x8BA5, 0x8BA4,
  0x8BA4, 0x8B84, 0x8B64, 0x8B64, 0x93A4, 0x8B84, 0x93A4, 0x93A4, 0x9BE5, 0x9BA4, 0x8B64, 0x9384,
  0xAC65, 0x4A02, 0x0000, 0x0000, 0x4A04, 0xFEAF, 0xF60C, 0xFE0C, 0xFE2D, 0xFE2D, 0xFE2D, 0xF5EC,
  0xF5EC, 0xF5CB, 0xF5AB, 0xF5AB, 0xF58B, 0xED6A, 0xED6A, 0xED4A, 0xED4A, 0xED4A, 0xED29, 0xED29,
  0xE529, 0xE529, 0xE529, 0xE509, 0xE509, 0xE529, 0xE509, 0xE509, 0xE509, 0xE509, 0xE4E9, 0xDCE9,
  0xDCE8, 0xDCC8, 0xDCA8, 0xCC67, 0xDCC8, 0x7A84, 0x0000, 0x0000, 0x0000, 0x0000, 0x0000, 0x0000,
  0x0000, 0x0000, 0x0000, 0x0000, 0x0000, 0x0000, 0x0000, 0x0000, 0x0000, 0x0000, 0x0000, 0x0000,
  0x0000, 0x0000, 0x0000, 0x0000, 0x0000, 0x0000, 0x0000, 0x0000, 0x0000, 0x0000, 0x0000, 0x0000,
  0x0000, 0x0000, 0x0000, 0x0000, 0x0000, 0x0000, 0x0000, 0x0000, 0x0000, 0x0000, 0x0000, 0x0000,
  0x0000, 0x0000, 0x0000, 0x0000, 0x0000, 0x0000, 0x0000, 0x0000, 0x0000, 0x0000, 0x0000, 0x0000,
  0x0000, 0x0000, 0x0000, 0x0000, 0x0000, 0x0000, 0x0000, 0x0000, 0x0000, 0x0000, 0x0000, 0x0000,
  0x0000, 0x0000, 0x0000, 0x0000, 0x0000, 0x0000, 0x0000, 0x0000, 0x0000, 0x0000, 0x0000, 0x0000,
  0x0000, 0x0000, 0x0000, 0x0000, 0x0000, 0x0000, 0x0000, 0x0000, 0x0000, 0x0000, 0x0000, 0x0000,
  0x0000, 0x0000, 0x0000, 0x0000, 0x0000, 0x0000, 0x0000, 0x0000, 0x0000, 0x0000, 0x0000, 0x0000,
  0x0000, 0x0000, 0x0000, 0x0000, 0x0000, 0x0000, 0x0000, 0x0000, 0x0000, 0x0000, 0x0000, 0x0000,
  0x0000, 0x0000, 0x0000, 0x0000, 0x0000, 0x0000, 0x0000, 0x0000, 0x0000, 0x0000, 0x0000, 0x0000,
  0x0000, 0x0000, 0x0000, 0x0000, 0x0000, 0x0000, 0x0000, 0x0000, 0x0000, 0x0000, 0x0000, 0x0000,
  0x0000, 0x0000, 0x0000, 0x0000, 0x0000, 0x0000, 0x0000, 0x0000, 0x0000, 0x0000, 0x0000, 0x0000,
  0x0000, 0x0000, 0x0000, 0x0000, 0x0000, 0x0000, 0x0000, 0x0000, 0x0000, 0x0000, 0x0000, 0x0000,
  0x0000, 0x0000, 0x0000, 0x0000, 0x0000, 0x0000, 0x0000, 0x0000, 0x0000, 0x1040, 0x28C1, 0x20C1,
  0x20C1, 0x20C1, 0x28E1, 0x28E1, 0x28C1, 0x28E1, 0x28E1, 0x28E1, 0x28E1, 0x28E1, 0x28E1, 0x28E1,
  0x28E1, 0x28E1, 0x28E1, 0x28E1, 0x28E1, 0x28E1, 0x28E1, 0x28E1, 0x28E1, 0x28E1, 0x2902, 0x2902,
  0x2902, 0x2902, 0x2902, 0x2902, 0x2902, 0x2902, 0x2902, 0x2902, 0x2902, 0x2902, 0x1060, 0x0000,
  0x0020, 0x8BA5, 0xAC45, 0x8323, 0x8323, 0x8323, 0x7B23, 0x8323, 0x8344, 0x93A4, 0x93A4, 0x8BA4,
  0x8B84, 0x8B84, 0x8B84, 0x93A5, 0x93A4, 0x93A5, 0x93C5, 0x9BE5, 0x9BC5, 0x93C5, 0x93C5, 0x93C5,
  0x93C5, 0x93C5, 0x93E5, 0x93E5, 0x9BE5, 0x9C06, 0x9405, 0x93E5, 0x9C06, 0x93E6, 0x9406, 0x93E6,
  0x9C06, 0x9C06, 0x93E6, 0x93C5, 0x93C5, 0x93C5, 0x93C5, 0x93E5, 0x93C5, 0x93C5, 0x93E5, 0x9BE5,
  0x93E5, 0x93E5, 0x93C5, 0x93A5, 0x93A5, 0x8BA5, 0x8B84, 0x8B84, 0x93A4, 0x93A4, 0x9384, 0x93A4,
  0x93A4, 0x93A4, 0x8B64, 0x8344, 0x8323, 0x8323, 0x7B03, 0x7B03, 0x8B63, 0xAC65, 0x3141, 0x0000,
  0x0820, 0x2902, 0x2922, 0x2922, 0x2922, 0x2922, 0x2922, 0x2922, 0x2922, 0x2902, 0x2902, 0x2902,
  0x2902, 0x2902, 0x2902, 0x2902, 0x2901, 0x2902, 0x28E2, 0x28E1, 0x28E1, 0x28E1, 0x28E1, 0x28E1,
  0x28E1, 0x28E1, 0x28E1, 0x28E1, 0x28E1, 0x28E1, 0x28E1, 0x28E1, 0x28E1, 0x28E1, 0x28E1, 0x20C1,
  0x28C1, 0x1860, 0x0000, 0x0000, 0x0000, 0x0000, 0x0000, 0x0000, 0x0000, 0x0000, 0x0000, 0x0000,
  0x0000, 0x0000, 0x0000, 0x0000, 0x0000, 0x0000, 0x0000, 0x0000, 0x0000, 0x0000, 0x0000, 0x0000,
  0x0000, 0x0000, 0x0000, 0x0000, 0x0000, 0x0000, 0x0000, 0x0000, 0x0000, 0x0000, 0x0000, 0x0000,
  0x0000, 0x0000, 0x0000, 0x0000, 0x0000, 0x0000, 0x0000, 0x0000, 0x0000, 0x0000, 0x0000, 0x0000,
  0x0000, 0x0000, 0x0000, 0x0000, 0x0000, 0x0000, 0x0000, 0x0000, 0x0000, 0x0000, 0x0000, 0x0000,
  0x0000, 0x0000, 0x0000, 0x0000, 0x0000, 0x0000, 0x0000, 0x0000, 0x0000, 0x0000, 0x0000, 0x0000,
  0x0000, 0x0000, 0x0000, 0x0000, 0x0000, 0x0000, 0x0000, 0x0000, 0x0000, 0x0000, 0x0000, 0x0000,
  0x0000, 0x0000, 0x0000, 0x0000, 0x0000, 0x0000, 0x0000, 0x0000, 0x0000, 0x0000, 0x0000, 0x0000,
  0x0000, 0x0000, 0x0000, 0x0000, 0x0000, 0x0000, 0x0000, 0x0000, 0x0000, 0x0000, 0x0000, 0x0000,
  0x0000, 0x0000, 0x0000, 0x0000, 0x0000, 0x0000, 0x0000, 0x0000, 0x0000, 0x0000, 0x0000, 0x0000,
  0x0000, 0x0000, 0x0000, 0x0000, 0x0000, 0x0000, 0x0000, 0x0000, 0x0000, 0x0000, 0x0000, 0x0000,
  0x0000, 0x0000, 0x0000, 0x0000, 0x0000, 0x0000, 0x0000, 0x0000, 0x0000, 0x0000, 0x0000, 0x0000,
  0x0000, 0x0000, 0x0000, 0x0000, 0x0000, 0x0000, 0x0000, 0x0000, 0x0000, 0x0000, 0x0000, 0x0000,
  0x0000, 0x0000, 0x0000, 0x0000, 0x0000, 0x0000, 0x0000, 0x0000, 0x0000, 0x0000, 0x0000, 0x0000,
  0x0000, 0x0000, 0x0000, 0x0000, 0x0000, 0x0000, 0x0000, 0x0000, 0x0000, 0x0000, 0x0000, 0x0000,
  0x0000, 0x0000, 0x0000, 0x0000, 0x0000, 0x0000, 0x0000, 0x0000, 0x0000, 0x0000, 0x0000, 0x0000,
  0x0000, 0x0000, 0x0000, 0x0000, 0x0000, 0x0000, 0x0000, 0x0000, 0x0000, 0x0000, 0x0000, 0x0000,
  0x0000, 0x0000, 0x0000, 0x0000, 0x0000, 0x0000, 0x0000, 0x0000, 0x2921, 0x9BC5, 0x7B23, 0x8344,
  0x8323, 0x8323, 0x8344, 0x8364, 0x8B64, 0x93A4, 0x8BA4, 0x8B84, 0x8B84, 0x8B84, 0x93A4, 0x93A5,
  0x93A5, 0x9384, 0x93A4, 0x93C5, 0x93A5, 0x93A5, 0x93C5, 0x93C5, 0x9BE5, 0x9BE5, 0x9BE5, 0x93E5,
  0x93C5, 0x93C5, 0x93C5, 0x93C5, 0x93E5, 0x9BE6, 0x9C06, 0x93E6, 0x93E6, 0x93E5, 0x93C5, 0x93C5,
  0x93C5, 0x93C5, 0x93A5, 0x93C5, 0x93C5, 0x93C5, 0x93C5, 0x93E5, 0x93E5, 0x93C5, 0x93C5, 0x93A5,
  0x8BA5, 0x8B84, 0x8B84, 0x8B84, 0x93A4, 0x9384, 0x93A4, 0x93A4, 0x8B84, 0x8B84, 0x8B64, 0x8B44,
  0x8343, 0x8343, 0x8323, 0x8343, 0x8343, 0x8B83, 0x72E3, 0x0000, 0x0000, 0x0000, 0x0000, 0x0000,
  0x0000, 0x0000, 0x0000, 0x0000, 0x0000, 0x0000, 0x0000, 0x0000, 0x0000, 0x0000, 0x0000, 0x0000,
  0x0000, 0x0000, 0x0000, 0x0000, 0x0000, 0x0000, 0x0000, 0x0000, 0x0000, 0x0000, 0x0000, 0x0000,
  0x0000, 0x0000, 0x0000, 0x0000, 0x0000, 0x0000, 0x0000, 0x0000, 0x0000, 0x0000, 0x0000, 0x0000,
  0x0000, 0x0000, 0x0000, 0x0000, 0x0000, 0x0000, 0x0000, 0x0000, 0x0000, 0x0000, 0x0000, 0x0000,
  0x0000, 0x0000, 0x0000, 0x0000, 0x0000, 0x0000, 0x0000, 0x0000, 0x0000, 0x0000, 0x0000, 0x0000,
  0x0000, 0x0000, 0x0000, 0x0000, 0x0000, 0x0000, 0x0000, 0x0000, 0x0000, 0x0000, 0x0000, 0x0000,
  0x0000, 0x0000, 0x0000, 0x0000, 0x0000, 0x0000, 0x0000, 0x0000, 0x0000, 0x0000, 0x0000, 0x0000,
  0x0000, 0x0000, 0x0000, 0x0000, 0x0000, 0x0000, 0x0000, 0x0000, 0x0000, 0x0000, 0x0000, 0x0000,
  0x0000, 0x0000, 0x0000, 0x0000, 0x0000, 0x0000, 0x0000, 0x0000, 0x0000, 0x0000, 0x0000, 0x0000,
  0x0000, 0x0000, 0x0000, 0x0000, 0x0000, 0x0000, 0x0000, 0x0000, 0x0000, 0x0000, 0x0000, 0x0000,
  0x0000, 0x0000, 0x0000, 0x0000, 0x0000, 0x0000, 0x0000, 0x0000, 0x0000, 0x0000, 0x0000, 0x0000,
  0x0000, 0x0000, 0x0000, 0x0000, 0x0000, 0x0000, 0x0000, 0x0000, 0x0000, 0x0000, 0x0000, 0x0000,
  0x0000, 0x0000, 0x0000, 0x0000, 0x0000, 0x0000, 0x0000, 0x0000, 0x0000, 0x0000, 0x0000, 0x0000,
  0x0000, 0x0000, 0x0000, 0x0000, 0x0000, 0x0000, 0x0000, 0x0000, 0x0000, 0x0000, 0x0000, 0x0000,
  0x0000, 0x0000, 0x0000, 0x0000, 0x0000, 0x0000, 0x0000, 0x0000, 0x0000, 0x0000, 0x0000, 0x0000,
  0x0000, 0x0000, 0x0000, 0x0000, 0x0000, 0x0000, 0x0000, 0x0000, 0x0000, 0x0000, 0x0000, 0x0000,
  0x0000, 0x0000, 0x0000, 0x0000, 0x0000, 0x0000, 0x0000, 0x0000, 0x0000, 0x0000, 0x0000, 0x0000,
  0x0000, 0x0000, 0x0000, 0x0000, 0x0000, 0x0000, 0x0000, 0x0000, 0x0000, 0x0000, 0x0000, 0x0000,
  0x0000, 0x0000, 0x0000, 0x0000, 0x0000, 0x0000, 0x0000, 0x0000, 0x0000, 0x0000, 0x0000, 0x0000,
  0x0000, 0x0000, 0x0000, 0x0000, 0x0000, 0x0000, 0x0000, 0x0000, 0x0000, 0x0000, 0x0000, 0x0000,
  0x0000, 0x0000, 0x0000, 0x0000, 0x3961, 0x8323, 0x8323, 0x8344, 0x8B64, 0x8B64, 0x8B84, 0x8B84,
  0x9384, 0x93A4, 0x93A4, 0x93A4, 0x93C4, 0x9BC4, 0x9BE5, 0x9BC5, 0x93C5, 0x93A4, 0x9384, 0x93A5,
  0x93C5, 0x93C5, 0x9BE5, 0xA406, 0xA426, 0xA426, 0xA406, 0x9BE5, 0x9BE5, 0x93C5, 0x9BE5, 0x9BE5,
  0x9C05, 0x9C06, 0xA426, 0xA426, 0x9C06, 0x9BE5, 0x9BE5, 0x9C05, 0x9C05, 0x9BE5, 0x9BE5, 0x9BE5,
  0x9BE5, 0x9BE5, 0x9BE5, 0x9BE5, 0x9BE5, 0x9BE5, 0x9BE5, 0x9BE5, 0x93C5, 0x93C5, 0x93C4, 0x93C4,
  0x93C4, 0x93C4, 0x93A4, 0x93A4, 0x9384, 0x8B84, 0x8B64, 0x8B64, 0x8B84, 0x8B84, 0x8B43, 0x8343,
  0x8323, 0x72E3, 0x72E3, 0x0820, 0x0000, 0x0000, 0x0000, 0x0000, 0x0000, 0x0000, 0x0000, 0x0000,
  0x0000, 0x0000, 0x0000, 0x0000, 0x0000, 0x0000, 0x0000, 0x0000, 0x0000, 0x0000, 0x0000, 0x0000,
  0x0000, 0x0000, 0x0000, 0x0000, 0x0000, 0x0000, 0x0000, 0x0000, 0x0000, 0x0000, 0x0000, 0x0000,
  0x0000, 0x0000, 0x0000, 0x0000, 0x0000, 0x0000, 0x0000, 0x0000, 0x0000, 0x0000, 0x0000, 0x0000,
  0x0000, 0x0000, 0x0000, 0x0000, 0x0000, 0x0000, 0x0000, 0x0000, 0x0000, 0x0000, 0x0000, 0x0000,
  0x0000, 0x0000, 0x0000, 0x0000, 0x0000, 0x0000, 0x0000, 0x0000, 0x0000, 0x0000, 0x0000, 0x0000,
  0x0000, 0x0000, 0x0000, 0x0000, 0x0000, 0x0000, 0x0000, 0x0000, 0x0000, 0x0000, 0x0000, 0x0000,
  0x0000, 0x0000, 0x0000, 0x0000, 0x0000, 0x0000, 0x0000, 0x0000, 0x0000, 0x0000, 0x0000, 0x0000,
  0x0000, 0x0000, 0x0000, 0x0000, 0x0000, 0x0000, 0x0000, 0x0000, 0x0000, 0x0000, 0x0000, 0x0000,
  0x0000, 0x0000, 0x0000, 0x0000, 0x0000, 0x0000, 0x0000, 0x0000, 0x0000, 0x0000, 0x0000, 0x0000,
  0x0000, 0x0000, 0x0000, 0x0000, 0x0000, 0x0000, 0x0000, 0x0000, 0x0000, 0x0000, 0x0000, 0x0000,
  0x0000, 0x0000, 0x0000, 0x0000, 0x0000, 0x0000, 0x0000, 0x0000, 0x0000, 0x0000, 0x0000, 0x0000,
  0x0000, 0x0000, 0x0000, 0x0000, 0x0000, 0x0000, 0x0000, 0x0000, 0x0000, 0x0000, 0x0000, 0x0000,
  0x0000, 0x0000, 0x0000, 0x0000, 0x0000, 0x0000, 0x0000, 0x0000, 0x0000, 0x0000, 0x0000, 0x0000,
  0x0000, 0x0000, 0x0000, 0x0000, 0x0000, 0x0000, 0x0000, 0x0000, 0x0000, 0x0000, 0x0000, 0x0000,
  0x0000, 0x0000, 0x0000, 0x0000, 0x0000, 0x0000, 0x0000, 0x0000, 0x0000, 0x0000, 0x0000, 0x0000,
  0x0000, 0x0000, 0x0000, 0x0000, 0x0000, 0x0000, 0x0000, 0x0000, 0x0000, 0x0000, 0x0000, 0x0000,
  0x0000, 0x0000, 0x0000, 0x0000, 0x0000, 0x0000, 0x0000, 0x0000, 0x0000, 0x0000, 0x0000, 0x0000,
  0x0000, 0x0000, 0x0000, 0x0000, 0x0000, 0x0000, 0x0000, 0x0000, 0x0000, 0x0000, 0x0000, 0x0000,
  0x0000, 0x0000, 0x0000, 0x0000, 0x0000, 0x0000, 0x0000, 0x0000, 0x0000, 0x0000, 0x0000, 0x0000,
  0x0000, 0x0000, 0x0000, 0x0000, 0x0000, 0x0000, 0x0000, 0x0000, 0x0000, 0x0000, 0x0000, 0x0000,
  0x3141, 0x7AE3, 0x72C3, 0x72E3, 0x7AE3, 0x7B03, 0x7B04, 0x72E4, 0x7B03, 0x7B03, 0x7B03, 0x8344,
  0x8344, 0x8364, 0x8B64, 0x8344, 0x7B04, 0x7B04, 0x7B04, 0x7B24, 0x8344, 0x8344, 0x8364, 0x8B65,
  0x8B85, 0x8365, 0x8344, 0x8344, 0x8344, 0x8344, 0x8344, 0x8364, 0x8B85, 0x8B85, 0x8B85, 0x8B65,
  0x8365, 0x8344, 0x8364, 0x8B64, 0x8B65, 0x8365, 0x8344, 0x8344, 0x8344, 0x8344, 0x8344, 0x8344,
  0x8344, 0x8344, 0x8344, 0x8344, 0x8344, 0x8344, 0x8344, 0x8344, 0x8344, 0x8344, 0x7B23, 0x7B03,
  0x7B03, 0x7AE3, 0x7B03, 0x7B03, 0x7B03, 0x7B03, 0x72E3, 0x72C3, 0x6282, 0x6282, 0x6AA2, 0x0840,
  0x0000, 0x0000, 0x0000, 0x0000, 0x0000, 0x0000, 0x0000, 0x0000, 0x0000, 0x0000, 0x0000, 0x0000,
  0x0000, 0x0000, 0x0000, 0x0000, 0x0000, 0x0000, 0x0000, 0x0000, 0x0000, 0x0000, 0x0000, 0x0000,
  0x0000, 0x0000, 0x0000, 0x0000, 0x0000, 0x0000, 0x0000, 0x0000, 0x0000, 0x0000, 0x0000, 0x0000,
  0x0000, 0x0000, 0x0000, 0x0000, 0x0000, 0x0000, 0x0000, 0x0000, 0x0000, 0x0000, 0x0000, 0x0000,
  0x0000, 0x0000, 0x0000, 0x0000, 0x0000, 0x0000, 0x0000, 0x0000, 0x0000, 0x0000, 0x0000, 0x0000,
  0x0000, 0x0000, 0x0000, 0x0000, 0x0000, 0x0000, 0x0000, 0x0000, 0x0000, 0x0000, 0x0000, 0x0000,
  0x0000, 0x0000, 0x0000, 0x0000, 0x0000, 0x0000, 0x0000, 0x0000, 0x0000, 0x0000, 0x0000, 0x0000,
  0x0000, 0x0000, 0x0000, 0x0000, 0x0000, 0x0000, 0x0000, 0x0000, 0x0000, 0x0000, 0x0000, 0x0000,
  0x0000, 0x0000, 0x0000, 0x0000, 0x0000, 0x0000, 0x0000, 0x0000, 0x0000, 0x0000, 0x0000, 0x0000,
  0x0000, 0x0000, 0x0000, 0x0000, 0x0000, 0x0000, 0x0000, 0x0000, 0x0000, 0x0000, 0x0000, 0x0000,
  0x0000, 0x0000, 0x0000, 0x0000, 0x0000, 0x0000, 0x0000, 0x0000, 0x0000, 0x0000, 0x0000, 0x0000,
  0x0000, 0x0000, 0x0000, 0x0000, 0x0000, 0x0000, 0x0000, 0x0000, 0x0000, 0x0000, 0x0000, 0x0000,
  0x0000, 0x0000, 0x0000, 0x0000, 0x0000, 0x0000, 0x0000, 0x0000, 0x0000, 0x0000, 0x0000, 0x0000,
  0x0000, 0x0000, 0x0000, 0x0000, 0x0000, 0x0000, 0x0000, 0x0000, 0x0000, 0x0000, 0x0000, 0x0000,
  0x0000, 0x0000, 0x0000, 0x0000, 0x0000, 0x0000, 0x0000, 0x0000, 0x0000, 0x0000, 0x0000, 0x0000,
  0x0000, 0x0000, 0x0000, 0x0020, 0x0000, 0x0000, 0x0000, 0x0000, 0x0000, 0x0000, 0x0000, 0x0000,
  0x0000, 0x0000, 0x0000, 0x0000, 0x0000, 0x0000, 0x0000, 0x0000, 0x0000, 0x0000, 0x0000, 0x0000,
  0x0000, 0x0000, 0x0000, 0x0000, 0x0000, 0x0000, 0x0000, 0x0000, 0x0000, 0x0000, 0x0000, 0x0000,
  0x0000, 0x0000, 0x0000, 0x0000, 0x0000, 0x0000, 0x0000, 0x0000, 0x0000, 0x0000, 0x0000, 0x0000,
  0x0000, 0x0000, 0x0000, 0x0000, 0x0000, 0x0000, 0x0000, 0x0000, 0x0000, 0x0000, 0x0000, 0x0000,
  0x0000, 0x0000, 0x0000, 0x0000, 0x0000, 0x0000, 0x0000, 0x0000, 0x0020, 0x0820, 0x0020, 0x0020,
  0x0020, 0x0020, 0x0020, 0x0020, 0x0020, 0x0020, 0x0020, 0x0020, 0x0020, 0x0020, 0x0020, 0x0020,
  0x0020, 0x0020, 0x0020, 0x0020, 0x0020, 0x0020, 0x0020, 0x0020, 0x0020, 0x0020, 0x0020, 0x0020,
  0x0020, 0x0020, 0x0020, 0x0020, 0x0020, 0x0020, 0x0020, 0x0020, 0x0020, 0x0020, 0x0020, 0x0020,
  0x0020, 0x0020, 0x0020, 0x0020, 0x0020, 0x0020, 0x0020, 0x0020, 0x0020, 0x0020, 0x0020, 0x0020,
  0x0020, 0x0020, 0x0020, 0x0020, 0x0020, 0x0020, 0x0020, 0x0020, 0x0020, 0x0020, 0x0020, 0x0020,
  0x0020, 0x0020, 0x0020, 0x0020, 0x0020, 0x0020, 0x0020, 0x0000, 0x0000, 0x0000, 0x0000, 0x0000,
  0x0000, 0x0000, 0x0000, 0x0000, 0x0000, 0x0000, 0x0000, 0x0000, 0x0000, 0x0000, 0x0000, 0x0000,
  0x0000, 0x0000, 0x0000, 0x0000, 0x0000, 0x0000, 0x0000, 0x0000, 0x0000, 0x0000, 0x0000, 0x0000,
  0x0000, 0x0000, 0x0000, 0x0000, 0x0000, 0x0000, 0x0000, 0x0000, 0x0000, 0x0000, 0x0000, 0x0000,
  0x0000, 0x0000, 0x0000, 0x0000, 0x0000, 0x0000, 0x0000, 0x0000, 0x0000, 0x0000, 0x0000, 0x0000,
  0x0000, 0x0000, 0x0000, 0x0000, 0x0000, 0x0000, 0x0000, 0x0000, 0x0000, 0x0000, 0x0000, 0x0000,
  0x0000, 0x0000, 0x0000, 0x0000, 0x0000, 0x0000, 0x0000, 0x0000, 0x0000, 0x0000, 0x0000, 0x0000,
  0x0000, 0x0000, 0x0000, 0x0000, 0x0000, 0x0000, 0x0000, 0x0000, 0x0000, 0x0000, 0x0000, 0x0000,
  0x0000, 0x0000, 0x0000, 0x0000, 0x0000, 0x0000, 0x0000, 0x0000, 0x0000, 0x0000, 0x0000, 0x0000,
  0x0000, 0x0000, 0x0000, 0x0000, 0x0000, 0x0000, 0x0000, 0x0000, 0x0000, 0x0000, 0x0000, 0x0000,
  0x0000, 0x0000, 0x0000, 0x0000, 0x0000, 0x0000, 0x0000, 0x0000, 0x0000, 0x0000, 0x0000, 0x0000,
  0x0000, 0x0000, 0x0000, 0x0000, 0x0000, 0x0000, 0x0000, 0x0000, 0x0000, 0x0000, 0x0000, 0x0000,
  0x0000, 0x0000, 0x0000, 0x0000, 0x0000, 0x0000, 0x0000, 0x0000, 0x0000, 0x0000, 0x0000, 0x0000,
  0x0000, 0x0000, 0x0000, 0x0000, 0x0000, 0x0000, 0x0000, 0x0000, 0x0000, 0x0000, 0x0020, 0x0000,
  0x0000, 0x0000, 0x0000, 0x0000, 0x0000, 0x0000, 0x0000, 0x0000, 0x0000, 0x0000, 0x0000, 0x0000,
  0x0000, 0x0000, 0x0000, 0x0000, 0x0000, 0x0000, 0x0020, 0x0020, 0x0020, 0x0020, 0x0020, 0x0020,
  0x0020, 0x0020, 0x0020, 0x0020, 0x0020, 0x0020, 0x0020, 0x0020, 0x0020, 0x0020, 0x0000, 0x0000,
  0x0000, 0x0000, 0x0000, 0x0000, 0x0000, 0x0000, 0x0000, 0x0020, 0x0020, 0x0020, 0x0000, 0x0020,
  0x0000, 0x0000, 0x0000, 0x0000, 0x0000, 0x0000, 0x0000, 0x0000, 0x0000, 0x0000, 0x0000, 0x0000,
  0x0000, 0x0000, 0x0000, 0x0000, 0x0000, 0x0000, 0x0000, 0x0000, 0x0000, 0x0000, 0x0000, 0x0000,
  0x0000, 0x0000, 0x0000, 0x0000, 0x0000, 0x0000, 0x0000, 0x0000, 0x0000, 0x0000, 0x0000, 0x0000,
  0x0020, 0x0000, 0x0000, 0x0000, 0x0000, 0x0000, 0x0000, 0x0000, 0x0000, 0x0000, 0x0000, 0x0000,
  0x0000, 0x0000, 0x0000, 0x0000, 0x0000, 0x0000, 0x0000, 0x0000, 0x0000, 0x0000, 0x0000, 0x0000,
  0x0000, 0x0000, 0x0000, 0x0000, 0x0000, 0x0000, 0x0000, 0x0000, 0x0020, 0x0020, 0x0020, 0x0020,
  0x0000, 0x0000, 0x0000, 0x0000, 0x0000, 0x0000, 0x0000, 0x0000, 0x0000, 0x0000, 0x0000, 0x0000,
  0x0000, 0x0000, 0x0000, 0x0000, 0x0000, 0x0000, 0x0000, 0x0020, 0x0020, 0x0020, 0x0020, 0x0020,
  0x0020, 0x0020, 0x0020, 0x0020, 0x0020, 0x0020, 0x0020, 0x0000, 0x0000, 0x0000, 0x0000, 0x0000,
  0x0000, 0x0000, 0x0000, 0x0000, 0x0000, 0x0000, 0x0000, 0x0000, 0x0000, 0x0000, 0x0000, 0x0000,
  0x0000, 0x0000, 0x0000, 0x0000, 0x0000, 0x0000, 0x0000, 0x0000, 0x0000, 0x0000, 0x0000, 0x0000,
  0x0000, 0x0000, 0x0000, 0x0000, 0x0000, 0x0000, 0x0000, 0x0000, 0x0020, 0x0020, 0x0020, 0x0020,
  0x0020, 0x0020, 0x0020, 0x0020, 0x0020, 0x0020, 0x0000, 0x0000, 0x0000, 0x0000, 0x0000, 0x0000,
  0x0020, 0x0020, 0x0020, 0x0020, 0x0020, 0x0020, 0x0020, 0x0000, 0x0000, 0x0000, 0x0000, 0x0000,
  0x0000, 0x0000, 0x0000, 0x0020, 0x0020, 0x0020, 0x0000, 0x0000, 0x0000, 0x0000, 0x0000, 0x0000,
  0x0000, 0x0000, 0x0000, 0x0000, 0x0000, 0x0000, 0x0000, 0x0000, 0x0000, 0x0000, 0x0020, 0x0020,
  0x0020, 0x0020, 0x0020, 0x0020, 0x0000, 0x0020, 0x0000, 0x0020, 0x0000, 0x0000, 0x0000, 0x0000,
  0x0000, 0x0000, 0x0000, 0x0000, 0x0000, 0x0000, 0x0000, 0x0000, 0x0000, 0x0000, 0x0000, 0x0000,
  0x0000, 0x0000, 0x0000, 0x0000, 0x0000, 0x0000, 0x0000, 0x0000, 0x0000, 0x0000, 0x0000, 0x0000,
  0x0000, 0x0000, 0x0000, 0x0000, 0x0000, 0x0000, 0x0000, 0x0000, 0x0000, 0x0000, 0x0000, 0x0000,
  0x0000, 0x0000, 0x0000, 0x0000, 0x0000, 0x0000, 0x0000, 0x0000, 0x0000, 0x0000, 0x0000, 0x0000,
  0x0000, 0x0000, 0x0000, 0x0000, 0x0000, 0x0000, 0x0000, 0x0000, 0x0000, 0x0000, 0x0000, 0x0000,
  0x0000, 0x0000, 0x0020, 0x0020, 0x0020, 0x0020, 0x0020, 0x0020, 0x0020, 0x0020, 0x0020, 0x0020,
  0x0020, 0x0000, 0x0000, 0x0000, 0x0000, 0x0000, 0x0000, 0x0000, 0x0000, 0x0000, 0x0000, 0x0000,
  0x0000, 0x0020, 0x0020, 0x0020, 0x0020, 0x0020, 0x0020, 0x0040, 0x0040, 0x0040, 0x0040, 0x0040,
  0x0040, 0x0040, 0x0040, 0x0040, 0x0020, 0x0020, 0x0020, 0x0020, 0x0020, 0x0020, 0x0020, 0x0020,
  0x0020, 0x0020, 0x0020, 0x0020, 0x0020, 0x0020, 0x0020, 0x0020, 0x0020, 0x0020, 0x0020, 0x0020,
  0x0020, 0x0020, 0x0020, 0x0020, 0x0020, 0x0020, 0x0020, 0x0020, 0x0020, 0x0020, 0x0020, 0x0020,
  0x0000, 0x0000, 0x0000, 0x0000, 0x0000, 0x0000, 0x0000, 0x0000, 0x0000, 0x0000, 0x0000, 0x0000,
  0x0000, 0x0000, 0x0020, 0x0020, 0x0020, 0x0020, 0x0020, 0x0020, 0x0020, 0x0020, 0x0020, 0x0020,
  0x0000, 0x0000, 0x0000, 0x0000, 0x0020, 0x0020, 0x0020, 0x0020, 0x0020, 0x0020, 0x0020, 0x0020,
  0x0020, 0x0020, 0x0020, 0x0020, 0x0000, 0x0000, 0x0000, 0x0000, 0x0000, 0x0000, 0x0000, 0x0000,
  0x0000, 0x0020, 0x0020, 0x0020, 0x0020, 0x0020, 0x0020, 0x0020, 0x0020, 0x0020, 0x0020, 0x0020,
  0x0020, 0x0020, 0x0000, 0x0000, 0x0000, 0x0000, 0x0000, 0x0000, 0x0000, 0x0000, 0x0000, 0x0000,
  0x0020, 0x0020, 0x0020, 0x0020, 0x0040, 0x0040, 0x0040, 0x0040, 0x0040, 0x0040, 0x0040, 0x0040,
  0x0040, 0x0020, 0x0020, 0x0020, 0x0020, 0x0020, 0x0020, 0x0000, 0x0000, 0x0000, 0x0020, 0x0020,
  0x0020, 0x0020, 0x0020, 0x0020, 0x0020, 0x0020, 0x0020, 0x0020, 0x0000, 0x0000, 0x0000, 0x0000,
  0x0020, 0x0020, 0x0020, 0x0020, 0x0020, 0x0020, 0x0020, 0x0020, 0x0020, 0x0020, 0x0020, 0x0020,
  0x0020, 0x0020, 0x0020, 0x0020, 0x0020, 0x0020, 0x0020, 0x0020, 0x0020, 0x0020, 0x0020, 0x0020,
  0x0020, 0x0020, 0x0020, 0x0020, 0x0020, 0x0020, 0x0020, 0x0020, 0x0020, 0x0020, 0x0020, 0x0020,
  0x0020, 0x0020, 0x0020, 0x0020, 0x0020, 0x0020, 0x0020, 0x0020, 0x0020, 0x0020, 0x0020, 0x0020,
  0x0020, 0x0020, 0x0020, 0x0020, 0x0020, 0x0020, 0x0020, 0x0020, 0x0000, 0x0000, 0x0000, 0x0000,
  0x0000, 0x0000, 0x0000, 0x0000, 0x0020, 0x0020, 0x0020, 0x0020, 0x0020, 0x0020, 0x0020, 0x0020,
  0x0020, 0x0020, 0x0020, 0x0020, 0x0020, 0x0000, 0x0000, 0x0000, 0x0000, 0x0000, 0x0000, 0x0000,
  0x0000, 0x0000, 0x0000, 0x0000, 0x0000, 0x0000, 0x0000, 0x0000, 0x0000, 0x0000, 0x0000, 0x0000,
  0x0000, 0x0000, 0x0000, 0x0000, 0x0000, 0x0000, 0x0000, 0x0000, 0x0000, 0x0000, 0x0000, 0x0000,
  0x0000, 0x0000, 0x0000, 0x0000, 0x0000, 0x0000, 0x0000, 0x0000, 0x0000, 0x0000, 0x0000, 0x0000,
  0x0000, 0x0000, 0x0000, 0x0000, 0x0000, 0x0000, 0x0000, 0x0000, 0x0000, 0x0000, 0x0000, 0x0000,
  0x0000, 0x0000, 0x0000, 0x0000, 0x0000, 0x0000, 0x0000, 0x0000, 0x0020, 0x0020, 0x0020, 0x0020,
  0x0020, 0x0020, 0x0020, 0x0020, 0x0020, 0x0020, 0x0020, 0x0020, 0x0020, 0x0020, 0x0000, 0x0000,
  0x0000, 0x0000, 0x0000, 0x0000, 0x0000, 0x0000, 0x0000, 0x0000, 0x0020, 0x0020, 0x0020, 0x0040,
  0x0040, 0x0040, 0x0040, 0x0040, 0x0060, 0x0060, 0x0060, 0x0060, 0x0060, 0x0040, 0x0040, 0x0040,
  0x0040, 0x0040, 0x0020, 0x0020, 0x0040, 0x0020, 0x0020, 0x0020, 0x0020, 0x0020, 0x0040, 0x0040,
  0x0040, 0x0040, 0x0040, 0x0040, 0x0020, 0x0020, 0x0020, 0x0020, 0x0020, 0x0020, 0x0020, 0x0020,
  0x0020, 0x0020, 0x0020, 0x0020, 0x0020, 0x0020, 0x0020, 0x0020, 0x0020, 0x0020, 0x0000, 0x0000,
  0x0000, 0x0000, 0x0000, 0x0000, 0x0000, 0x0000, 0x0000, 0x0000, 0x0020, 0x0020, 0x0020, 0x0020,
  0x0040, 0x0040, 0x0040, 0x0020, 0x0040, 0x0020, 0x0020, 0x0020, 0x0020, 0x0020, 0x0020, 0x0020,
  0x0020, 0x0020, 0x0020, 0x0020, 0x0040, 0x0040, 0x0040, 0x0040, 0x0040, 0x0020, 0x0020, 0x0020,
  0x0020, 0x0020, 0x0020, 0x0000, 0x0000, 0x0000, 0x0000, 0x0020, 0x0020, 0x0020, 0x0020, 0x0040,
  0x0040, 0x0040, 0x0040, 0x0040, 0x0040, 0x0040, 0x0040, 0x0020, 0x0020, 0x0020, 0x0000, 0x0000,
  0x0000, 0x0000, 0x0000, 0x0000, 0x0000, 0x0020, 0x0020, 0x0020, 0x0020, 0x0040, 0x0040, 0x0040,
  0x0040, 0x0040, 0x0040, 0x0040, 0x0040, 0x0040, 0x0060, 0x0040, 0x0040, 0x0040, 0x0040, 0x0020,
  0x0020, 0x0020, 0x0020, 0x0020, 0x0020, 0x0020, 0x0020, 0x0020, 0x0020, 0x0020, 0x0020, 0x0020,
  0x0020, 0x0020, 0x0020, 0x0020, 0x0020, 0x0020, 0x0020, 0x0020, 0x0020, 0x0020, 0x0020, 0x0020,
  0x0020, 0x0040, 0x0040, 0x0020, 0x0020, 0x0020, 0x0020, 0x0020, 0x0020, 0x0020, 0x0020, 0x0040,
  0x0040, 0x0040, 0x0040, 0x0040, 0x0040, 0x0040, 0x0040, 0x0040, 0x0040, 0x0040, 0x0040, 0x0020,
  0x0040, 0x0020, 0x0020, 0x0020, 0x0040, 0x0040, 0x0040, 0x0040, 0x0040, 0x0040, 0x0040, 0x0040,
  0x0020, 0x0020, 0x0020, 0x0020, 0x0020, 0x0020, 0x0020, 0x0020, 0x0020, 0x0020, 0x0040, 0x0040,
  0x0020, 0x0020, 0x0020, 0x0020, 0x0020, 0x0000, 0x0000, 0x0000, 0x0000, 0x0000, 0x0000, 0x0020,
  0x0020, 0x0020, 0x0040, 0x0040, 0x0040, 0x0040, 0x0040, 0x0040, 0x0040, 0x0040, 0x0020, 0x0020,
  0x0000, 0x0000, 0x0000, 0x0000, 0x0000, 0x0000, 0x0000, 0x0000, 0x0000, 0x0000, 0x0000, 0x0000,
  0x0000, 0x0000, 0x0000, 0x0000, 0x0000, 0x0000, 0x0000, 0x0000, 0x0000, 0x0000, 0x0000, 0x0000,
  0x0000, 0x0000, 0x0000, 0x0000, 0x0000, 0x0000, 0x0000, 0x0000, 0x0000, 0x0000, 0x0000, 0x0000,
  0x0000, 0x0000, 0x0000, 0x0000, 0x0000, 0x0000, 0x0000, 0x0000, 0x0000, 0x0000, 0x0000, 0x0000,
  0x0000, 0x0000, 0x0000, 0x0000, 0x0000, 0x0000, 0x0000, 0x0000, 0x0000, 0x0000, 0x0000, 0x0000,
  0x0000, 0x0000, 0x0000, 0x0000, 0x0020, 0x0020, 0x0020, 0x0040, 0x0040, 0x0040, 0x0040, 0x0040,
  0x0040, 0x0040, 0x0040, 0x0020, 0x0020, 0x0020, 0x0020, 0x0000, 0x0000, 0x0000, 0x0000, 0x0000,
  0x0000, 0x0000, 0x0020, 0x0020, 0x0020, 0x0020, 0x0040, 0x0040, 0x0040, 0x0060, 0x0060, 0x0060,
  0x0060, 0x0080, 0x0080, 0x0060, 0x0060, 0x0060, 0x0060, 0x0060, 0x0060, 0x0040, 0x0040, 0x0040,
  0x0040, 0x0040, 0x0040, 0x0040, 0x0040, 0x0040, 0x0040, 0x0040, 0x0040, 0x0040, 0x0040, 0x0040,
  0x0040, 0x0040, 0x0040, 0x0040, 0x0040, 0x0040, 0x0040, 0x0040, 0x0040, 0x0040, 0x0040, 0x0040,
  0x0040, 0x0040, 0x0020, 0x0020, 0x0020, 0x0020, 0x0000, 0x0000, 0x0000, 0x0000, 0x0000, 0x0000,
  0x0000, 0x0000, 0x0000, 0x0020, 0x0020, 0x0020, 0x0040, 0x0040, 0x0040, 0x0040, 0x0040, 0x0040,
  0x0040, 0x0040, 0x0040, 0x0040, 0x0040, 0x0020, 0x0020, 0x0020, 0x0040, 0x0040, 0x0040, 0x0040,
  0x0040, 0x0040, 0x0060, 0x0060, 0x0040, 0x0040, 0x0040, 0x0020, 0x0020, 0x0020, 0x0020, 0x0020,
  0x0020, 0x0020, 0x0020, 0x0020, 0x0020, 0x0040, 0x0040, 0x0040, 0x0040, 0x0040, 0x0040, 0x0040,
  0x0040, 0x0040, 0x0040, 0x0040, 0x0040, 0x0020, 0x0020, 0x0020, 0x0000, 0x0000, 0x0000, 0x0020,
  0x0020, 0x0020, 0x0020, 0x0020, 0x0040, 0x0040, 0x0040, 0x0060, 0x0060, 0x0060, 0x0060, 0x0060,
  0x0060, 0x0060, 0x0060, 0x0060, 0x0060, 0x0060, 0x0040, 0x0040, 0x0040, 0x0040, 0x0020, 0x0020,
  0x0020, 0x0020, 0x0040, 0x0040, 0x0040, 0x0040, 0x0040, 0x0040, 0x0040, 0x0040, 0x0040, 0x0040,
  0x0020, 0x0020, 0x0020, 0x0020, 0x0020, 0x0040, 0x0040, 0x0040, 0x0040, 0x0040, 0x0040, 0x0040,
  0x0040, 0x0040, 0x0040, 0x0040, 0x0040, 0x0040, 0x0040, 0x0040, 0x0040, 0x0060, 0x0060, 0x0060,
  0x0060, 0x0060, 0x0060, 0x0060, 0x0060, 0x0040, 0x0040, 0x0040, 0x0040, 0x0040, 0x0040, 0x0040,
  0x0040, 0x0040, 0x0040, 0x0040, 0x0040, 0x0040, 0x0040, 0x0040, 0x0040, 0x0040, 0x0040, 0x0040,
  0x0040, 0x0040, 0x0040, 0x0040, 0x0040, 0x0040, 0x0040, 0x0040, 0x0040, 0x0040, 0x0040, 0x0020,
  0x0020, 0x0020, 0x0020, 0x0000, 0x0020, 0x0020, 0x0020, 0x0020, 0x0040, 0x0040, 0x0040, 0x0040,
  0x0060, 0x0060, 0x0060, 0x0040, 0x0040, 0x0040, 0x0040, 0x0020, 0x0020, 0x0020, 0x0000, 0x0000,
  0x0000, 0x0000, 0x0000, 0x0000, 0x0000, 0x0000, 0x0000, 0x0000, 0x0000, 0x0000, 0x0000, 0x0000,
  0x0000, 0x0000, 0x0000, 0x0000, 0x0000, 0x0000, 0x0000, 0x0000, 0x0000, 0x0000, 0x0000, 0x0000,
  0x0000, 0x0000, 0x0000, 0x0000, 0x0000, 0x0000, 0x0000, 0x0000, 0x0000, 0x0000, 0x0000, 0x0000,
  0x0000, 0x0000, 0x0000, 0x0000, 0x0000, 0x0000, 0x0000, 0x0000, 0x0000, 0x0000, 0x0000, 0x0000,
  0x0000, 0x0000, 0x0000, 0x0000, 0x0000, 0x0000, 0x0000, 0x0000, 0x0000, 0x0000, 0x0000, 0x0020,
  0x0020, 0x0040, 0x0040, 0x0040, 0x0040, 0x0060, 0x0060, 0x0060, 0x0060, 0x0060, 0x0040, 0x0040,
  0x0040, 0x0020, 0x0020, 0x0020, 0x0000, 0x0000, 0x0000, 0x0000, 0x0000, 0x0000, 0x0020, 0x0020,
  0x0040, 0x0040, 0x0040, 0x0060, 0x0060, 0x0080, 0x0080, 0x0080, 0x00A0, 0x00A0, 0x00A0, 0x00A0,
  0x0080, 0x0080, 0x0080, 0x0080, 0x0080, 0x0060, 0x0060, 0x0060, 0x0060, 0x0060, 0x0060, 0x0040,
  0x0060, 0x0060, 0x0060, 0x0060, 0x0060, 0x0060, 0x0060, 0x0060, 0x0060, 0x0060, 0x0060, 0x0060,
  0x0040, 0x0040, 0x0040, 0x0040, 0x0040, 0x0060, 0x0060, 0x0060, 0x0060, 0x0040, 0x0040, 0x0040,
  0x0020, 0x0020, 0x0020, 0x0020, 0x0000, 0x0000, 0x0000, 0x0000, 0x0000, 0x0020, 0x0020, 0x0020,
  0x0020, 0x0040, 0x0040, 0x0040, 0x0060, 0x0060, 0x0060, 0x0060, 0x0060, 0x0040, 0x0040, 0x0040,
  0x0040, 0x0040, 0x0040, 0x0040, 0x0040, 0x0040, 0x0040, 0x0060, 0x0060, 0x0060, 0x0080, 0x0080,
  0x0060, 0x0060, 0x0060, 0x0040, 0x0040, 0x0040, 0x0020, 0x0020, 0x0020, 0x0020, 0x0020, 0x0040,
  0x0040, 0x0040, 0x0060, 0x0060, 0x0060, 0x0060, 0x0060, 0x0060, 0x0060, 0x0060, 0x0040, 0x0040,
  0x0040, 0x0040, 0x0020, 0x0020, 0x0020, 0x0020, 0x0020, 0x0020, 0x0020, 0x0020, 0x0040, 0x0040,
  0x0060, 0x0060, 0x0060, 0x0060, 0x0080, 0x0080, 0x0080, 0x0080, 0x0080, 0x00A0, 0x0080, 0x0080,
  0x0080, 0x0060, 0x0060, 0x0060, 0x0040, 0x0040, 0x0040, 0x0040, 0x0040, 0x0040, 0x0040, 0x0040,
  0x0040, 0x0040, 0x0060, 0x0060, 0x0060, 0x0040, 0x0040, 0x0040, 0x0040, 0x0040, 0x0040, 0x0040,
  0x0040, 0x0040, 0x0060, 0x0060, 0x0060, 0x0060, 0x0060, 0x0040, 0x0040, 0x0040, 0x0040, 0x0040,
  0x0040, 0x0040, 0x0060, 0x0060, 0x0060, 0x0060, 0x0060, 0x0080, 0x0080, 0x0080, 0x0080, 0x0080,
  0x0080, 0x0060, 0x0060, 0x0060, 0x0060, 0x0060, 0x0060, 0x0060, 0x0060, 0x0060, 0x0060, 0x0060,
  0x0060, 0x0060, 0x0060, 0x0060, 0x0060, 0x0060, 0x0040, 0x0040, 0x0040, 0x0040, 0x0060, 0x0060,
  0x0060, 0x0060, 0x0060, 0x0060, 0x0060, 0x0040, 0x0040, 0x0040, 0x0020, 0x0020, 0x0020, 0x0020,
  0x0020, 0x0020, 0x0020, 0x0040, 0x0040, 0x0060, 0x0060, 0x0060, 0x0060, 0x0080, 0x0080, 0x0060,
  0x0060, 0x0060, 0x0040, 0x0040, 0x0040, 0x0020, 0x0000, 0x0000, 0x0000, 0x0000, 0x0000, 0x0000,
  0x0000, 0x0000, 0x0000, 0x0000, 0x0000, 0x0000, 0x0000, 0x0000, 0x0000, 0x0000, 0x0000, 0x0000,
  0x0000, 0x0000, 0x0000, 0x0000, 0x0000, 0x0000, 0x0000, 0x0000, 0x0000, 0x0000, 0x0000, 0x0000,
  0x0000, 0x0000, 0x0000, 0x0000, 0x0000, 0x0000, 0x0000, 0x0000, 0x0000, 0x0000, 0x0000, 0x0000,
  0x0000, 0x0000, 0x0000, 0x0000, 0x0000, 0x0000, 0x0000, 0x0000, 0x0000, 0x0000, 0x0000, 0x0000,
  0x0000, 0x0000, 0x0000, 0x0000, 0x0000, 0x0000, 0x0020, 0x0020, 0x0040, 0x0040, 0x0040, 0x0060,
  0x0060, 0x0080, 0x0080, 0x0080, 0x0080, 0x0080, 0x0060, 0x0060, 0x0040, 0x0040, 0x0020, 0x0020,
  0x0020, 0x0000, 0x0000, 0x0000, 0x0020, 0x0020, 0x0020, 0x0040, 0x0040, 0x0060, 0x0080, 0x0080,
  0x00A0, 0x00C0, 0x00E0, 0x00E0, 0x00E0, 0x00E0, 0x00E0, 0x00E0, 0x00E0, 0x00E0, 0x00E0, 0x00C0,
  0x00A0, 0x00A0, 0x0080, 0x0080, 0x0060, 0x0060, 0x0060, 0x0060, 0x0080, 0x0080, 0x0080, 0x00A0,
  0x00A0, 0x0080, 0x0080, 0x0080, 0x0080, 0x0080, 0x0060, 0x0060, 0x0060, 0x0060, 0x0060, 0x0060,
  0x0060, 0x0080, 0x0080, 0x0080, 0x0080, 0x0080, 0x0060, 0x0040, 0x0040, 0x0040, 0x0020, 0x0020,
  0x0020, 0x0000, 0x0000, 0x0000, 0x0000, 0x0020, 0x0020, 0x0040, 0x0040, 0x0060, 0x0060, 0x0080,
  0x0080, 0x00A0, 0x00A0, 0x00A0, 0x0080, 0x0080, 0x0060, 0x0060, 0x0060, 0x0060, 0x0060, 0x0060,
  0x0060, 0x0060, 0x0080, 0x0080, 0x0080, 0x00A0, 0x00A0, 0x00A0, 0x00A0, 0x0080, 0x0080, 0x0060,
  0x0060, 0x0040, 0x0040, 0x0040, 0x0040, 0x0040, 0x0040, 0x0040, 0x0060, 0x0060, 0x0080, 0x0080,
  0x00A0, 0x00A0, 0x00C0, 0x00A0, 0x00A0, 0x0080, 0x0060, 0x0060, 0x0060, 0x0040, 0x0040, 0x0020,
  0x0020, 0x0020, 0x0020, 0x0020, 0x0040, 0x0040, 0x0040, 0x0060, 0x0060, 0x0080, 0x0080, 0x00A0,
  0x00A0, 0x00C0, 0x00E0, 0x00E0, 0x0100, 0x00E0, 0x00E0, 0x00C0, 0x00A0, 0x00A0, 0x00A0, 0x0080,
  0x0060, 0x0060, 0x0060, 0x0060, 0x0060, 0x0060, 0x0060, 0x0060, 0x0080, 0x0080, 0x0080, 0x0080,
  0x0080, 0x0060, 0x0060, 0x0040, 0x0040, 0x0040, 0x0060, 0x0060, 0x0060, 0x0060, 0x0060, 0x0080,
  0x0080, 0x0080, 0x0080, 0x0080, 0x0060, 0x0060, 0x0060, 0x0060, 0x0060, 0x0060, 0x0080, 0x0080,
  0x00A0, 0x00A0, 0x00C0, 0x00C0, 0x00C0, 0x00C0, 0x00C0, 0x00C0, 0x00A0, 0x00A0, 0x0080, 0x0080,
  0x0080, 0x0060, 0x0060, 0x0080, 0x0080, 0x0080, 0x00A0, 0x00A0, 0x00A0, 0x0080, 0x0080, 0x0080,
  0x0080, 0x0060, 0x0060, 0x0060, 0x0060, 0x0060, 0x0060, 0x0080, 0x0080, 0x00A0, 0x0080, 0x0080,
  0x0080, 0x0060, 0x0060, 0x0040, 0x0040, 0x0040, 0x0020, 0x0020, 0x0020, 0x0040, 0x0040, 0x0040,
  0x0060, 0x0080, 0x0080, 0x00A0, 0x00A0, 0x00C0, 0x00A0, 0x0080, 0x0080, 0x0080, 0x0060, 0x0060,
  0x0040, 0x0040, 0x0020, 0x0020, 0x0000, 0x0000, 0x0000, 0x0000, 0x0000, 0x0000, 0x0000, 0x0000,
  0x0000, 0x0000, 0x0000, 0x0000, 0x0000, 0x0000, 0x0000, 0x0000, 0x0000, 0x0000, 0x0000, 0x0000,
  0x0000, 0x0000, 0x0000, 0x0000, 0x0000, 0x0000, 0x0000, 0x0000, 0x0000, 0x0000, 0x0000, 0x0000,
  0x0000, 0x0000, 0x0000, 0x0000, 0x0000, 0x0000, 0x0000, 0x0000, 0x0000, 0x0000, 0x0000, 0x0000,
  0x0000, 0x0000, 0x0000, 0x0000, 0x0000, 0x0000, 0x0000, 0x0000, 0x0000, 0x0000, 0x0000, 0x0000,
  0x0000, 0x0000, 0x0020, 0x0020, 0x0040, 0x0040, 0x0060, 0x0080, 0x00A0, 0x00C0, 0x00E0, 0x00E0,
  0x00E0, 0x00C0, 0x00A0, 0x0080, 0x0060, 0x0040, 0x0040, 0x0020, 0x0020, 0x0020, 0x0020, 0x0020,
  0x0020, 0x0020, 0x0040, 0x0040, 0x0060, 0x0080, 0x00A0, 0x00E0, 0x0100, 0x0120, 0x0140, 0x0160,
  0x0160, 0x0160, 0x0160, 0x0140, 0x0140, 0x0140, 0x0140, 0x0140, 0x0120, 0x0100, 0x00E0, 0x00C0,
  0x00A0, 0x00A0, 0x00A0, 0x00A0, 0x00A0, 0x00C0, 0x00E0, 0x00E0, 0x00E0, 0x0100, 0x00E0, 0x00C0,
  0x00A0, 0x00A0, 0x0080, 0x0080, 0x0080, 0x0080, 0x00A0, 0x00A0, 0x00A0, 0x00C0, 0x00E0, 0x00E0,
  0x00E0, 0x00E0, 0x00A0, 0x0080, 0x0060, 0x0040, 0x0020, 0x0020, 0x0020, 0x0020, 0x0020, 0x0020,
  0x0020, 0x0020, 0x0040, 0x0040, 0x0060, 0x0060, 0x0080, 0x00A0, 0x00E0, 0x0100, 0x0100, 0x0100,
  0x00E0, 0x00C0, 0x00A0, 0x0080, 0x0080, 0x0080, 0x0080, 0x0060, 0x0080, 0x0080, 0x00A0, 0x00C0,
  0x00E0, 0x00E0, 0x0100, 0x00E0, 0x00E0, 0x00C0, 0x00A0, 0x0080, 0x0080, 0x0060, 0x0040, 0x0040,
  0x0040, 0x0040, 0x0040, 0x0060, 0x0060, 0x0080, 0x00A0, 0x00C0, 0x0100, 0x0120, 0x0120, 0x0120,
  0x00E0, 0x00C0, 0x00A0, 0x0080, 0x0060, 0x0060, 0x0060, 0x0040, 0x0040, 0x0040, 0x0040, 0x0040,
  0x0040, 0x0040, 0x0060, 0x0080, 0x0080, 0x00A0, 0x00C0, 0x00E0, 0x0100, 0x0140, 0x0160, 0x0180,
  0x0180, 0x0180, 0x0160, 0x0140, 0x0120, 0x0100, 0x00E0, 0x00C0, 0x00A0, 0x0080, 0x0080, 0x0080,
  0x0060, 0x0060, 0x0080, 0x00A0, 0x00C0, 0x00E0, 0x00E0, 0x00E0, 0x00C0, 0x00A0, 0x0080, 0x0060,
  0x0060, 0x0060, 0x0060, 0x0080, 0x0080, 0x00A0, 0x00A0, 0x00C0, 0x00E0, 0x00E0, 0x00E0, 0x00C0,
  0x00A0, 0x0080, 0x0080, 0x0080, 0x0080, 0x00A0, 0x00A0, 0x00E0, 0x0100, 0x0120, 0x0140, 0x0140,
  0x0140, 0x0140, 0x0140, 0x0120, 0x0100, 0x00E0, 0x00C0, 0x00A0, 0x00A0, 0x00A0, 0x00A0, 0x00A0,
  0x00A0, 0x00C0, 0x00E0, 0x00E0, 0x00E0, 0x00E0, 0x00E0, 0x00C0, 0x00A0, 0x0080, 0x0080, 0x0080,
  0x0080, 0x0080, 0x0080, 0x00A0, 0x00C0, 0x00E0, 0x0100, 0x00E0, 0x00C0, 0x00A0, 0x0080, 0x0060,
  0x0040, 0x0040, 0x0040, 0x0040, 0x0040, 0x0040, 0x0060, 0x0060, 0x0080, 0x00A0, 0x00C0, 0x00E0,
  0x0100, 0x0120, 0x0100, 0x00E0, 0x00C0, 0x00A0, 0x0080, 0x0060, 0x0060, 0x0040, 0x0040, 0x0020,
  0x0000, 0x0000, 0x0000, 0x0000, 0x0000, 0x0000, 0x0000, 0x0000, 0x0000, 0x0000, 0x0000, 0x0000,
  0x0000, 0x0000, 0x0000, 0x0000, 0x0000, 0x0000, 0x0000, 0x0000, 0x0000, 0x0000, 0x0000, 0x0000,
  0x0000, 0x0000, 0x0000, 0x0000, 0x0000, 0x0000, 0x0000, 0x0000, 0x0000, 0x0000, 0x0000, 0x0000,
  0x0000, 0x0000, 0x0000, 0x0000, 0x0000, 0x0000, 0x0000, 0x0000, 0x0000, 0x0000, 0x0000, 0x0000,
  0x0000, 0x0000, 0x0000, 0x0000, 0x0000, 0x0000, 0x0000, 0x0000, 0x0000, 0x0020, 0x0020, 0x0040,
  0x0040, 0x0060, 0x0080, 0x00C0, 0x00E0, 0x0120, 0x0140, 0x0140, 0x0140, 0x0120, 0x00E0, 0x00A0,
  0x0080, 0x0060, 0x0040, 0x0040, 0x0020, 0x0020, 0x0020, 0x0020, 0x0020, 0x0040, 0x0040, 0x0060,
  0x0080, 0x00C0, 0x0100, 0x0120, 0x0160, 0x0180, 0x01A0, 0x01E0, 0x0200, 0x0200, 0x0200, 0x01E0,
  0x01C0, 0x01A0, 0x01A0, 0x01A0, 0x01C0, 0x01A0, 0x0140, 0x0100, 0x00E0, 0x00C0, 0x00A0, 0x00A0,
  0x00E0, 0x0100, 0x0100, 0x0140, 0x01A0, 0x0180, 0x0160, 0x0140, 0x0100, 0x00C0, 0x00A0, 0x00A0,
  0x00A0, 0x00C0, 0x00C0, 0x00E0, 0x0120, 0x0140, 0x0160, 0x0160, 0x0140, 0x0120, 0x00E0, 0x00A0,
  0x0080, 0x0040, 0x0040, 0x0020, 0x0020, 0x0020, 0x0020, 0x0020, 0x0020, 0x0040, 0x0040, 0x0040,
  0x0060, 0x0080, 0x00C0, 0x0100, 0x0140, 0x0160, 0x0180, 0x0180, 0x0180, 0x0140, 0x0100, 0x00C0,
  0x00A0, 0x0080, 0x0080, 0x0080, 0x00A0, 0x00C0, 0x00E0, 0x0120, 0x0160, 0x0160, 0x0160, 0x0160,
  0x0140, 0x0120, 0x0100, 0x00C0, 0x00A0, 0x0080, 0x0060, 0x0060, 0x0060, 0x0060, 0x0060, 0x0060,
  0x0080, 0x00C0, 0x0120, 0x0160, 0x0180, 0x01A0, 0x01A0, 0x0180, 0x0160, 0x0140, 0x00E0, 0x00A0,
  0x0080, 0x0080, 0x0060, 0x0060, 0x0060, 0x0040, 0x0040, 0x0060, 0x0060, 0x0060, 0x0080, 0x00A0,
  0x00C0, 0x0100, 0x0140, 0x0180, 0x01A0, 0x01C0, 0x01C0, 0x01E0, 0x01E0, 0x01C0, 0x01C0, 0x01C0,
  0x01C0, 0x01A0, 0x0160, 0x0120, 0x00E0, 0x00C0, 0x00A0, 0x0080, 0x0080, 0x0080, 0x00C0, 0x0100,
  0x0120, 0x0120, 0x0140, 0x0140, 0x0120, 0x0100, 0x00C0, 0x00A0, 0x0080, 0x0080, 0x0080, 0x00A0,
  0x00C0, 0x00E0, 0x0120, 0x0120, 0x0120, 0x0120, 0x0120, 0x0100, 0x00E0, 0x00A0, 0x00A0, 0x00A0,
  0x00C0, 0x00C0, 0x0100, 0x0120, 0x0160, 0x0180, 0x01C0, 0x01E0, 0x01C0, 0x01C0, 0x01C0, 0x01C0,
  0x01C0, 0x0160, 0x0120, 0x0100, 0x00E0, 0x00C0, 0x00A0, 0x00C0, 0x00E0, 0x0120, 0x0140, 0x0180,
  0x0180, 0x0160, 0x0140, 0x0100, 0x00E0, 0x00C0, 0x00A0, 0x00A0, 0x00A0, 0x00C0, 0x00C0, 0x0100,
  0x0120, 0x0140, 0x0140, 0x0120, 0x0120, 0x00E0, 0x00A0, 0x0080, 0x0060, 0x0060, 0x0060, 0x0060,
  0x0060, 0x0060, 0x0060, 0x0080, 0x00C0, 0x0100, 0x0140, 0x0160, 0x0180, 0x01A0, 0x01A0, 0x0160,
  0x0120, 0x00E0, 0x00A0, 0x0080, 0x0060, 0x0060, 0x0040, 0x0020, 0x0020, 0x0020, 0x0000, 0x0000,
  0x0000, 0x0000, 0x0000, 0x0000, 0x0000, 0x0000, 0x0000, 0x0000, 0x0000, 0x0000, 0x0000, 0x0000,
  0x0000, 0x0000, 0x0000, 0x0000, 0x0000, 0x0000, 0x0000, 0x0000, 0x0000, 0x0000, 0x0000, 0x0000,
  0x0000, 0x0000, 0x0000, 0x0000, 0x0000, 0x0000, 0x0000, 0x0000, 0x0000, 0x0000, 0x0000, 0x0000,
  0x0000, 0x0000, 0x0000, 0x0000, 0x0000, 0x0000, 0x0000, 0x0000, 0x0000, 0x0000, 0x0000, 0x0000,
  0x0000, 0x0000, 0x0000, 0x0000, 0x0000, 0x0020, 0x0040, 0x0040, 0x0060, 0x0080, 0x00A0, 0x00E0,
  0x0140, 0x0220, 0x0281, 0x02A1, 0x0AA1, 0x0220, 0x0160, 0x00E0, 0x00A0, 0x0060, 0x0060, 0x0040,
  0x0040, 0x0020, 0x0020, 0x0020, 0x0040, 0x0040, 0x0060, 0x0060, 0x00A0, 0x00E0, 0x0140, 0x0200,
  0x0AE1, 0x0B21, 0x0B41, 0x0B41, 0x0B61, 0x0B81, 0x0B61, 0x0B41, 0x0B41, 0x0B41, 0x0B41, 0x0B21,
  0x0B41, 0x0321, 0x02A1, 0x01A0, 0x0120, 0x0100, 0x00C0, 0x00C0, 0x00E0, 0x0180, 0x0A41, 0x0AC1,
  0x0B61, 0x0B41, 0x0280, 0x01E0, 0x0160, 0x0100, 0x00E0, 0x00C0, 0x00C0, 0x00E0, 0x0100, 0x0160,
  0x01C0, 0x0240, 0x0B21, 0x0B01, 0x0AA1, 0x0A41, 0x09A1, 0x00C0, 0x0080, 0x0060, 0x0040, 0x0040,
  0x0020, 0x0020, 0x0020, 0x0020, 0x0020, 0x0040, 0x0040, 0x0060, 0x0080, 0x00C0, 0x0120, 0x01C0,
  0x0AA1, 0x0B01, 0x0AE1, 0x02C1, 0x0240, 0x01C0, 0x0140, 0x0100, 0x00C0, 0x00C0, 0x00C0, 0x00C0,
  0x00E0, 0x0100, 0x0120, 0x0180, 0x0220, 0x0AE1, 0x0B01, 0x0B01, 0x0AA1, 0x01C0, 0x0140, 0x00E0,
  0x00A0, 0x0080, 0x0080, 0x0060, 0x0060, 0x0060, 0x0080, 0x0080, 0x00C0, 0x0100, 0x0160, 0x0200,
  0x0301, 0x0B41, 0x02E1, 0x0281, 0x0240, 0x0200, 0x0140, 0x00E0, 0x00A0, 0x00A0, 0x0080, 0x0080,
  0x0060, 0x0060, 0x0060, 0x0060, 0x0080, 0x0080, 0x00A0, 0x00C0, 0x0100, 0x0180, 0x0200, 0x0260,
  0x0300, 0x0B61, 0x1362, 0x1342, 0x1362, 0x1342, 0x1362, 0x1382, 0x0360, 0x02C0, 0x0200, 0x0180,
  0x0120, 0x0100, 0x00E0, 0x00C0, 0x00A0, 0x00C0, 0x0100, 0x0120, 0x01A0, 0x0A61, 0x0AA1, 0x0AC1,
  0x0261, 0x01A0, 0x0100, 0x00C0, 0x00A0, 0x0080, 0x00A0, 0x00C0, 0x00E0, 0x0140, 0x01E0, 0x0281,
  0x0281, 0x0261, 0x0221, 0x0180, 0x0120, 0x00E0, 0x00C0, 0x00A0, 0x00E0, 0x0100, 0x0180, 0x0261,
  0x0B01, 0x0B21, 0x0B41, 0x0B41, 0x0B41, 0x0B01, 0x0B01, 0x0B41, 0x0B61, 0x0AE1, 0x01E0, 0x0160,
  0x0100, 0x00E0, 0x00C0, 0x00E0, 0x0120, 0x01C0, 0x0AC1, 0x0B41, 0x0B21, 0x02A1, 0x01E0, 0x0180,
  0x0120, 0x00E0, 0x00C0, 0x00C0, 0x00C0, 0x00E0, 0x0120, 0x0180, 0x0221, 0x0AA1, 0x0A81, 0x0A41,
  0x01A0, 0x0120, 0x00E0, 0x00A0, 0x0080, 0x0080, 0x0060, 0x0060, 0x0060, 0x0080, 0x0080, 0x00A0,
  0x0100, 0x0180, 0x0240, 0x0B01, 0x0B01, 0x0B01, 0x0AE1, 0x0240, 0x01A0, 0x0120, 0x00C0, 0x00A0,
  0x0080, 0x0060, 0x0040, 0x0040, 0x0020, 0x0020, 0x0000, 0x0000, 0x0000, 0x0000, 0x0000, 0x0000,
  0x0000, 0x0000, 0x0000, 0x0000, 0x0000, 0x0000, 0x0000, 0x0000, 0x0000, 0x0000, 0x0000, 0x0000,
  0x0000, 0x0000, 0x0000, 0x0000, 0x0000, 0x0000, 0x0000, 0x0000, 0x0000, 0x0000, 0x0000, 0x0000,
  0x0000, 0x0000, 0x0000, 0x0000, 0x0000, 0x0000, 0x0000, 0x0000, 0x0000, 0x0000, 0x0000, 0x0000,
  0x0000, 0x0000, 0x0000, 0x0000, 0x0000, 0x0000, 0x0000, 0x0000, 0x0000, 0x0000, 0x0000, 0x0000,
  0x0020, 0x0020, 0x0040, 0x0060, 0x0060, 0x0080, 0x00E0, 0x0140, 0x0160, 0x5D4D, 0xBF99, 0xB757,
  0xC79A, 0x656D, 0x0160, 0x0120, 0x00C0, 0x0080, 0x0060, 0x0060, 0x0040, 0x0040, 0x0040, 0x0040,
  0x0040, 0x0060, 0x0060, 0x0080, 0x00C0, 0x0100, 0x0140, 0x2BE6, 0xBF99, 0xBF98, 0xB798, 0xA796,
  0xA776, 0xA776, 0xA776, 0xA776, 0xB797, 0xBF98, 0xBF98, 0xB797, 0xA776, 0xA776, 0xB798, 0x3427,
  0x0180, 0x0140, 0x00E0, 0x00E0, 0x00E0, 0x09C1, 0x8EB2, 0xB798, 0xAF77, 0xBFB9, 0x96D4, 0x02C0,
  0x01C0, 0x0180, 0x0120, 0x0100, 0x0100, 0x0120, 0x0160, 0x01A0, 0x0260, 0x6E2F, 0xAF97, 0xB777,
  0xBF78, 0xB778, 0x22C4, 0x00A0, 0x00A0, 0x0060, 0x0040, 0x0040, 0x0020, 0x0020, 0x0020, 0x0020,
  0x0020, 0x0040, 0x0060, 0x0080, 0x00A0, 0x00E0, 0x0120, 0x0220, 0x96D4, 0xBF98, 0xAF77, 0xAF97,
  0x44C9, 0x01C0, 0x0180, 0x0140, 0x0100, 0x00E0, 0x00E0, 0x0100, 0x0120, 0x0140, 0x01A0, 0x01E0,
  0x556B, 0xB798, 0xAF77, 0xB798, 0xAF77, 0x1B43, 0x0160, 0x0120, 0x00C0, 0x00A0, 0x0080, 0x0080,
  0x0080, 0x0080, 0x0080, 0x00A0, 0x00E0, 0x0140, 0x0160, 0x23A4, 0xA776, 0xAF77, 0xAF57, 0xB778,
  0x5D6C, 0x0200, 0x0180, 0x0120, 0x00E0, 0x00C0, 0x00A0, 0x0080, 0x0080, 0x0080, 0x0080, 0x0080,
  0x0080, 0x00A0, 0x00E0, 0x0100, 0x0160, 0x01C0, 0x0B41, 0x5DAC, 0x9F14, 0xB7B7, 0xB7D8, 0xAFB7,
  0xAFB7, 0xB7B7, 0xB7D7, 0xBFD8, 0xB777, 0x7E91, 0x2404, 0x01E0, 0x01A0, 0x0140, 0x0120, 0x00E0,
  0x00E0, 0x00E0, 0x0120, 0x0100, 0x2345, 0xA776, 0xAF57, 0xBF99, 0x7610, 0x01A0, 0x0120, 0x00E0,
  0x00C0, 0x00C0, 0x00C0, 0x00C0, 0x0100, 0x0140, 0x0AC2, 0x9F35, 0xAF77, 0xAF77, 0x9F15, 0x1262,
  0x0120, 0x0120, 0x00C0, 0x00C0, 0x00E0, 0x0140, 0x0200, 0x8692, 0xB797, 0xAF97, 0xB797, 0xB797,
  0xB798, 0xB777, 0xA776, 0x9F75, 0xA775, 0xBF99, 0x54EA, 0x01C0, 0x0160, 0x00E0, 0x00E0, 0x0100,
  0x0140, 0x0AA1, 0x9F35, 0xB798, 0xAF77, 0xAF77, 0x23E5, 0x01E0, 0x01A0, 0x0140, 0x0100, 0x00E0,
  0x00E0, 0x0100, 0x0140, 0x01A0, 0x7610, 0xBF98, 0xB757, 0xB778, 0x2B65, 0x0100, 0x0100, 0x00C0,
  0x00A0, 0x0080, 0x0080, 0x0080, 0x0080, 0x00A0, 0x00A0, 0x00E0, 0x0140, 0x0180, 0x3467, 0xB798,
  0xB777, 0xAF77, 0xB798, 0x44C9, 0x01A0, 0x0180, 0x0100, 0x00C0, 0x00A0, 0x0080, 0x0060, 0x0040,
  0x0040, 0x0020, 0x0020, 0x0000, 0x0000, 0x0000, 0x0000, 0x0000, 0x0000, 0x0000, 0x0000, 0x0000,
  0x0000, 0x0000, 0x0000, 0x0000, 0x0000, 0x0000, 0x0000, 0x0000, 0x0000, 0x0000, 0x0000, 0x0000,
  0x0000, 0x0000, 0x0000, 0x0000, 0x0000, 0x0000, 0x0000, 0x0000, 0x0000, 0x0000, 0x0000, 0x0000,
  0x0000, 0x0000, 0x0000, 0x0000, 0x0000, 0x0000, 0x0000, 0x0000, 0x0000, 0x0000, 0x0000, 0x0000,
  0x0000, 0x0000, 0x0000, 0x0000, 0x0000, 0x0000, 0x0000, 0x0000, 0x0020, 0x0020, 0x0040, 0x0060,
  0x0080, 0x00A0, 0x0100, 0x0160, 0x01E0, 0x760F, 0xE7FE, 0xCFFB, 0xE7FE, 0x6DEE, 0x01A0, 0x0160,
  0x00E0, 0x0080, 0x0060, 0x0060, 0x0040, 0x0040, 0x0040, 0x0040, 0x0060, 0x0060, 0x0080, 0x00A0,
  0x00E0, 0x0140, 0x01A0, 0x3487, 0xCFFB, 0xC7FA, 0xCFFA, 0xC7FA, 0xBFF9, 0xC7FA, 0xC7FA, 0xC7FA,
  0xC7FA, 0xCFFB, 0xCFFB, 0xCFFA, 0xC7FA, 0xBFD9, 0xCFFB, 0x3CE8, 0x01C0, 0x0140, 0x0100, 0x00E0,
  0x0120, 0x0140, 0x2C06, 0xCFFB, 0xD7FB, 0xCFFA, 0xCFFB, 0x660D, 0x0260, 0x01E0, 0x0160, 0x0140,
  0x0140, 0x0160, 0x01E0, 0x0260, 0x558B, 0xC7FB, 0xBFF9, 0xC7FA, 0xDFFD, 0x658D, 0x0180, 0x0100,
  0x00A0, 0x0060, 0x0040, 0x0040, 0x0040, 0x0020, 0x0020, 0x0020, 0x0040, 0x0040, 0x0060, 0x0080,
  0x00C0, 0x0120, 0x0180, 0x0280, 0xA756, 0xCFFB, 0xC7FA, 0xC7FA, 0xA796, 0x0B21, 0x0200, 0x01A0,
  0x0160, 0x0120, 0x0100, 0x0120, 0x0160, 0x01A0, 0x0200, 0x13C3, 0xB7D8, 0xCFFB, 0xCFFA, 0xCFFB,
  0xBFF9, 0x1B83, 0x0180, 0x0140, 0x00E0, 0x00C0, 0x00A0, 0x00A0, 0x00A0, 0x00A0, 0x00C0, 0x00E0,
  0x0120, 0x01A0, 0x0220, 0x660D, 0xC7FA, 0xC7FA, 0xCFFB, 0xD7FC, 0xAF76, 0x02C0, 0x01C0, 0x0180,
  0x0120, 0x00E0, 0x00C0, 0x00A0, 0x0080, 0x0080, 0x0080, 0x00A0, 0x00A0, 0x00E0, 0x0140, 0x01C0,
  0x0200, 0x1362, 0x8F34, 0xCFFB, 0xCFFB, 0xC7FA, 0xC7DA, 0xC7FA, 0xC7FA, 0xC7FA, 0xC7D9, 0xC7FA,
  0xCFFB, 0xCFFB, 0xBFF9, 0x4D0A, 0x0280, 0x0200, 0x0140, 0x0100, 0x0100, 0x0100, 0x0140, 0x0160,
  0x3427, 0xCFFB, 0xC7FA, 0xD7FC, 0x86B1, 0x01E0, 0x0160, 0x0120, 0x00E0, 0x00E0, 0x00E0, 0x0100,
  0x0120, 0x0160, 0x0B02, 0xB7D9, 0xCFFB, 0xCFFB, 0xB7D8, 0x12A2, 0x0140, 0x0140, 0x0100, 0x0100,
  0x0120, 0x0180, 0x0260, 0x9734, 0xBFFA, 0xBFF9, 0xCFFA, 0xCFFB, 0xCFFB, 0xCFFB, 0xC7FA, 0xBFF9,
  0xBFD9, 0xD7FC, 0x5D6C, 0x01E0, 0x0180, 0x0100, 0x0100, 0x0140, 0x01A0, 0x0B01, 0xB7B8, 0xD7FB,
  0xC7FA, 0xC7FA, 0x9713, 0x0320, 0x0220, 0x01A0, 0x0120, 0x0100, 0x0100, 0x0140, 0x01C0, 0x0280,
  0x8ED3, 0xD7FC, 0xC7FA, 0xD7FC, 0x3447, 0x0180, 0x0140, 0x00E0, 0x00A0, 0x00A0, 0x00A0, 0x00A0,
  0x00A0, 0x00C0, 0x00E0, 0x0140, 0x01A0, 0x0200, 0x7690, 0xCFFB, 0xCFFA, 0xCFFB, 0xD7FC, 0x9EF4,
  0x0260, 0x01A0, 0x0140, 0x00E0, 0x00A0, 0x0080, 0x0060, 0x0060, 0x0040, 0x0020, 0x0020, 0x0000,
  0x0000, 0x0000, 0x0000, 0x0000, 0x0000, 0x0000, 0x0000, 0x0000, 0x0000, 0x0000, 0x0000, 0x0000,
  0x0000, 0x0000, 0x0000, 0x0000, 0x0000, 0x0000, 0x0000, 0x0000, 0x0000, 0x0000, 0x0000, 0x0000,
  0x0000, 0x0000, 0x0000, 0x0000, 0x0000, 0x0000, 0x0000, 0x0000, 0x0000, 0x0000, 0x0000, 0x0000,
  0x0000, 0x0000, 0x0000, 0x0000, 0x0000, 0x0000, 0x0000, 0x0000, 0x0000, 0x0000, 0x0000, 0x0000,
  0x0000, 0x0000, 0x0000, 0x0020, 0x0020, 0x0020, 0x0040, 0x0060, 0x0080, 0x00C0, 0x0120, 0x0180,
  0x0240, 0x762F, 0xDFFC, 0xC7B9, 0xCFFC, 0x65ED, 0x0220, 0x01A0, 0x00E0, 0x00A0, 0x0080, 0x0060,
  0x0060, 0x0040, 0x0040, 0x0060, 0x0060, 0x0080, 0x0080, 0x00A0, 0x0100, 0x0180, 0x0220, 0x2CC6,
  0xBFF9, 0xB7D8, 0xBFD9, 0xCFFA, 0xDFFD, 0xDFFD, 0xDFFC, 0xCFFB, 0xCFFB, 0xCFFB, 0xCFFB, 0xCFFB,
  0xCFFB, 0xCFFB, 0xDFFD, 0x44C8, 0x0160, 0x0120, 0x00E0, 0x0100, 0x0140, 0x01C0, 0x0280, 0x660C,
  0xD7FC, 0xBFD9, 0xB7D8, 0xBFFA, 0x34E7, 0x0200, 0x01E0, 0x01A0, 0x01A0, 0x0220, 0x02C0, 0x2CC5,
  0xCFFA, 0xCFDA, 0xBFD8, 0xC7FA, 0x7E71, 0x0200, 0x0160, 0x0100, 0x00A0, 0x0060, 0x0040, 0x0040,
  0x0020, 0x0020, 0x0020, 0x0040, 0x0040, 0x0040, 0x0060, 0x0080, 0x00C0, 0x0140, 0x01E0, 0x0321,
  0x9F55, 0xBFF9, 0xBFD9, 0xBFD9, 0xD7FB, 0x65ED, 0x02A0, 0x0220, 0x0180, 0x0140, 0x0120, 0x0140,
  0x01A0, 0x0260, 0x02C0, 0x6E4F, 0xCFFB, 0xBFD9, 0xBFD9, 0xC7D9, 0xBFF8, 0x1BA3, 0x01A0, 0x0160,
  0x0100, 0x00C0, 0x00C0, 0x00A0, 0x00A0, 0x00A0, 0x00C0, 0x0100, 0x0180, 0x0240, 0x0C21, 0xAFB7,
  0xC7F9, 0xBFD9, 0xC7D9, 0xC7D9, 0xC7FA, 0x34A7, 0x0240, 0x01E0, 0x0140, 0x00E0, 0x00C0, 0x00A0,
  0x00A0, 0x00A0, 0x00A0, 0x00A0, 0x00C0, 0x0100, 0x01A0, 0x02A0, 0x1442, 0xA776, 0xBFFA, 0xAFB7,
  0xB7D8, 0xC7FA, 0xD7FC, 0xDFFC, 0xDFFC, 0xDFFD, 0xD7FC, 0xCFFB, 0xBFD9, 0xB7D8, 0xBFF9, 0xC7FA,
  0x2C85, 0x0200, 0x0160, 0x0100, 0x0100, 0x0140, 0x01A0, 0x0200, 0x3487, 0xC7FA, 0xB7D8, 0xC7FA,
  0x86B2, 0x02A0, 0x01C0, 0x0120, 0x00E0, 0x00E0, 0x0100, 0x0120, 0x0160, 0x01C0, 0x1362, 0xAFB7,
  0xBFF9, 0xC7FA, 0xBFB8, 0x1322, 0x0180, 0x0140, 0x0120, 0x0120, 0x0140, 0x01E0, 0x0300, 0xA776,
  0xCFFC, 0xC7FA, 0xC7FA, 0xBFD9, 0xC7D9, 0xBFD9, 0xBFD9, 0xC7FA, 0xC7FA, 0xD7FC, 0x552B, 0x0180,
  0x0160, 0x0100, 0x0120, 0x0180, 0x01E0, 0x0B81, 0xB7B7, 0xC7DA, 0xBFD9, 0xBFD8, 0xCFFB, 0x55CB,
  0x0260, 0x01E0, 0x0180, 0x0140, 0x0140, 0x0180, 0x0220, 0x02E0, 0x8ED2, 0xC7FA, 0xB7B8, 0xC7FA,
  0x3487, 0x01E0, 0x0160, 0x00E0, 0x00C0, 0x00C0, 0x00A0, 0x00A0, 0x00A0, 0x00C0, 0x0120, 0x01A0,
  0x0240, 0x13E3, 0xB7D8, 0xBFD9, 0xC7D9, 0xC7DA, 0xCFDA, 0xD7FB, 0x2C85, 0x0220, 0x01A0, 0x0100,
  0x00C0, 0x0080, 0x0060, 0x0060, 0x0040, 0x0040, 0x0020, 0x0020, 0x0000, 0x0000, 0x0000, 0x0000,
  0x0000, 0x0000, 0x0000, 0x0000, 0x0000, 0x0000, 0x0000, 0x0000, 0x0000, 0x0000, 0x0000, 0x0000,
  0x0000, 0x0000, 0x0000, 0x0000, 0x0000, 0x0000, 0x0000, 0x0000, 0x0000, 0x0000, 0x0000, 0x0000,
  0x0000, 0x0000, 0x0000, 0x0000, 0x0000, 0x0000, 0x0000, 0x0000, 0x0000, 0x0000, 0x0000, 0x0000,
  0x0000, 0x0000, 0x0000, 0x0000, 0x0000, 0x0000, 0x0000, 0x0000, 0x0000, 0x0000, 0x0000, 0x0020,
  0x0020, 0x0040, 0x0040, 0x0060, 0x00A0, 0x00E0, 0x0120, 0x01C0, 0x0260, 0x6E2F, 0xD7FC, 0xBFD9,
  0xD7FC, 0x6E2E, 0x0240, 0x01A0, 0x0100, 0x00A0, 0x0080, 0x0060, 0x0060, 0x0060, 0x0060, 0x0060,
  0x0060, 0x0080, 0x00A0, 0x00C0, 0x0100, 0x01A0, 0x0260, 0x3506, 0xBFF9, 0xB7D8, 0xC7FA, 0xB797,
  0x766E, 0x7E6F, 0x6E2E, 0x65ED, 0x660D, 0x662D, 0x662D, 0x660D, 0x660D, 0x6DCE, 0x6DAF, 0x1B24,
  0x0120, 0x0100, 0x00E0, 0x0100, 0x0120, 0x0180, 0x0220, 0x0320, 0x86D2, 0xC7FA, 0xBFD8, 0xC7FA,
  0xB7B8, 0x1423, 0x02A0, 0x0220, 0x0200, 0x0260, 0x0BC1, 0xA775, 0xCFFB, 0xC7D9, 0xCFFB, 0xA796,
  0x0B42, 0x01C0, 0x0140, 0x00C0, 0x0080, 0x0060, 0x0040, 0x0040, 0x0020, 0x0020, 0x0020, 0x0040,
  0x0040, 0x0060, 0x0060, 0x0080, 0x00C0, 0x0140, 0x0220, 0x0B61, 0x9F55, 0xC7F9, 0xBFD9, 0xC7D9,
  0xCFFA, 0xC7D9, 0x1423, 0x0260, 0x01C0, 0x0160, 0x0140, 0x0160, 0x01E0, 0x02A0, 0x24A4, 0xCFFA,
  0xC7DA, 0xC7D9, 0xC7D9, 0xC7DA, 0xBFF9, 0x1BC3, 0x01E0, 0x01A0, 0x0100, 0x00E0, 0x00C0, 0x00C0,
  0x00C0, 0x00C0, 0x00E0, 0x0120, 0x01C0, 0x0280, 0x4DC9, 0xD7FC, 0xC7D9, 0xBFF9, 0xBFF9, 0xBFD8,
  0xCFFB, 0x86B1, 0x0340, 0x0220, 0x0160, 0x0100, 0x00E0, 0x00C0, 0x00A0, 0x00A0, 0x00A0, 0x00C0,
  0x00E0, 0x0120, 0x01A0, 0x0340, 0x9753, 0xD7FB, 0xBFD8, 0xB7D8, 0xBFF9, 0x8F12, 0x65ED, 0x65AD,
  0x65ED, 0x6E2D, 0x660D, 0x768F, 0xB7F8, 0xC7FA, 0xBFD9, 0xCFFA, 0x9F35, 0x0A61, 0x0140, 0x0120,
  0x0120, 0x0160, 0x01C0, 0x0220, 0x3486, 0xC7FA, 0xBFD8, 0xCFFB, 0x8ED2, 0x02A0, 0x01C0, 0x0140,
  0x0100, 0x00E0, 0x0100, 0x0140, 0x01A0, 0x0220, 0x13A2, 0xAFB7, 0xBFF9, 0xC7FA, 0xBFD9, 0x1BA3,
  0x01C0, 0x0140, 0x0100, 0x0100, 0x0140, 0x01A0, 0x0280, 0x7630, 0x9F34, 0x8F13, 0x9754, 0xBFF9,
  0xBFD9, 0xBFF9, 0xAFB7, 0x8712, 0x8EF3, 0x9F14, 0x3C68, 0x0140, 0x0140, 0x0120, 0x0140, 0x01A0,
  0x0200, 0x0B81, 0xAF97, 0xC7F9, 0xBFD9, 0xBFD9, 0xC7D9, 0xBFD9, 0x2484, 0x02C0, 0x0220, 0x01A0,
  0x0160, 0x0180, 0x0200, 0x02A0, 0x86D2, 0xC7FA, 0xBFD9, 0xC7FA, 0x3487, 0x01C0, 0x0160, 0x0100,
  0x00C0, 0x00C0, 0x00C0, 0x00C0, 0x00C0, 0x00E0, 0x0120, 0x01E0, 0x02C0, 0x5DEC, 0xD7FC, 0xBFD9,
  0xBFF9, 0xC7FA, 0xC7D9, 0xDFFC, 0x764F, 0x02A0, 0x01E0, 0x0120, 0x00C0, 0x00A0, 0x0080, 0x0060,
  0x0040, 0x0040, 0x0020, 0x0020, 0x0000, 0x0000, 0x0000, 0x0000, 0x0000, 0x0000, 0x0000, 0x0000,
  0x0000, 0x0000, 0x0000, 0x0000, 0x0000, 0x0000, 0x0000, 0x0000, 0x0000, 0x0000, 0x0000, 0x0000,
  0x0000, 0x0000, 0x0000, 0x0000, 0x0000, 0x0000, 0x0000, 0x0000, 0x0000, 0x0000, 0x0000, 0x0000,
  0x0000, 0x0000, 0x0000, 0x0000, 0x0000, 0x0000, 0x0000, 0x0000, 0x0000, 0x0000, 0x0000, 0x0000,
  0x0000, 0x0000, 0x0000, 0x0000, 0x0000, 0x0000, 0x0000, 0x0020, 0x0020, 0x0040, 0x0060, 0x0080,
  0x00A0, 0x00C0, 0x0120, 0x01C0, 0x0280, 0x6E2F, 0xD7FC, 0xBFD9, 0xDFFC, 0x6E2E, 0x0240, 0x01A0,
  0x0100, 0x00A0, 0x0080, 0x0080, 0x0060, 0x0060, 0x0060, 0x0060, 0x0060, 0x0080, 0x00A0, 0x00C0,
  0x0100, 0x01A0, 0x0260, 0x3506, 0xC7FA, 0xBFD8, 0xC7FA, 0x8F12, 0x0360, 0x0300, 0x02C0, 0x0280,
  0x02A0, 0x02C0, 0x02C0, 0x0280, 0x0240, 0x01E0, 0x0180, 0x0140, 0x0120, 0x0100, 0x00E0, 0x00E0,
  0x0100, 0x0140, 0x01C0, 0x0200, 0x1382, 0xAFB7, 0xC7FA, 0xBFD9, 0xD7FC, 0x9713, 0x03A0, 0x02C0,
  0x0260, 0x02A0, 0x6E4F, 0xC7FA, 0xB7D8, 0xCFDA, 0xD7FB, 0x2CA6, 0x0260, 0x01C0, 0x0100, 0x00A0,
  0x0080, 0x0060, 0x0040, 0x0040, 0x0020, 0x0020, 0x0020, 0x0040, 0x0040, 0x0060, 0x0060, 0x00A0,
  0x00C0, 0x0140, 0x0200, 0x0381, 0xA776, 0xCFFA, 0xC7D9, 0xC7D9, 0xBFD9, 0xCFFB, 0x766F, 0x02C0,
  0x0220, 0x01C0, 0x01A0, 0x01A0, 0x01E0, 0x02C0, 0x86D1, 0xCFFB, 0xBFD9, 0xC7D9, 0xC7D9, 0xC7FA,
  0xC7F9, 0x1C23, 0x0220, 0x01A0, 0x0120, 0x00E0, 0x00E0, 0x00C0, 0x00C0, 0x00E0, 0x0100, 0x0160,
  0x01E0, 0x02C0, 0x86F2, 0xCFFB, 0xC7FA, 0xBFD8, 0xAFB7, 0xBFF9, 0xC7FA, 0xBFD9, 0x1C43, 0x0240,
  0x01A0, 0x0120, 0x00E0, 0x00C0, 0x00C0, 0x00C0, 0x00C0, 0x00E0, 0x0120, 0x01A0, 0x0260, 0x6E4F,
  0xC7FA, 0xBFD8, 0xC7FA, 0xCFFB, 0x5DCC, 0x0320, 0x02A0, 0x0240, 0x0260, 0x02C0, 0x02E0, 0x0300,
  0x3507, 0xBFD9, 0xDFFC, 0xD7FC, 0xB7B8, 0x2B65, 0x0140, 0x0160, 0x0140, 0x0160, 0x01C0, 0x0220,
  0x3487, 0xC7FA, 0xBFD9, 0xCFFB, 0x8ED2, 0x0260, 0x01C0, 0x0160, 0x0120, 0x0120, 0x0120, 0x0160,
  0x01C0, 0x0240, 0x13C2, 0xB7B8, 0xC7F9, 0xC7FA, 0xBFD9, 0x1BC3, 0x0200, 0x0180, 0x0120, 0x0100,
  0x0120, 0x0140, 0x0180, 0x0240, 0x0320, 0x0360, 0x3526, 0xC7FA, 0xBFD9, 0xCFFB, 0x9F34, 0x0440,
  0x0360, 0x0280, 0x01E0, 0x0160, 0x0120, 0x0120, 0x0140, 0x01A0, 0x0220, 0x0BA1, 0xAF97, 0xC7F9,
  0xBFD9, 0xBFD9, 0xBFD9, 0xD7FC, 0xA755, 0x03E0, 0x02A0, 0x01C0, 0x0180, 0x0180, 0x01E0, 0x02A0,
  0x8ED2, 0xCFFB, 0xBFD9, 0xCFFB, 0x3487, 0x01C0, 0x0160, 0x0100, 0x00E0, 0x00E0, 0x00C0, 0x00C0,
  0x00E0, 0x0100, 0x0160, 0x01E0, 0x0320, 0xA755, 0xD7FB, 0xC7FA, 0xB7D8, 0xB7D8, 0xC7FA, 0xC7FA,
  0xAF97, 0x0B81, 0x0200, 0x0160, 0x0100, 0x00A0, 0x0080, 0x0060, 0x0040, 0x0040, 0x0020, 0x0020,
  0x0000, 0x0000, 0x0000, 0x0000, 0x0000, 0x0000, 0x0000, 0x0000, 0x0000, 0x0000, 0x0000, 0x0000,
  0x0000, 0x0000, 0x0000, 0x0000, 0x0000, 0x0000, 0x0000, 0x0000, 0x0000, 0x0000, 0x0000, 0x0000,
  0x0000, 0x0000, 0x0000, 0x0000, 0x0000, 0x0000, 0x0000, 0x0000, 0x0000, 0x0000, 0x0000, 0x0000,
  0x0000, 0x0000, 0x0000, 0x0000, 0x0000, 0x0000, 0x0000, 0x0000, 0x0000, 0x0000, 0x0000, 0x0000,
  0x0000, 0x0000, 0x0000, 0x0020, 0x0020, 0x0040, 0x0040, 0x0080, 0x00A0, 0x00C0, 0x0140, 0x01C0,
  0x0280, 0x6E2F, 0xD7FC, 0xC7D9, 0xDFFC, 0x6E2E, 0x0240, 0x01A0, 0x0100, 0x00C0, 0x00A0, 0x0080,
  0x0060, 0x0060, 0x0060, 0x0060, 0x0060, 0x0080, 0x00A0, 0x00C0, 0x0100, 0x01A0, 0x0240, 0x34E6,
  0xC7FA, 0xBFD9, 0xC7FA, 0x8F13, 0x0360, 0x02E0, 0x0280, 0x0240, 0x0220, 0x0220, 0x0200, 0x01E0,
  0x01E0, 0x01A0, 0x0180, 0x0120, 0x00E0, 0x00E0, 0x00C0, 0x00E0, 0x0100, 0x0120, 0x0160, 0x01E0,
  0x0240, 0x3D08, 0xCFFB, 0xC7D9, 0xBFD9, 0xCFFB, 0x4DCA, 0x0320, 0x0320, 0x4DAA, 0xCFFB, 0xBFD9,
  0xC7D9, 0xD7FC, 0x5D8C, 0x0260, 0x0200, 0x0120, 0x00C0, 0x00A0, 0x0060, 0x0060, 0x0040, 0x0040,
  0x0020, 0x0020, 0x0040, 0x0040, 0x0040, 0x0060, 0x0080, 0x00A0, 0x00E0, 0x0160, 0x01E0, 0x0B60,
  0xA776, 0xCFFA, 0xC7D9, 0xBFD9, 0xBFD9, 0xBFD9, 0xBFF9, 0x2464, 0x02A0, 0x0260, 0x0200, 0x0220,
  0x0220, 0x2C86, 0xBFF9, 0xBFD9, 0xBFD9, 0xBFD9, 0xBFD9, 0xC7DA, 0xBFF9, 0x1C23, 0x0220, 0x01A0,
  0x0120, 0x0100, 0x00E0, 0x00E0, 0x00E0, 0x0100, 0x0140, 0x01A0, 0x0220, 0x1C24, 0xBFD9, 0xC7D9,
  0xD7FB, 0x9733, 0x566B, 0xCFFB, 0xBFD9, 0xCFFB, 0x558B, 0x0220, 0x0200, 0x0160, 0x0100, 0x00E0,
  0x00C0, 0x00C0, 0x00E0, 0x0100, 0x0160, 0x01C0, 0x4D0A, 0xC7FB, 0xB7B8, 0xBFD9, 0xCFFB, 0x5DEC,
  0x02E0, 0x0260, 0x0220, 0x0200, 0x0200, 0x0200, 0x0220, 0x0260, 0x0240, 0x3CA8, 0xAF36, 0x554C,
  0x0B02, 0x01C0, 0x0160, 0x0140, 0x0120, 0x0140, 0x01A0, 0x0200, 0x34A7, 0xC7FA, 0xBFD9, 0xCFFB,
  0x86B1, 0x0260, 0x01E0, 0x01A0, 0x0160, 0x0140, 0x0140, 0x0180, 0x01C0, 0x0240, 0x13E2, 0xB7D8,
  0xC7FA, 0xC7FA, 0xBFD8, 0x13A2, 0x0200, 0x0180, 0x0120, 0x0100, 0x0100, 0x0120, 0x0160, 0x01C0,
  0x0280, 0x0300, 0x3D27, 0xCFFA, 0xBFD9, 0xCFFB, 0x9714, 0x03A0, 0x02A0, 0x01E0, 0x0160, 0x0140,
  0x0120, 0x0120, 0x0140, 0x01A0, 0x0200, 0x0BA1, 0xAFB7, 0xC7FA, 0xBFD9, 0xC7FA, 0xC7FA, 0xBFD9,
  0xCFFB, 0x4D8A, 0x0280, 0x0220, 0x01C0, 0x01C0, 0x0240, 0x0300, 0x8EF3, 0xCFFB, 0xBFD9, 0xCFFB,
  0x3487, 0x01E0, 0x0180, 0x0100, 0x00E0, 0x00E0, 0x00E0, 0x00E0, 0x00E0, 0x0140, 0x01C0, 0x0240,
  0x2C86, 0xBFF9, 0xBFD9, 0xDFFC, 0x8711, 0x6ECE, 0xD7FC, 0xC7D9, 0xCFFB, 0x4508, 0x0220, 0x01C0,
  0x0120, 0x00C0, 0x00A0, 0x0080, 0x0060, 0x0040, 0x0040, 0x0020, 0x0020, 0x0000, 0x0000, 0x0000,
  0x0000, 0x0000, 0x0000, 0x0000, 0x0000, 0x0000, 0x0000, 0x0000, 0x0000, 0x0000, 0x0000, 0x0000,
  0x0000, 0x0000, 0x0000, 0x0000, 0x0000, 0x0000, 0x0000, 0x0000, 0x0000, 0x0000, 0x0000, 0x0000,
  0x0000, 0x0000, 0x0000, 0x0000, 0x0000, 0x0000, 0x0000, 0x0000, 0x0000, 0x0000, 0x0000, 0x0000,
  0x0000, 0x0000, 0x0000, 0x0000, 0x0000, 0x0000, 0x0000, 0x0000, 0x0000, 0x0000, 0x0000, 0x0020,
  0x0020, 0x0040, 0x0040, 0x0080, 0x00A0, 0x00E0, 0x0140, 0x01C0, 0x02A0, 0x6E4F, 0xD7FC, 0xC7DA,
  0xD7FC, 0x6E2E, 0x0240, 0x01A0, 0x0120, 0x00C0, 0x00A0, 0x0080, 0x0080, 0x0060, 0x0060, 0x0060,
  0x0080, 0x0080, 0x00A0, 0x00C0, 0x0100, 0x01A0, 0x0220, 0x2CC6, 0xC7FA, 0xBFD9, 0xCFFB, 0x8F13,
  0x0360, 0x02C0, 0x0260, 0x0200, 0x01E0, 0x01C0, 0x01C0, 0x01C0, 0x01A0, 0x0180, 0x0140, 0x0100,
  0x00E0, 0x00C0, 0x00C0, 0x00C0, 0x00E0, 0x0100, 0x0140, 0x01A0, 0x0240, 0x02E0, 0x6E4E, 0xC7FA,
  0xB7D8, 0xBFD8, 0xBFD9, 0x24C4, 0x1D04, 0xCFFB, 0xCFFA, 0xBFD9, 0xCFFB, 0x7E91, 0x0280, 0x01E0,
  0x0160, 0x00E0, 0x00A0, 0x0080, 0x0060, 0x0040, 0x0040, 0x0020, 0x0020, 0x0020, 0x0040, 0x0040,
  0x0040, 0x0060, 0x0080, 0x00A0, 0x00E0, 0x0160, 0x01E0, 0x0B61, 0xA775, 0xC7FA, 0xC7D9, 0xC7FA,
  0xC7FA, 0xBFD9, 0xCFFB, 0x8ED2, 0x0360, 0x02E0, 0x0280, 0x02C0, 0x0380, 0x9734, 0xCFFB, 0xBFD9,
  0xC7FA, 0xC7F9, 0xC7D9, 0xC7FA, 0xC7F9, 0x1C23, 0x0220, 0x01A0, 0x0120, 0x0100, 0x00E0, 0x00E0,
  0x0100, 0x0120, 0x0160, 0x01E0, 0x0280, 0x662D, 0xD7FC, 0xBFD9, 0xD7FC, 0x55EB, 0x0CA2, 0xBFD9,
  0xBFD9, 0xC7FA, 0x9F34, 0x0300, 0x0220, 0x0180, 0x0120, 0x00E0, 0x00E0, 0x00E0, 0x0100, 0x0120,
  0x0180, 0x01C0, 0x5D6C, 0xCFFB, 0xBFB9, 0xCFFB, 0x768F, 0x0340, 0x02A0, 0x01E0, 0x0180, 0x0180,
  0x0180, 0x0160, 0x0160, 0x0180, 0x01C0, 0x0200, 0x0280, 0x01C0, 0x01A0, 0x0180, 0x0140, 0x0120,
  0x0120, 0x0140, 0x01A0, 0x0200, 0x34A7, 0xC7FA, 0xBFD9, 0xC7FA, 0x86D1, 0x02E0, 0x0240, 0x01E0,
  0x01A0, 0x01A0, 0x01A0, 0x01C0, 0x0200, 0x0260, 0x1402, 0xB7D8, 0xC7FA, 0xC7FA, 0xB7B7, 0x1362,
  0x01C0, 0x0160, 0x0120, 0x0100, 0x0100, 0x0120, 0x0160, 0x01C0, 0x0240, 0x02C0, 0x3507, 0xC7FA,
  0xB7D8, 0xC7FA, 0x86D2, 0x02E0, 0x0240, 0x01C0, 0x0160, 0x0120, 0x0120, 0x0120, 0x0140, 0x01A0,
  0x0200, 0x0BA1, 0xAFB7, 0xC7FA, 0xBFF9, 0xA796, 0xAFD7, 0xB7D8, 0xB7D8, 0xB7B8, 0x1C43, 0x02E0,
  0x0260, 0x0220, 0x0280, 0x0320, 0x8EF3, 0xCFFB, 0xBFD9, 0xCFFA, 0x3486, 0x01E0, 0x0180, 0x0120,
  0x00E0, 0x00E0, 0x00E0, 0x00E0, 0x0120, 0x0160, 0x0200, 0x02E0, 0x768F, 0xC7FA, 0xB7D8, 0xCFFB,
  0x3DC8, 0x2DA5, 0xDFFC, 0xC7DA, 0xCFFB, 0x86D2, 0x02C0, 0x0200, 0x0140, 0x00E0, 0x00A0, 0x0080,
  0x0060, 0x0060, 0x0040, 0x0020, 0x0020, 0x0000, 0x0000, 0x0000, 0x0000, 0x0000, 0x0000, 0x0000,
  0x0000, 0x0000, 0x0000, 0x0000, 0x0000, 0x0000, 0x0000, 0x0000, 0x0000, 0x0000, 0x0000, 0x0000,
  0x0000, 0x0000, 0x0000, 0x0000, 0x0000, 0x0000, 0x0000, 0x0000, 0x0000, 0x0000, 0x0000, 0x0000,
  0x0000, 0x0000, 0x0000, 0x0000, 0x0000, 0x0000, 0x0000, 0x0000, 0x0000, 0x0000, 0x0000, 0x0000,
  0x0000, 0x0000, 0x0000, 0x0000, 0x0000, 0x0000, 0x0000, 0x0020, 0x0020, 0x0040, 0x0040, 0x0080,
  0x00A0, 0x00C0, 0x0140, 0x01C0, 0x0260, 0x6E2F, 0xD7FC, 0xC7D9, 0xD7FC, 0x6E2E, 0x0260, 0x01C0,
  0x0120, 0x00C0, 0x00A0, 0x0080, 0x0080, 0x0080, 0x0060, 0x0060, 0x0080, 0x00A0, 0x00A0, 0x00C0,
  0x0120, 0x01A0, 0x0240, 0x2CC6, 0xC7FA, 0xBFD9, 0xC7FA, 0x86F2, 0x0320, 0x02A0, 0x0260, 0x0220,
  0x0220, 0x0220, 0x0200, 0x0200, 0x01C0, 0x0160, 0x0100, 0x00E0, 0x00C0, 0x00C0, 0x00C0, 0x00C0,
  0x00E0, 0x00E0, 0x0120, 0x0160, 0x01E0, 0x0260, 0x0360, 0x9734, 0xCFFA, 0xBFD9, 0xD7FB, 0xA775,
  0x9F75, 0xCFFB, 0xBFD8, 0xBFF9, 0x9F55, 0x0B41, 0x0220, 0x01A0, 0x0120, 0x00C0, 0x00A0, 0x0080,
  0x0060, 0x0040, 0x0040, 0x0020, 0x0020, 0x0020, 0x0040, 0x0040, 0x0040, 0x0060, 0x0080, 0x00A0,
  0x00C0, 0x0140, 0x01E0, 0x0340, 0x9F55, 0xC7FA, 0xC7FA, 0xB7B7, 0xB7B7, 0xC7FA, 0xC7DA, 0xDFFC,
  0x3D68, 0x0360, 0x0320, 0x0360, 0x4DE9, 0xD7FC, 0xBFD9, 0xC7FA, 0xAFB7, 0xBFD8, 0xC7FA, 0xC7DA,
  0xBFF9, 0x1C23, 0x0220, 0x01A0, 0x0140, 0x0100, 0x0100, 0x0100, 0x0100, 0x0140, 0x01A0, 0x0220,
  0x0380, 0x9F75, 0xC7FA, 0xBFD9, 0xB7D8, 0x1C63, 0x03C0, 0x8F12, 0xCFFB, 0xC7D9, 0xCFFB, 0x34A6,
  0x0260, 0x01C0, 0x0140, 0x0100, 0x00E0, 0x0100, 0x0100, 0x0140, 0x01C0, 0x0200, 0x558B, 0xC7FA,
  0xB7B8, 0xCFFB, 0x5DEC, 0x02E0, 0x0240, 0x01A0, 0x0140, 0x0140, 0x0140, 0x0120, 0x0120, 0x0120,
  0x0140, 0x0160, 0x0180, 0x0180, 0x0140, 0x0120, 0x0120, 0x0100, 0x0100, 0x0120, 0x01A0, 0x0200,
  0x3486, 0xC7FA, 0xBFD9, 0xC7FA, 0x86D1, 0x0380, 0x02E0, 0x0260, 0x0220, 0x0220, 0x0220, 0x0240,
  0x0280, 0x02E0, 0x1443, 0xBFD9, 0xCFFA, 0xC7FA, 0xB7B8, 0x1362, 0x01E0, 0x0180, 0x0120, 0x0100,
  0x0100, 0x0120, 0x0140, 0x0180, 0x0200, 0x0260, 0x34C7, 0xC7FA, 0xBFD8, 0xC7FA, 0x8ED2, 0x02C0,
  0x0220, 0x01A0, 0x0140, 0x0120, 0x0120, 0x0120, 0x0140, 0x0180, 0x0200, 0x0B81, 0xAFB7, 0xC7FA,
  0xC7FA, 0x76CF, 0x668D, 0xCFFB, 0xBFD9, 0xD7FC, 0x9F34, 0x03C0, 0x02C0, 0x0240, 0x0280, 0x0300,
  0x86F2, 0xC7FA, 0xBFD9, 0xC7FA, 0x3486, 0x0200, 0x01A0, 0x0120, 0x0100, 0x00E0, 0x0100, 0x0100,
  0x0140, 0x01A0, 0x0220, 0x0BE2, 0xB7B8, 0xC7DA, 0xC7FA, 0xAF97, 0x0CA1, 0x04A0, 0xA776, 0xCFFB,
  0xBFF9, 0xBFD9, 0x1C23, 0x0240, 0x0180, 0x0100, 0x00A0, 0x0080, 0x0080, 0x0060, 0x0040, 0x0020,
  0x0020, 0x0000, 0x0000, 0x0000, 0x0000, 0x0000, 0x0000, 0x0000, 0x0000, 0x0000, 0x0000, 0x0000,
  0x0000, 0x0000, 0x0000, 0x0000, 0x0000, 0x0000, 0x0000, 0x0000, 0x0000, 0x0000, 0x0000, 0x0000,
  0x0000, 0x0000, 0x0000, 0x0000, 0x0000, 0x0000, 0x0000, 0x0000, 0x0000, 0x0000, 0x0000, 0x0000,
  0x0000, 0x0000, 0x0000, 0x0000, 0x0000, 0x0000, 0x0000, 0x0000, 0x0000, 0x0000, 0x0000, 0x0000,
  0x0000, 0x0000, 0x0000, 0x0020, 0x0020, 0x0040, 0x0040, 0x0080, 0x00A0, 0x00C0, 0x0140, 0x01E0,
  0x0260, 0x6E0F, 0xD7FC, 0xC7D9, 0xD7FC, 0x6E2E, 0x0260, 0x01C0, 0x0120, 0x00C0, 0x00A0, 0x00A0,
  0x0080, 0x0080, 0x0080, 0x0080, 0x0080, 0x00A0, 0x00C0, 0x00E0, 0x0120, 0x01A0, 0x0240, 0x2CE6,
  0xBFFA, 0xB7D8, 0xC7FA, 0x86F1, 0x0380, 0x0340, 0x02E0, 0x02C0, 0x02C0, 0x0280, 0x0260, 0x0260,
  0x0200, 0x0180, 0x0120, 0x00E0, 0x00C0, 0x00C0, 0x00C0, 0x00C0, 0x00C0, 0x00E0, 0x0100, 0x0120,
  0x0180, 0x0220, 0x02C0, 0x24E4, 0xC7FA, 0xC7FA, 0xBFD9, 0xC7FA, 0xC7FA, 0xBFD9, 0xC7DA, 0xC7FA,
  0x2CA5, 0x0280, 0x0200, 0x0160, 0x0100, 0x00C0, 0x0080, 0x0060, 0x0060, 0x0040, 0x0040, 0x0020,
  0x0020, 0x0020, 0x0020, 0x0040, 0x0040, 0x0060, 0x0080, 0x0080, 0x00C0, 0x0140, 0x01E0, 0x0320,
  0x9F55, 0xCFFA, 0xCFFB, 0xA775, 0x4E2A, 0xC7FA, 0xBFF9, 0xCFFB, 0x9F74, 0x03E0, 0x0360, 0x0C41,
  0xA796, 0xC7FA, 0xB7D9, 0xBFF9, 0x4609, 0xAF97, 0xC7FA, 0xC7D9, 0xBFF8, 0x1C03, 0x0220, 0x01C0,
  0x0140, 0x0100, 0x0100, 0x0100, 0x0120, 0x0160, 0x01E0, 0x0260, 0x3D27, 0xC7FA, 0xB7B8, 0xC7FA,
  0x76B0, 0x0360, 0x03A0, 0x4DE9, 0xCFFB, 0xBFD9, 0xD7FB, 0x7E90, 0x02E0, 0x0240, 0x0180, 0x0120,
  0x0100, 0x0100, 0x0120, 0x0160, 0x01E0, 0x0260, 0x5DCC, 0xCFFB, 0xB7B8, 0xC7FA, 0x5DEC, 0x02A0,
  0x0220, 0x0180, 0x0140, 0x0120, 0x0100, 0x0100, 0x00E0, 0x00E0, 0x00E0, 0x0100, 0x0100, 0x0100,
  0x0100, 0x00E0, 0x00E0, 0x00E0, 0x00E0, 0x0120, 0x01A0, 0x0200, 0x3466, 0xC7FA, 0xBFD9, 0xC7FA,
  0x86D1, 0x0380, 0x0340, 0x0320, 0x02C0, 0x02A0, 0x02A0, 0x0320, 0x03A0, 0x03C0, 0x0C61, 0xB7B8,
  0xC7FA, 0xC7FA, 0xB7B8, 0x1382, 0x0200, 0x0180, 0x0120, 0x0100, 0x0100, 0x0100, 0x0120, 0x0160,
  0x01C0, 0x0220, 0x34A7, 0xC7FA, 0xBFD9, 0xCFFB, 0x96F3, 0x02C0, 0x0200, 0x0180, 0x0120, 0x0100,
  0x0100, 0x0120, 0x0120, 0x01A0, 0x0200, 0x0B81, 0xAFB7, 0xC7FA, 0xCFFB, 0x8F12, 0x0D21, 0xB7B8,
  0xCFFB, 0xBFD9, 0xCFFB, 0x4D6A, 0x0280, 0x0280, 0x0280, 0x0300, 0x86F2, 0xC7FA, 0xBFD9, 0xC7FA,
  0x34A6, 0x0220, 0x01A0, 0x0120, 0x0100, 0x0100, 0x0100, 0x0120, 0x0160, 0x0200, 0x0280, 0x4D89,
  0xC7FA, 0xB7D8, 0xCFFB, 0x768F, 0x03E0, 0x03A0, 0x55CB, 0xCFFB, 0xBFD9, 0xD7FC, 0x65ED, 0x0280,
  0x01E0, 0x0120, 0x00C0, 0x00A0, 0x0080, 0x0060, 0x0040, 0x0040, 0x0020, 0x0020, 0x0000, 0x0000,
  0x0000, 0x0000, 0x0000, 0x0000, 0x0000, 0x0000, 0x0000, 0x0000, 0x0000, 0x0000, 0x0000, 0x0000,
  0x0000, 0x0000, 0x0000, 0x0000, 0x0000, 0x0000, 0x0000, 0x0000, 0x0000, 0x0000, 0x0000, 0x0000,
  0x0000, 0x0000, 0x0000, 0x0000, 0x0000, 0x0000, 0x0000, 0x0000, 0x0000, 0x0000, 0x0000, 0x0000,
  0x0000, 0x0000, 0x0000, 0x0000, 0x0000, 0x0000, 0x0000, 0x0000, 0x0000, 0x0000, 0x0000, 0x0020,
  0x0020, 0x0040, 0x0040, 0x0060, 0x00A0, 0x00E0, 0x0140, 0x01C0, 0x0260, 0x6E2E, 0xD7FC, 0xBFB9,
  0xD7FC, 0x6E2E, 0x0260, 0x01C0, 0x0120, 0x00C0, 0x00A0, 0x00A0, 0x0080, 0x0080, 0x0080, 0x0080,
  0x0080, 0x00A0, 0x00C0, 0x00E0, 0x0120, 0x01A0, 0x0240, 0x2CE6, 0xC7FA, 0xBFD9, 0xC7F9, 0xA796,
  0x6E8E, 0x768F, 0x7690, 0x7670, 0x766F, 0x764F, 0x764F, 0x7650, 0x8651, 0x23A5, 0x0160, 0x0100,
  0x00C0, 0x00A0, 0x00A0, 0x00A0, 0x00C0, 0x00C0, 0x00E0, 0x0100, 0x0160, 0x01C0, 0x0280, 0x0340,
  0x4DCA, 0xC7FA, 0xB7D8, 0xBFD8, 0xBFD9, 0xBFD9, 0xDFFD, 0x662D, 0x0340, 0x0280, 0x01A0, 0x0120,
  0x00E0, 0x00A0, 0x0080, 0x0060, 0x0060, 0x0040, 0x0040, 0x0020, 0x0020, 0x0020, 0x0020, 0x0040,
  0x0040, 0x0060, 0x0060, 0x0080, 0x00C0, 0x0140, 0x01E0, 0x0320, 0x9F55, 0xC7FA, 0xC7FA, 0xB7B7,
  0x0CE1, 0x8F33, 0xC7FA, 0xB7D8, 0xC7FA, 0x4589, 0x0380, 0x5E2C, 0xCFFB, 0xBFD9, 0xCFFB, 0x86F1,
  0x0CC1, 0xB7D8, 0xC7F9, 0xBFD9, 0xB7F8, 0x1C03, 0x0220, 0x01C0, 0x0140, 0x0120, 0x0120, 0x0120,
  0x0140, 0x0180, 0x0200, 0x02C0, 0x7EB0, 0xCFFA, 0xBFD9, 0xCFFB, 0x3D67, 0x0360, 0x03A0, 0x0C82,
  0xAFB7, 0xBFF9, 0xBFD9, 0xAFB7, 0x0BC2, 0x0240, 0x01C0, 0x0140, 0x0120, 0x0100, 0x0120, 0x0160,
  0x01E0, 0x0280, 0x5DEC, 0xD7FB, 0xBFB9, 0xCFFA, 0x55CB, 0x0280, 0x0200, 0x0180, 0x0120, 0x0100,
  0x0100, 0x00E0, 0x00C0, 0x00C0, 0x00C0, 0x00C0, 0x00C0, 0x00C0, 0x00C0, 0x00E0, 0x00E0, 0x00E0,
  0x00E0, 0x0120, 0x01A0, 0x0200, 0x3486, 0xC7FA, 0xC7D9, 0xC7FA, 0xAF96, 0x6E8F, 0x766F, 0x768F,
  0x7E90, 0x7E70, 0x7E70, 0x7EB1, 0x86F1, 0x86D1, 0x7ED1, 0xB7D8, 0xBFD9, 0xC7FA, 0xB7B8, 0x13A2,
  0x0200, 0x0180, 0x0120, 0x0100, 0x0100, 0x0100, 0x0120, 0x0160, 0x01C0, 0x0220, 0x34C7, 0xC7FA,
  0xBFD9, 0xCFFB, 0x96F3, 0x02A0, 0x01E0, 0x0160, 0x0120, 0x0100, 0x0100, 0x0100, 0x0120, 0x01A0,
  0x0200, 0x0B81, 0xAFB7, 0xC7FA, 0xD7FB, 0x9754, 0x04A0, 0x3DA7, 0xC7F9, 0xB7D8, 0xBFD8, 0xAFB7,
  0x1C23, 0x0300, 0x0320, 0x0360, 0x8F12, 0xCFFB, 0xBFD9, 0xCFFA, 0x34C7, 0x0220, 0x01C0, 0x0140,
  0x0120, 0x0100, 0x0100, 0x0140, 0x01A0, 0x0240, 0x0360, 0x9734, 0xCFFA, 0xB7D8, 0xBFF9, 0x2CC5,
  0x0340, 0x0340, 0x1C83, 0xBFF9, 0xC7DA, 0xCFFB, 0xA775, 0x0360, 0x0200, 0x0180, 0x00E0, 0x00A0,
  0x0080, 0x0060, 0x0060, 0x0040, 0x0020, 0x0020, 0x0000, 0x0000, 0x0000, 0x0000, 0x0000, 0x0000,
  0x0000, 0x0000, 0x0000, 0x0000, 0x0000, 0x0000, 0x0000, 0x0000, 0x0000, 0x0000, 0x0000, 0x0000,
  0x0000, 0x0000, 0x0000, 0x0000, 0x0000, 0x0000, 0x0000, 0x0000, 0x0000, 0x0000, 0x0000, 0x0000,
  0x0000, 0x0000, 0x0000, 0x0000, 0x0000, 0x0000, 0x0000, 0x0000, 0x0000, 0x0000, 0x0000, 0x0000,
  0x0000, 0x0000, 0x0000, 0x0000, 0x0000, 0x0000, 0x0000, 0x0020, 0x0020, 0x0040, 0x0040, 0x0060,
  0x0080, 0x00E0, 0x0140, 0x01C0, 0x0260, 0x6E2F, 0xD7FC, 0xBFD9, 0xD7FC, 0x6E2E, 0x0260, 0x01C0,
  0x0120, 0x00E0, 0x00C0, 0x00A0, 0x00A0, 0x00A0, 0x0080, 0x00A0, 0x00A0, 0x00A0, 0x00C0, 0x00E0,
  0x0120, 0x01A0, 0x0260, 0x2CE6, 0xC7FA, 0xBFD9, 0xBFD9, 0xBFF9, 0xBFFA, 0xC7FA, 0xCFFB, 0xCFFB,
  0xCFFB, 0xCFFB, 0xCFFB, 0xC7FA, 0xD7FC, 0x3C88, 0x0160, 0x0120, 0x00C0, 0x00A0, 0x00A0, 0x00A0,
  0x00A0, 0x00C0, 0x00E0, 0x0100, 0x0140, 0x01A0, 0x0240, 0x02E0, 0x0380, 0x7EF0, 0xC7FA, 0xBFD8,
  0xB7D8, 0xC7FA, 0x86F2, 0x0400, 0x02E0, 0x0200, 0x0160, 0x0120, 0x00E0, 0x00A0, 0x0080, 0x0060,
  0x0060, 0x0040, 0x0040, 0x0020, 0x0020, 0x0020, 0x0020, 0x0040, 0x0040, 0x0060, 0x0060, 0x0080,
  0x00C0, 0x0140, 0x01E0, 0x0341, 0x9F55, 0xBFF9, 0xBFD9, 0xAFB7, 0x04C0, 0x2D65, 0xC7FA, 0xBFD9,
  0xCFFA, 0xAF96, 0x25C4, 0xBFB9, 0xD7FB, 0xCFFB, 0xD7FB, 0x2585, 0x0CE2, 0xBFD8, 0xC7FA, 0xC7FA,
  0xBFF9, 0x1C23, 0x0240, 0x01E0, 0x0160, 0x0120, 0x0120, 0x0120, 0x0140, 0x01C0, 0x0220, 0x1403,
  0xAFD7, 0xBFD9, 0xCFFB, 0xB797, 0x0C41, 0x0380, 0x0380, 0x03E0, 0x7ED0, 0xCFFB, 0xBFB8, 0xC7FA,
  0x4529, 0x0200, 0x01C0, 0x0160, 0x0120, 0x0120, 0x0120, 0x0160, 0x01E0, 0x0280, 0x5DCC, 0xCFFB,
  0xBFB9, 0xCFFB, 0x5DEC, 0x0280, 0x0200, 0x0160, 0x0100, 0x00E0, 0x00E0, 0x00E0, 0x00C0, 0x00C0,
  0x00C0, 0x00C0, 0x00C0, 0x00C0, 0x00C0, 0x00C0, 0x00C0, 0x00C0, 0x00E0, 0x0120, 0x01A0, 0x0200,
  0x3487, 0xC7FA, 0xC7D9, 0xC7FA, 0xC7FA, 0xC7FA, 0xBFFA, 0xBFFA, 0xCFFB, 0xD7FC, 0xD7FC, 0xCFFB,
  0xCFFB, 0xCFFB, 0xC7FA, 0xBFD9, 0xBFD9, 0xC7FA, 0xBFD9, 0x13C2, 0x0200, 0x0180, 0x0120, 0x0100,
  0x00E0, 0x0100, 0x0120, 0x0140, 0x01C0, 0x0220, 0x34C7, 0xC7FA, 0xBFD9, 0xCFFB, 0x8EF3, 0x02A0,
  0x01E0, 0x0160, 0x0120, 0x0100, 0x0100, 0x0100, 0x0140, 0x01A0, 0x0200, 0x0B81, 0xAF97, 0xC7FA,
  0xCFFB, 0x8F12, 0x03C0, 0x0380, 0x6E6E, 0xCFFB, 0xBFD8, 0xCFFB, 0x9713, 0x0400, 0x0400, 0x0420,
  0x8F13, 0xCFFB, 0xBFD9, 0xCFFA, 0x34C6, 0x0240, 0x01C0, 0x0140, 0x0120, 0x0120, 0x0120, 0x0140,
  0x01E0, 0x0280, 0x2CE5, 0xC7FA, 0xBFD9, 0xCFFB, 0x9F34, 0x0360, 0x02E0, 0x0320, 0x03C0, 0x8F13,
  0xCFFB, 0xBFD9, 0xC7FA, 0x34E6, 0x0240, 0x01C0, 0x0120, 0x00C0, 0x00A0, 0x0080, 0x0060, 0x0040,
  0x0040, 0x0020, 0x0020, 0x0000, 0x0000, 0x0000, 0x0000, 0x0000, 0x0000, 0x0000, 0x0000, 0x0000,
  0x0000, 0x0000, 0x0000, 0x0000, 0x0000, 0x0000, 0x0000, 0x0000, 0x0000, 0x0000, 0x0000, 0x0000,
  0x0000, 0x0000, 0x0000, 0x0000, 0x0000, 0x0000, 0x0000, 0x0000, 0x0000, 0x0000, 0x0000, 0x0000,
  0x0000, 0x0000, 0x0000, 0x0000, 0x0000, 0x0000, 0x0000, 0x0000, 0x0000, 0x0000, 0x0000, 0x0000,
  0x0000, 0x0000, 0x0000, 0x0020, 0x0020, 0x0040, 0x0040, 0x0060, 0x00A0, 0x00E0, 0x0140, 0x01C0,
  0x0260, 0x6E2F, 0xD7FC, 0xBFD9, 0xD7FC, 0x6E2E, 0x0280, 0x01C0, 0x0140, 0x00E0, 0x00C0, 0x00C0,
  0x00A0, 0x00A0, 0x00A0, 0x00A0, 0x00A0, 0x00C0, 0x00C0, 0x00E0, 0x0120, 0x01A0, 0x0260, 0x3506,
  0xC7FA, 0xC7D9, 0xC7D9, 0xC7FA, 0xCFFB, 0xCFFB, 0xCFFB, 0xCFFB, 0xC7FB, 0xC7FA, 0xC7FA, 0xC7FA,
  0xCFFC, 0x3C88, 0x0160, 0x0140, 0x00E0, 0x00A0, 0x00A0, 0x00A0, 0x00A0, 0x00C0, 0x00E0, 0x0100,
  0x0140, 0x01A0, 0x0260, 0x0320, 0x0C82, 0xA775, 0xCFFA, 0xBFD9, 0xBFD8, 0xBFF9, 0x8732, 0x03A0,
  0x0280, 0x01E0, 0x0160, 0x0120, 0x00E0, 0x00A0, 0x0080, 0x0060, 0x0060, 0x0040, 0x0040, 0x0020,
  0x0020, 0x0020, 0x0020, 0x0020, 0x0040, 0x0060, 0x0060, 0x0080, 0x00C0, 0x0140, 0x01E0, 0x0320,
  0x9F55, 0xC7FA, 0xC7FA, 0xAF96, 0x1441, 0x03E0, 0x86F1, 0xDFFD, 0xCFFA, 0xCFFB, 0xB7D8, 0xCFFB,
  0xC7DA, 0xDFFC, 0x7ED0, 0x0440, 0x14A3, 0xAFB7, 0xC7FA, 0xC7DA, 0xBFF9, 0x1C23, 0x0240, 0x01E0,
  0x0160, 0x0120, 0x0120, 0x0140, 0x0180, 0x0200, 0x02A0, 0x5DEC, 0xCFFB, 0xBFD9, 0xCFFB, 0x5DEC,
  0x0320, 0x0320, 0x0340, 0x03A0, 0x3D87, 0xCFFA, 0xBFD9, 0xCFFA, 0x96F3, 0x02E0, 0x0200, 0x01A0,
  0x0140, 0x0120, 0x0120, 0x0160, 0x01E0, 0x0260, 0x5DCC, 0xCFFB, 0xBFD9, 0xCFFB, 0x5DEC, 0x02A0,
  0x0200, 0x0160, 0x0100, 0x00E0, 0x00E0, 0x00E0, 0x00C0, 0x00C0, 0x00C0, 0x00A0, 0x00A0, 0x00C0,
  0x00C0, 0x00C0, 0x00C0, 0x00C0, 0x00E0, 0x0120, 0x01A0, 0x0200, 0x3487, 0xC7FA, 0xBFD9, 0xBFD9,
  0xC7FA, 0xC7FA, 0xC7FA, 0xCFFB, 0xCFFB, 0xCFFB, 0xCFFB, 0xCFFB, 0xCFFB, 0xC7FA, 0xC7FA, 0xBFD9,
  0xBFD9, 0xC7FA, 0xBFD9, 0x13C2, 0x0220, 0x0180, 0x0120, 0x00E0, 0x00E0, 0x0100, 0x0100, 0x0140,
  0x01C0, 0x0220, 0x34C7, 0xC7FA, 0xBFD9, 0xCFFB, 0x96F3, 0x02C0, 0x01E0, 0x0180, 0x0120, 0x0100,
  0x0100, 0x0100, 0x0140, 0x01A0, 0x0200, 0x0B81, 0xAF97, 0xC7DA, 0xCFFB, 0x8EF2, 0x0340, 0x02E0,
  0x0BC2, 0xAF97, 0xC7FA, 0xBFD9, 0xCFFB, 0x4DAA, 0x03E0, 0x0420, 0x8712, 0xC7FA, 0xBFD9, 0xC7FA,
  0x34C6, 0x0220, 0x01C0, 0x0160, 0x0140, 0x0120, 0x0140, 0x0160, 0x0200, 0x0300, 0x768F, 0xD7FC,
  0xBFD9, 0xDFFC, 0x5DEC, 0x0360, 0x0300, 0x0300, 0x0360, 0x45C9, 0xCFFB, 0xBFD9, 0xD7FB, 0x7E90,
  0x02E0, 0x0200, 0x0140, 0x00E0, 0x00A0, 0x0080, 0x0060, 0x0040, 0x0040, 0x0020, 0x0020, 0x0000,
  0x0000, 0x0000, 0x0000, 0x0000, 0x0000, 0x0000, 0x0000, 0x0000, 0x0000, 0x0000, 0x0000, 0x0000,
  0x0000, 0x0000, 0x0000, 0x0000, 0x0000, 0x0000, 0x0000, 0x0000, 0x0000, 0x0000, 0x0000, 0x0000,
  0x0000, 0x0000, 0x0000, 0x0000, 0x0000, 0x0000, 0x0000, 0x0000, 0x0000, 0x0000, 0x0000, 0x0000,
  0x0000, 0x0000, 0x0000, 0x0000, 0x0000, 0x0000, 0x0000, 0x0000, 0x0000, 0x0000, 0x0000, 0x0020,
  0x0020, 0x0040, 0x0040, 0x0060, 0x00A0, 0x00E0, 0x0120, 0x01C0, 0x0260, 0x6E2F, 0xD7FC, 0xBFB9,
  0xD7FC, 0x662D, 0x0260, 0x01E0, 0x0140, 0x0100, 0x00E0, 0x00C0, 0x00C0, 0x00C0, 0x00A0, 0x00A0,
  0x00C0, 0x00C0, 0x00E0, 0x00E0, 0x0120, 0x01A0, 0x0240, 0x3527, 0xC7FB, 0xBFD9, 0xC7FA, 0xB7B8,
  0x86F1, 0x7ED1, 0x7E90, 0x766F, 0x764F, 0x764F, 0x7690, 0x7E90, 0x7E70, 0x2384, 0x0140, 0x0120,
  0x00C0, 0x00A0, 0x00A0, 0x00A0, 0x00A0, 0x00C0, 0x00E0, 0x0100, 0x0140, 0x01A0, 0x0280, 0x03A0,
  0x7EF0, 0xCFFB, 0xBFD9, 0xC7D9, 0xC7D9, 0xBFD9, 0xCFFB, 0x6E4E, 0x0320, 0x0260, 0x01A0, 0x0120,
  0x00E0, 0x00A0, 0x0080, 0x0060, 0x0060, 0x0040, 0x0040, 0x0020, 0x0020, 0x0020, 0x0020, 0x0020,
  0x0040, 0x0040, 0x0060, 0x0080, 0x00C0, 0x0140, 0x01E0, 0x0320, 0xA755, 0xC7FA, 0xC7FA, 0xAFB7,
  0x1461, 0x03C0, 0x2504, 0xC7DA, 0xC7FA, 0xC7F9, 0xC7FA, 0xBFD9, 0xC7FA, 0xAFB7, 0x1482, 0x0380,
  0x1442, 0xAFB7, 0xC7FA, 0xC7DA, 0xBFF9, 0x1C03, 0x0220, 0x01C0, 0x0140, 0x0120, 0x0120, 0x0140,
  0x01A0, 0x0260, 0x03C0, 0xA775, 0xCFFA, 0xBFD9, 0xB7D8, 0x1D04, 0x03C0, 0x03E0, 0x03E0, 0x03E0,
  0x0C81, 0x9F95, 0xC7FA, 0xC7D9, 0xCFFB, 0x2C85, 0x0260, 0x01C0, 0x0160, 0x0120, 0x0120, 0x0160,
  0x01E0, 0x0240, 0x5DAC, 0xCFFB, 0xBFD9, 0xD7FC, 0x5E0C, 0x02A0, 0x01E0, 0x0160, 0x0100, 0x00E0,
  0x00E0, 0x00E0, 0x00C0, 0x00C0, 0x00C0, 0x00C0, 0x00C0, 0x00C0, 0x00C0, 0x00C0, 0x00C0, 0x00C0,
  0x00E0, 0x0120, 0x01A0, 0x0200, 0x34A7, 0xC7FA, 0xBFD9, 0xC7FA, 0xA796, 0x6E8E, 0x76B0, 0x7EB0,
  0x7690, 0x6E4F, 0x762F, 0x762F, 0x6E2F, 0x6E6F, 0x7EF0, 0xBFD9, 0xC7DA, 0xC7FA, 0xBFB8, 0x13A2,
  0x0200, 0x0180, 0x0100, 0x0100, 0x00E0, 0x00E0, 0x0100, 0x0140, 0x01C0, 0x0220, 0x34C7, 0xC7FA,
  0xBFD9, 0xCFFB, 0x96F3, 0x02C0, 0x0200, 0x0180, 0x0120, 0x0100, 0x0100, 0x0100, 0x0140, 0x01A0,
  0x0200, 0x0B81, 0xAFB7, 0xC7FA, 0xCFFB, 0x8EF2, 0x0340, 0x0300, 0x02E0, 0x3D48, 0xC7FA, 0xBFD9,
  0xC7FA, 0xB7B8, 0x1CE3, 0x0460, 0x8F33, 0xC7FA, 0xBFD9, 0xCFFA, 0x34C7, 0x0220, 0x01C0, 0x0160,
  0x0140, 0x0140, 0x0160, 0x01A0, 0x0220, 0x0BC1, 0xB7B8, 0xCFFB, 0xCFFA, 0xBFD9, 0x1543, 0x0420,
  0x03A0, 0x03C0, 0x0460, 0x1522, 0xB7B7, 0xC7FA, 0xC7F9, 0xB7B7, 0x13E2, 0x0220, 0x0180, 0x0100,
  0x00A0, 0x0080, 0x0080, 0x0060, 0x0040, 0x0020, 0x0020, 0x0000, 0x0000, 0x0000, 0x0000, 0x0000,
  0x0000, 0x0000, 0x0000, 0x0000, 0x0000, 0x0000, 0x0000, 0x0000, 0x0000, 0x0000, 0x0000, 0x0000,
  0x0000, 0x0000, 0x0000, 0x0000, 0x0000, 0x0000, 0x0000, 0x0000, 0x0000, 0x0000, 0x0000, 0x0000,
  0x0000, 0x0000, 0x0000, 0x0000, 0x0000, 0x0000, 0x0000, 0x0000, 0x0000, 0x0000, 0x0000, 0x0000,
  0x0000, 0x0000, 0x0000, 0x0000, 0x0000, 0x0000, 0x0000, 0x0020, 0x0020, 0x0040, 0x0040, 0x0060,
  0x0080, 0x00C0, 0x0120, 0x01C0, 0x0260, 0x6E2E, 0xD7FC, 0xBFD9, 0xD7FC, 0x660D, 0x0260, 0x01E0,
  0x0160, 0x0120, 0x00E0, 0x00E0, 0x00E0, 0x00C0, 0x00C0, 0x00C0, 0x00C0, 0x00C0, 0x00E0, 0x00E0,
  0x0120, 0x01C0, 0x0260, 0x3506, 0xC7FA, 0xBFD9, 0xC7FA, 0x8F33, 0x0460, 0x03C0, 0x0300, 0x02A0,
  0x02A0, 0x02A0, 0x02E0, 0x02E0, 0x0240, 0x0180, 0x0120, 0x00E0, 0x00C0, 0x00A0, 0x00A0, 0x00A0,
  0x00C0, 0x00C0, 0x00E0, 0x0120, 0x0160, 0x0200, 0x0260, 0x4589, 0xCFFB, 0xBFD9, 0xBFD8, 0xBFF9,
  0xC7F9, 0xC7D9, 0xBFD9, 0xC7FA, 0x3D88, 0x02E0, 0x0220, 0x0160, 0x0100, 0x00C0, 0x0080, 0x0060,
  0x0060, 0x0040, 0x0040, 0x0020, 0x0020, 0x0020, 0x0020, 0x0020, 0x0040, 0x0060, 0x0060, 0x0080,
  0x00C0, 0x0140, 0x01C0, 0x0320, 0xA756, 0xC7FA, 0xC7FA, 0xB7B7, 0x0C61, 0x0380, 0x0340, 0x5E0D,
  0xC7FA, 0xBFD9, 0xC7D9, 0xBFD9, 0xCFFB, 0x55EB, 0x0360, 0x0380, 0x1442, 0xB7B8, 0xCFFA, 0xC7FA,
  0xC7F9, 0x1C03, 0x0220, 0x01C0, 0x0140, 0x0120, 0x0140, 0x0180, 0x0200, 0x02A0, 0x3506, 0xC7FA,
  0xBFD9, 0xBFD9, 0xB7D8, 0xA795, 0xAF96, 0xAF96, 0xA775, 0x9F54, 0x9754, 0xB7B8, 0xC7FA, 0xC7DA,
  0xDFFC, 0x6E4E, 0x0280, 0x01E0, 0x0180, 0x0140, 0x0140, 0x0160, 0x01E0, 0x0220, 0x5DAC, 0xD7FC,
  0xBFD9, 0xD7FC, 0x5DEC, 0x0260, 0x01C0, 0x0140, 0x0100, 0x0100, 0x0100, 0x0100, 0x00E0, 0x00E0,
  0x00E0, 0x00E0, 0x00E0, 0x00E0, 0x00E0, 0x00E0, 0x00E0, 0x00E0, 0x00E0, 0x0120, 0x01A0, 0x0220,
  0x34A7, 0xC7FA, 0xBFD9, 0xD7FC, 0x8F12, 0x0420, 0x03A0, 0x0340, 0x0300, 0x02C0, 0x0260, 0x0240,
  0x0280, 0x0320, 0x0CC1, 0xC7D9, 0xCFFB, 0xC7FA, 0xB7B8, 0x1382, 0x0200, 0x0180, 0x0100, 0x0100,
  0x00E0, 0x00E0, 0x0100, 0x0140, 0x01C0, 0x0220, 0x34C7, 0xC7FA, 0xBFD9, 0xCFFA, 0x96F3, 0x02E0,
  0x0200, 0x0180, 0x0120, 0x0100, 0x0100, 0x0120, 0x0140, 0x01A0, 0x0200, 0x0B81, 0xAFB7, 0xC7DA,
  0xC7FA, 0x86D1, 0x0320, 0x02E0, 0x0300, 0x0380, 0x7EB0, 0xCFFB, 0xB7D8, 0xC7FB, 0x8731, 0x04C0,
  0x9733, 0xCFFB, 0xBFD9, 0xCFFA, 0x34C7, 0x0220, 0x01C0, 0x0160, 0x0140, 0x0160, 0x0180, 0x0200,
  0x0260, 0x3D48, 0xCFFB, 0xBFD9, 0xC7FA, 0xBFD9, 0xAF96, 0xAF76, 0x9F75, 0xA775, 0xAF96, 0xA795,
  0xB7D8, 0xBFF9, 0xBFD8, 0xCFFB, 0x558A, 0x0260, 0x01C0, 0x0120, 0x00C0, 0x00A0, 0x0080, 0x0060,
  0x0040, 0x0020, 0x0020, 0x0000, 0x0000, 0x0000, 0x0000, 0x0000, 0x0000, 0x0000, 0x0000, 0x0000,
  0x0000, 0x0000, 0x0000, 0x0000, 0x0000, 0x0000, 0x0000, 0x0000, 0x0000, 0x0000, 0x0000, 0x0000,
  0x0000, 0x0000, 0x0000, 0x0000, 0x0000, 0x0000, 0x0000, 0x0000, 0x0000, 0x0000, 0x0000, 0x0000,
  0x0000, 0x0000, 0x0000, 0x0000, 0x0000, 0x0000, 0x0000, 0x0000, 0x0000, 0x0000, 0x0000, 0x0000,
  0x0000, 0x0000, 0x0000, 0x0020, 0x0020, 0x0040, 0x0040, 0x0060, 0x0080, 0x00C0, 0x0120, 0x01C0,
  0x0260, 0x6E2F, 0xD7FC, 0xBFD9, 0xD7FC, 0x660D, 0x0260, 0x0200, 0x0180, 0x0120, 0x0120, 0x0100,
  0x0100, 0x00E0, 0x00E0, 0x00E0, 0x00E0, 0x00E0, 0x00E0, 0x0100, 0x0140, 0x01C0, 0x0260, 0x2CE6,
  0xC7FA, 0xBFD9, 0xC7FA, 0x8F13, 0x03A0, 0x0320, 0x02A0, 0x0240, 0x0240, 0x0220, 0x0220, 0x01E0,
  0x01A0, 0x0160, 0x0100, 0x00E0, 0x00C0, 0x00A0, 0x00A0, 0x00A0, 0x00C0, 0x00E0, 0x0100, 0x0140,
  0x01E0, 0x0240, 0x1C24, 0xB7D8, 0xCFFA, 0xBFD9, 0xCFFA, 0x6EAF, 0x7EF1, 0xCFFB, 0xBFD8, 0xBFF9,
  0xAFB7, 0x1402, 0x0240, 0x01A0, 0x0120, 0x00C0, 0x00A0, 0x0060, 0x0060, 0x0040, 0x0040, 0x0020,
  0x0020, 0x0020, 0x0020, 0x0020, 0x0040, 0x0060, 0x0080, 0x0080, 0x00C0, 0x0140, 0x01C0, 0x0300,
  0xA755, 0xC7FA, 0xC7FA, 0xB7B8, 0x0BE1, 0x02C0, 0x02A0, 0x0BA1, 0xAF97, 0xD7FB, 0xC7FA, 0xD7FC,
  0xAF56, 0x03C1, 0x0340, 0x0340, 0x1463, 0xBFD9, 0xCFFA, 0xC7FA, 0xC7F9, 0x1BE3, 0x0200, 0x01C0,
  0x0160, 0x0140, 0x0160, 0x01C0, 0x0240, 0x0300, 0x768F, 0xCFFA, 0xBFD9, 0xBFD9, 0xBFD9, 0xC7FA,
  0xCFFB, 0xCFFA, 0xC7FA, 0xC7F9, 0xC7FA, 0xC7FA, 0xC7D9, 0xC7D9, 0xC7FA, 0x9F75, 0x0360, 0x0240,
  0x01C0, 0x0160, 0x0160, 0x0180, 0x01E0, 0x0220, 0x5DAC, 0xD7FC, 0xBFD9, 0xC7FB, 0x55AB, 0x0220,
  0x01E0, 0x0180, 0x0140, 0x0120, 0x0140, 0x0120, 0x0120, 0x0120, 0x0120, 0x0140, 0x0140, 0x0160,
  0x0120, 0x0100, 0x0100, 0x00E0, 0x0100, 0x0120, 0x01A0, 0x0200, 0x3487, 0xC7FA, 0xBFD9, 0xCFFB,
  0x8F13, 0x0400, 0x0300, 0x0260, 0x0200, 0x0200, 0x0200, 0x0200, 0x0260, 0x02C0, 0x1422, 0xC7D9,
  0xCFFB, 0xCFFA, 0xB7B8, 0x1362, 0x01E0, 0x0180, 0x0120, 0x0100, 0x00E0, 0x0100, 0x0120, 0x0160,
  0x01C0, 0x0240, 0x34C7, 0xC7FA, 0xBFD9, 0xC7FA, 0x96F3, 0x0300, 0x0220, 0x0180, 0x0120, 0x0100,
  0x0100, 0x0120, 0x0140, 0x01A0, 0x01E0, 0x0B81, 0xAFB7, 0xC7DA, 0xC7FA, 0x86B1, 0x02E0, 0x02A0,
  0x0280, 0x02A0, 0x0BC1, 0xA796, 0xBFF9, 0xB7D8, 0xC7FA, 0x3E08, 0x8711, 0xCFFB, 0xBFD9, 0xCFFB,
  0x34C7, 0x0220, 0x01C0, 0x0160, 0x0140, 0x0160, 0x01C0, 0x0260, 0x0340, 0x86D1, 0xC7FA, 0xBFD9,
  0xBFD9, 0xBFD9, 0xCFFA, 0xCFFB, 0xCFFB, 0xC7FA, 0xC7FA, 0xC7FA, 0xBFD9, 0xBFD9, 0xBFD9, 0xCFFB,
  0x9F34, 0x0320, 0x01E0, 0x0140, 0x00E0, 0x00A0, 0x0080, 0x0060, 0x0040, 0x0040, 0x0020, 0x0000,
  0x0000, 0x0000, 0x0000, 0x0000, 0x0000, 0x0000, 0x0000, 0x0000, 0x0000, 0x0000, 0x0000, 0x0000,
  0x0000, 0x0000, 0x0000, 0x0000, 0x0000, 0x0000, 0x0000, 0x0000, 0x0000, 0x0000, 0x0000, 0x0000,
  0x0000, 0x0000, 0x0000, 0x0000, 0x0000, 0x0000, 0x0000, 0x0000, 0x0000, 0x0000, 0x0000, 0x0000,
  0x0000, 0x0000, 0x0000, 0x0000, 0x0000, 0x0000, 0x0000, 0x0000, 0x0000, 0x0000, 0x0000, 0x0020,
  0x0020, 0x0020, 0x0040, 0x0060, 0x0080, 0x00C0, 0x0120, 0x01C0, 0x0240, 0x6E0F, 0xD7FC, 0xBFD9,
  0xCFFB, 0x662D, 0x02C0, 0x0240, 0x01A0, 0x0160, 0x0140, 0x0140, 0x0140, 0x0120, 0x0100, 0x0100,
  0x0100, 0x0100, 0x00E0, 0x0100, 0x0140, 0x01C0, 0x0240, 0x2CC6, 0xBFF9, 0xBFD8, 0xCFFB, 0x9713,
  0x0340, 0x02A0, 0x0260, 0x0220, 0x01E0, 0x01E0, 0x01C0, 0x01A0, 0x0180, 0x0160, 0x0120, 0x00E0,
  0x00C0, 0x00C0, 0x00A0, 0x00C0, 0x00C0, 0x00E0, 0x0120, 0x0180, 0x0220, 0x0381, 0x9F54, 0xC7FA,
  0xBFD9, 0xCFFB, 0xAF96, 0x0481, 0x14A2, 0xAFB7, 0xBFF9, 0xB7D8, 0xC7FA, 0x86D2, 0x02C0, 0x01E0,
  0x0160, 0x00E0, 0x00A0, 0x0080, 0x0060, 0x0060, 0x0040, 0x0020, 0x0020, 0x0020, 0x0020, 0x0040,
  0x0040, 0x0060, 0x0080, 0x0080, 0x00C0, 0x0140, 0x01C0, 0x0300, 0x9F55, 0xC7FA, 0xC7FA, 0xAF97,
  0x0B81, 0x0280, 0x02A0, 0x02E0, 0x4D6A, 0xBF78, 0xA735, 0xA756, 0x3467, 0x0260, 0x02C0, 0x02E0,
  0x1423, 0xBFB8, 0xC7FA, 0xC7DA, 0xBFF9, 0x1BE3, 0x0200, 0x01C0, 0x0160, 0x0160, 0x0180, 0x01E0,
  0x0260, 0x13E2, 0xA7B6, 0xBFD9, 0xC7D9, 0xCFFB, 0xD7FB, 0xCFFB, 0xC7FA, 0xC7FA, 0xC7FA, 0xCFFA,
  0xCFFB, 0xCFFB, 0xC7FA, 0xBFD9, 0xBFD9, 0xCFFB, 0x4548, 0x02A0, 0x01E0, 0x0160, 0x0140, 0x0160,
  0x01C0, 0x0220, 0x65AD, 0xCFFB, 0xB7B8, 0xC7FA, 0x5E0D, 0x02C0, 0x02A0, 0x01E0, 0x0180, 0x0180,
  0x0180, 0x0180, 0x0160, 0x0180, 0x0180, 0x01A0, 0x0220, 0x0180, 0x0180, 0x0160, 0x0120, 0x0100,
  0x00E0, 0x0120, 0x01A0, 0x01E0, 0x3487, 0xC7FA, 0xBFD9, 0xC7FA, 0x86D1, 0x0320, 0x0260, 0x01E0,
  0x0180, 0x0160, 0x0180, 0x01C0, 0x0220, 0x02A0, 0x1402, 0xB7B8, 0xCFFA, 0xC7FA, 0xB7B8, 0x1362,
  0x01E0, 0x0180, 0x0120, 0x0100, 0x0100, 0x0100, 0x0140, 0x0180, 0x0200, 0x0260, 0x34C7, 0xBFF9,
  0xBFD8, 0xC7FA, 0x9713, 0x0360, 0x0260, 0x01A0, 0x0140, 0x0120, 0x0120, 0x0120, 0x0140, 0x01A0,
  0x01E0, 0x0B61, 0xAFB7, 0xC7DA, 0xCFFA, 0x86B1, 0x02C0, 0x0280, 0x0220, 0x0240, 0x0280, 0x3507,
  0xC7FA, 0xBFD9, 0xCFFB, 0xB7D7, 0x9F95, 0xCFFA, 0xC7D9, 0xD7FB, 0x34C7, 0x0220, 0x01C0, 0x0160,
  0x0140, 0x0180, 0x0200, 0x02C0, 0x1CC4, 0xB7D8, 0xBFD9, 0xBFD9, 0xC7FA, 0xC7FA, 0xC7FA, 0xCFFA,
  0xCFFB, 0xCFFB, 0xC7FA, 0xCFFA, 0xCFFB, 0xC7FA, 0xBFD9, 0xC7D9, 0xC7FA, 0x2C65, 0x0220, 0x0180,
  0x0100, 0x00A0, 0x0080, 0x0060, 0x0040, 0x0040, 0x0020, 0x0020, 0x0000, 0x0000, 0x0000, 0x0000,
  0x0000, 0x0000, 0x0000, 0x0000, 0x0000, 0x0000, 0x0000, 0x0000, 0x0000, 0x0000, 0x0000, 0x0000,
  0x0000, 0x0000, 0x0000, 0x0000, 0x0000, 0x0000, 0x0000, 0x0000, 0x0000, 0x0000, 0x0000, 0x0000,
  0x0000, 0x0000, 0x0000, 0x0000, 0x0000, 0x0000, 0x0000, 0x0000, 0x0000, 0x0000, 0x0000, 0x0000,
  0x0000, 0x0000, 0x0000, 0x0000, 0x0000, 0x0000, 0x0000, 0x0000, 0x0020, 0x0020, 0x0040, 0x0060,
  0x0080, 0x00C0, 0x0120, 0x01A0, 0x0220, 0x6E0E, 0xD7FC, 0xBFD9, 0xCFFB, 0x664D, 0x0320, 0x02C1,
  0x0240, 0x01E0, 0x01C0, 0x01C0, 0x01A0, 0x0180, 0x0180, 0x0160, 0x0140, 0x0120, 0x0120, 0x0100,
  0x0140, 0x01A0, 0x0200, 0x2CA6, 0xBFFA, 0xBFD9, 0xCFFB, 0x9713, 0x0360, 0x02C0, 0x0280, 0x0240,
  0x0220, 0x0200, 0x0200, 0x0200, 0x01E0, 0x01A0, 0x0140, 0x0120, 0x00E0, 0x00C0, 0x00C0, 0x00C0,
  0x00E0, 0x0120, 0x0160, 0x01C0, 0x0260, 0x6E4F, 0xD7FC, 0xBFD9, 0xBFD9, 0xBFD9, 0x2D05, 0x03E0,
  0x0380, 0x3D68, 0xC7FA, 0xBFD8, 0xBFD9, 0xCFFB, 0x558B, 0x0220, 0x01C0, 0x0120, 0x00C0, 0x0080,
  0x0080, 0x0060, 0x0040, 0x0020, 0x0020, 0x0020, 0x0020, 0x0040, 0x0040, 0x0060, 0x0060, 0x0080,
  0x00C0, 0x0140, 0x01C0, 0x02E0, 0x9F55, 0xC7FA, 0xBFF9, 0xA796, 0x0B81, 0x0280, 0x0240, 0x0260,
  0x02C0, 0x0320, 0x0340, 0x02C0, 0x0200, 0x0200, 0x0240, 0x02A0, 0x1423, 0xB7B8, 0xC7FA, 0xC7DA,
  0xBFF9, 0x1BE3, 0x0220, 0x01E0, 0x0180, 0x0160, 0x01A0, 0x0200, 0x0220, 0x4569, 0xC7FA, 0xBFD8,
  0xC7FA, 0xB797, 0xA755, 0x9F34, 0x9733, 0x9733, 0x9734, 0x9734, 0x9734, 0x9713, 0x9F54, 0xBFF9,
  0xC7D9, 0xD7FC, 0x8ED2, 0x02C0, 0x01E0, 0x0160, 0x0160, 0x0160, 0x01A0, 0x01C0, 0x44E9, 0xBFFA,
  0xB7D8, 0xBFD9, 0xC7F9, 0x4DA9, 0x0300, 0x0260, 0x0200, 0x01E0, 0x01E0, 0x01E0, 0x0240, 0x0280,
  0x0220, 0x3467, 0x9714, 0x4CEA, 0x0AE1, 0x0200, 0x0180, 0x0120, 0x0100, 0x0120, 0x0180, 0x01E0,
  0x3467, 0xC7FA, 0xBFD9, 0xCFFB, 0x86B1, 0x0260, 0x01E0, 0x0180, 0x0140, 0x0140, 0x0160, 0x01A0,
  0x0200, 0x02A0, 0x1402, 0xAFB7, 0xC7F9, 0xC7FA, 0xB7B8, 0x1382, 0x0200, 0x0180, 0x0120, 0x0100,
  0x0100, 0x0120, 0x0160, 0x01C0, 0x0260, 0x02C0, 0x34C7, 0xBFF9, 0xBFD8, 0xCFFB, 0x9F34, 0x03C0,
  0x02A0, 0x01E0, 0x01A0, 0x0160, 0x0120, 0x0120, 0x0140, 0x01A0, 0x01E0, 0x0B61, 0xAF97, 0xC7DA,
  0xCFFB, 0x8ED2, 0x02E0, 0x0240, 0x0200, 0x0200, 0x0260, 0x0300, 0x7E90, 0xD7FC, 0xBFD9, 0xC7F9,
  0xC7F9, 0xBFD9, 0xC7D9, 0xCFFB, 0x34A6, 0x0200, 0x01C0, 0x0180, 0x0160, 0x0180, 0x0200, 0x02E0,
  0x664D, 0xD7FC, 0xBFD9, 0xC7FA, 0xAF76, 0x9F54, 0x9734, 0x9733, 0x9F34, 0x9F35, 0x9F34, 0x9F34,
  0x9734, 0x9F75, 0xBFF9, 0xBFD9, 0xD7FB, 0x6E2E, 0x0280, 0x01C0, 0x0120, 0x00C0, 0x0080, 0x0060,
  0x0040, 0x0040, 0x0020, 0x0000, 0x0000, 0x0000, 0x0000, 0x0000, 0x0000, 0x0000, 0x0000, 0x0000,
  0x0000, 0x0000, 0x0000, 0x0000, 0x0000, 0x0000, 0x0000, 0x0000, 0x0000, 0x0000, 0x0000, 0x0000,
  0x0000, 0x0000, 0x0000, 0x0000, 0x0000, 0x0000, 0x0000, 0x0000, 0x0000, 0x0000, 0x0000, 0x0000,
  0x0000, 0x0000, 0x0000, 0x0000, 0x0000, 0x0000, 0x0000, 0x0000, 0x0000, 0x0000, 0x0000, 0x0000,
  0x0000, 0x0000, 0x0000, 0x0000, 0x0020, 0x0020, 0x0040, 0x0060, 0x0080, 0x00C0, 0x0100, 0x01A0,
  0x0220, 0x6E0E, 0xD7FC, 0xC7D9, 0xD7FC, 0x5E2C, 0x0300, 0x0300, 0x02E0, 0x02C0, 0x0280, 0x0220,
  0x01E0, 0x01C0, 0x01A0, 0x0160, 0x0160, 0x0160, 0x0140, 0x0120, 0x0140, 0x0180, 0x01E0, 0x2CA6,
  0xC7FA, 0xBFD9, 0xCFFB, 0x86F2, 0x0340, 0x0300, 0x02E0, 0x02C0, 0x02A0, 0x0280, 0x0280, 0x0240,
  0x01E0, 0x01A0, 0x0180, 0x0180, 0x0140, 0x00E0, 0x00C0, 0x00C0, 0x0100, 0x0140, 0x01E0, 0x0220,
  0x34C7, 0xC7FA, 0xC7DA, 0xBFD9, 0xC7FA, 0x4D4A, 0x02C0, 0x0300, 0x02E0, 0x02E0, 0x764F, 0xC7FA,
  0xBFD8, 0xBFD9, 0xC7FA, 0x2C85, 0x0220, 0x0180, 0x00E0, 0x00A0, 0x0080, 0x0060, 0x0040, 0x0040,
  0x0020, 0x0020, 0x0020, 0x0020, 0x0040, 0x0060, 0x0060, 0x0080, 0x00C0, 0x0120, 0x01C0, 0x02C0,
  0x9F35, 0xC7FA, 0xC7F9, 0xAF97, 0x0B61, 0x0220, 0x01E0, 0x01C0, 0x01E0, 0x0200, 0x0200, 0x01E0,
  0x01C0, 0x01C0, 0x0200, 0x0260, 0x13E3, 0xB7B8, 0xC7FA, 0xC7DA, 0xBFF9, 0x1C03, 0x0240, 0x01E0,
  0x0180, 0x0180, 0x01A0, 0x0200, 0x02A0, 0x86F2, 0xC7FA, 0xC7DA, 0xC7DA, 0x1D04, 0x03C0, 0x0380,
  0x0380, 0x03A0, 0x03A0, 0x0340, 0x0300, 0x0340, 0x0441, 0xAF97, 0xCFFB, 0xC7FA, 0xB7D8, 0x1362,
  0x01C0, 0x01A0, 0x0160, 0x0160, 0x0180, 0x01C0, 0x0260, 0x7E90, 0xCFFB, 0xBFD9, 0xCFFA, 0xC7FA,
  0x3D28, 0x02A0, 0x0240, 0x0200, 0x0240, 0x02A0, 0x02E0, 0x0340, 0x2CE5, 0xBFD9, 0xCFFB, 0xC7FA,
  0xB7B8, 0x33C6, 0x0140, 0x0140, 0x0100, 0x0120, 0x0180, 0x01E0, 0x3467, 0xC7FA, 0xBFD9, 0xCFFB,
  0x8691, 0x0200, 0x0180, 0x0140, 0x0120, 0x0120, 0x0140, 0x0180, 0x01E0, 0x0260, 0x13E2, 0xAFB7,
  0xBFF9, 0xBFF9, 0xB7B8, 0x13C2, 0x0220, 0x0180, 0x0120, 0x0100, 0x0100, 0x0140, 0x0160, 0x01E0,
  0x0300, 0x03A0, 0x3566, 0xCFFB, 0xBFD9, 0xCFFA, 0x8F13, 0x0360, 0x0280, 0x0260, 0x0220, 0x01C0,
  0x0140, 0x0100, 0x0120, 0x0180, 0x01E0, 0x0B61, 0xAF97, 0xC7DA, 0xD7FB, 0x96F3, 0x0300, 0x0200,
  0x01A0, 0x01C0, 0x0220, 0x02A0, 0x1402, 0xAF96, 0xC7F9, 0xBFD8, 0xBFD9, 0xC7D9, 0xC7D9, 0xCFFA,
  0x3486, 0x01E0, 0x01E0, 0x0180, 0x0180, 0x01A0, 0x01E0, 0x0340, 0xA776, 0xD7FB, 0xD7FB, 0xBFB8,
  0x0CA2, 0x0400, 0x03A0, 0x0340, 0x0320, 0x0320, 0x0340, 0x0360, 0x0360, 0x1482, 0xB7D8, 0xCFFA,
  0xD7FB, 0xB797, 0x0B61, 0x0200, 0x0160, 0x00E0, 0x0080, 0x0060, 0x0040, 0x0040, 0x0020, 0x0020,
  0x0000, 0x0000, 0x0000, 0x0000, 0x0000, 0x0000, 0x0000, 0x0000, 0x0000, 0x0000, 0x0000, 0x0000,
  0x0000, 0x0000, 0x0000, 0x0000, 0x0000, 0x0000, 0x0000, 0x0000, 0x0000, 0x0000, 0x0000, 0x0000,
  0x0000, 0x0000, 0x0000, 0x0000, 0x0000, 0x0000, 0x0000, 0x0000, 0x0000, 0x0000, 0x0000, 0x0000,
  0x0000, 0x0000, 0x0000, 0x0000, 0x0000, 0x0000, 0x0000, 0x0000, 0x0000, 0x0000, 0x0000, 0x0000,
  0x0020, 0x0020, 0x0040, 0x0060, 0x0080, 0x00A0, 0x0100, 0x01A0, 0x0220, 0x6E0F, 0xD7FC, 0xC7D9,
  0xC7FA, 0x8F33, 0x660D, 0x6E2E, 0x5E0D, 0x5E0C, 0x5DEC, 0x65EC, 0x65AD, 0x5D8C, 0x5D4C, 0x654D,
  0x3C07, 0x0180, 0x0140, 0x0120, 0x0120, 0x0180, 0x01E0, 0x2CA6, 0xCFFB, 0xC7D9, 0xC7FA, 0xA796,
  0x5E2C, 0x660D, 0x662D, 0x660D, 0x65ED, 0x660D, 0x660D, 0x65CD, 0x5DAC, 0x656D, 0x6DAE, 0x23A4,
  0x0180, 0x0120, 0x00C0, 0x00C0, 0x0100, 0x01A0, 0x0260, 0x1C03, 0xB7B8, 0xBFD9, 0xBFD9, 0xD7FC,
  0x86B1, 0x02A0, 0x0220, 0x0200, 0x0220, 0x0260, 0x0BA1, 0xAF76, 0xCFFA, 0xBFD9, 0xCFFA, 0xA776,
  0x0B41, 0x0180, 0x0120, 0x00C0, 0x0080, 0x0060, 0x0040, 0x0040, 0x0020, 0x0020, 0x0020, 0x0020,
  0x0040, 0x0060, 0x0060, 0x0080, 0x00C0, 0x0120, 0x01A0, 0x02C0, 0x9F35, 0xC7FA, 0xC7FA, 0xBFB8,
  0x0B61, 0x01E0, 0x0180, 0x0160, 0x0160, 0x0180, 0x0160, 0x0160, 0x0160, 0x0160, 0x01A0, 0x0200,
  0x1382, 0xAFB7, 0xC7FA, 0xC7FA, 0xBFF9, 0x1C23, 0x0220, 0x01C0, 0x0180, 0x0180, 0x01C0, 0x0240,
  0x2465, 0xBFF9, 0xB7D8, 0xCFFB, 0x8ED2, 0x0320, 0x0280, 0x0260, 0x0260, 0x0260, 0x0240, 0x0220,
  0x0220, 0x02A0, 0x0380, 0x768F, 0xCFFC, 0xB7D8, 0xBFFA, 0x4D6A, 0x0240, 0x0200, 0x0160, 0x0140,
  0x0140, 0x0180, 0x0200, 0x0BC1, 0xAF76, 0xD7FC, 0xBFD9, 0xBFF9, 0xB7F9, 0x7E90, 0x554B, 0x4D0A,
  0x4D4A, 0x4D6A, 0x4569, 0x662D, 0xBFF8, 0xCFFB, 0xBFD9, 0xC7DA, 0x9F15, 0x0A02, 0x0120, 0x0100,
  0x00E0, 0x0120, 0x0180, 0x01E0, 0x3467, 0xC7FA, 0xBFD9, 0xCFFB, 0x86B1, 0x0260, 0x01C0, 0x0140,
  0x0100, 0x0100, 0x0120, 0x0140, 0x01A0, 0x0200, 0x13A2, 0xB7B8, 0xC7FA, 0xC7FA, 0xBFB9, 0x13E3,
  0x0220, 0x0180, 0x0100, 0x0100, 0x0120, 0x0180, 0x0220, 0x5D8C, 0x7E90, 0x76AF, 0x8F32, 0xCFFB,
  0xC7D9, 0xBFF9, 0x9F95, 0x6E6E, 0x6E2F, 0x7E71, 0x3467, 0x01E0, 0x0160, 0x0100, 0x0120, 0x0180,
  0x01E0, 0x0B61, 0xAFB7, 0xC7FA, 0xD7FC, 0x9EF4, 0x0300, 0x0200, 0x0180, 0x0180, 0x01A0, 0x0220,
  0x02C0, 0x3D68, 0xCFFB, 0xBFD9, 0xC7D9, 0xC7D9, 0xC7D9, 0xCFFB, 0x3486, 0x0200, 0x01C0, 0x0180,
  0x0180, 0x01C0, 0x01C0, 0x2C86, 0xC7FA, 0xC7D9, 0xDFFD, 0x7EB0, 0x0380, 0x02E0, 0x0280, 0x0240,
  0x0220, 0x0200, 0x0220, 0x0260, 0x02E0, 0x03C0, 0x8F13, 0xD7FC, 0xC7DA, 0xCFFB, 0x3CC7, 0x0200,
  0x0180, 0x00E0, 0x0080, 0x0060, 0x0060, 0x0040, 0x0020, 0x0020, 0x0000, 0x0000, 0x0000, 0x0000,
  0x0000, 0x0000, 0x0000, 0x0000, 0x0000, 0x0000, 0x0000, 0x0000, 0x0000, 0x0000, 0x0000, 0x0000,
  0x0000, 0x0000, 0x0000, 0x0000, 0x0000, 0x0000, 0x0000, 0x0000, 0x0000, 0x0000, 0x0000, 0x0000,
  0x0000, 0x0000, 0x0000, 0x0000, 0x0000, 0x0000, 0x0000, 0x0000, 0x0000, 0x0000, 0x0000, 0x0000,
  0x0000, 0x0000, 0x0000, 0x0000, 0x0000, 0x0000, 0x0000, 0x0000, 0x0020, 0x0020, 0x0040, 0x0040,
  0x0060, 0x00A0, 0x0100, 0x0180, 0x0200, 0x6DEE, 0xD7FC, 0xC7D9, 0xC7FA, 0xCFFB, 0xD7FC, 0xD7FC,
  0xCFFB, 0xCFFB, 0xCFFB, 0xCFFB, 0xD7FC, 0xD7FC, 0xCFFB, 0xEFFE, 0x7E10, 0x01C0, 0x0160, 0x0100,
  0x0100, 0x0160, 0x0200, 0x34E7, 0xD7FC, 0xBFD9, 0xBFD9, 0xC7FA, 0xCFFB, 0xCFFB, 0xCFFB, 0xCFFB,
  0xCFFB, 0xCFFB, 0xCFFB, 0xCFFB, 0xCFFB, 0xCFFB, 0xE7FD, 0x44C9, 0x0140, 0x0140, 0x00E0, 0x00E0,
  0x0100, 0x0180, 0x02E0, 0x9F15, 0xD7FC, 0xB7D8, 0xC7FA, 0xAF77, 0x0BA2, 0x0260, 0x01C0, 0x0180,
  0x01A0, 0x0220, 0x0280, 0x34A6, 0xC7FA, 0xBFD9, 0xBFD9, 0xCFFB, 0x762F, 0x01E0, 0x0160, 0x00E0,
  0x0080, 0x0060, 0x0040, 0x0040, 0x0020, 0x0020, 0x0020, 0x0020, 0x0040, 0x0040, 0x0060, 0x0080,
  0x00A0, 0x0100, 0x01A0, 0x02E1, 0xA756, 0xC7FA, 0xBFF9, 0xB797, 0x0B81, 0x0200, 0x0180, 0x0120,
  0x0120, 0x0100, 0x0100, 0x0100, 0x0100, 0x0120, 0x0160, 0x01A0, 0x1342, 0xB7B8, 0xC7FA, 0xCFDA,
  0xC7FA, 0x1C23, 0x0200, 0x01A0, 0x0160, 0x0160, 0x01C0, 0x02A0, 0x766F, 0xD7FC, 0xB7D8, 0xBFFA,
  0x3CE7, 0x0280, 0x0200, 0x01A0, 0x01A0, 0x01A0, 0x0180, 0x01A0, 0x01C0, 0x0240, 0x02E0, 0x2CE6,
  0xBFFA, 0xB7D8, 0xCFFB, 0xA756, 0x0360, 0x0220, 0x0160, 0x0120, 0x0120, 0x0140, 0x01E0, 0x02A0,
  0x2464, 0xB7B8, 0xBFFA, 0xB7D8, 0xBFFA, 0xD7FC, 0xDFFD, 0xDFFC, 0xD7FB, 0xCFFB, 0xCFFB, 0xCFFB,
  0xBFF9, 0xBFD9, 0xC7FA, 0xCFFB, 0x2405, 0x0140, 0x0120, 0x00E0, 0x00E0, 0x0100, 0x0160, 0x01A0,
  0x3446, 0xC7FA, 0xBFD8, 0xCFFB, 0x8ED2, 0x02E0, 0x01E0, 0x0140, 0x00E0, 0x00E0, 0x00E0, 0x0100,
  0x0160, 0x01E0, 0x1362, 0xB7B8, 0xCFFA, 0xCFFA, 0xC7B9, 0x1363, 0x01C0, 0x0160, 0x0100, 0x0100,
  0x0120, 0x01A0, 0x02E0, 0xA797, 0xCFFC, 0xCFFB, 0xCFFB, 0xC7D9, 0xC7D9, 0xBFD9, 0xBFF9, 0xC7FA,
  0xC7FA, 0xDFFD, 0x5D4B, 0x0180, 0x0180, 0x0120, 0x0120, 0x0160, 0x01A0, 0x0B21, 0xB7B8, 0xCFFA,
  0xCFFB, 0x8ED2, 0x02A0, 0x0200, 0x0180, 0x0140, 0x0160, 0x01A0, 0x0260, 0x0340, 0x7EB0, 0xCFFB,
  0xBFD8, 0xBFD9, 0xBFD9, 0xD7FB, 0x34C7, 0x0220, 0x01A0, 0x0160, 0x0180, 0x01E0, 0x02C0, 0x7690,
  0xC7FA, 0xB7D8, 0xCFFA, 0x34E6, 0x02E0, 0x0220, 0x01C0, 0x01A0, 0x01A0, 0x01A0, 0x01A0, 0x01C0,
  0x0240, 0x02C0, 0x3D49, 0xC7FB, 0xB7D8, 0xC7FA, 0x7E91, 0x0280, 0x01A0, 0x0100, 0x00A0, 0x0060,
  0x0060, 0x0040, 0x0020, 0x0020, 0x0000, 0x0000, 0x0000, 0x0000, 0x0000, 0x0000, 0x0000, 0x0000,
  0x0000, 0x0000, 0x0000, 0x0000, 0x0000, 0x0000, 0x0000, 0x0000, 0x0000, 0x0000, 0x0000, 0x0000,
  0x0000, 0x0000, 0x0000, 0x0000, 0x0000, 0x0000, 0x0000, 0x0000, 0x0000, 0x0000, 0x0000, 0x0000,
  0x0000, 0x0000, 0x0000, 0x0000, 0x0000, 0x0000, 0x0000, 0x0000, 0x0000, 0x0000, 0x0000, 0x0000,
  0x0000, 0x0000, 0x0000, 0x0000, 0x0020, 0x0020, 0x0040, 0x0040, 0x0060, 0x00A0, 0x00E0, 0x0180,
  0x01C0, 0x6DCE, 0xDFFD, 0xCFFB, 0xD7FB, 0xCFFB, 0xC7FA, 0xC7FA, 0xC7FA, 0xC7FA, 0xC7FA, 0xC7FA,
  0xC7FA, 0xCFFA, 0xCFDB, 0xE7FE, 0x7DF0, 0x0200, 0x0160, 0x00E0, 0x00E0, 0x0140, 0x0200, 0x3D07,
  0xDFFC, 0xC7FA, 0xBFFA, 0xC7FA, 0xC7FA, 0xCFFA, 0xC7FA, 0xC7FA, 0xC7FA, 0xC7FA, 0xC7FA, 0xC7FA,
  0xC7FA, 0xC7DA, 0xCFFB, 0x3C88, 0x0140, 0x0140, 0x0100, 0x0100, 0x0120, 0x0140, 0x6DCE, 0xDFFD,
  0xCFFB, 0xCFFB, 0xBFF9, 0x2C26, 0x0240, 0x0200, 0x0180, 0x0140, 0x0160, 0x0180, 0x01E0, 0x0220,
  0x65CD, 0xD7FC, 0xC7FA, 0xC7FA, 0xD7FC, 0x550B, 0x0180, 0x0100, 0x0080, 0x0060, 0x0040, 0x0040,
  0x0020, 0x0020, 0x0020, 0x0020, 0x0040, 0x0040, 0x0060, 0x0060, 0x0080, 0x00E0, 0x0160, 0x0280,
  0xAF37, 0xD7FC, 0xCFFB, 0xB797, 0x0AE1, 0x01C0, 0x0140, 0x0100, 0x00E0, 0x00E0, 0x00E0, 0x00E0,
  0x00E0, 0x0100, 0x0140, 0x0180, 0x1323, 0xBFB9, 0xD7FB, 0xD7FC, 0xCFFB, 0x1BC3, 0x01A0, 0x0160,
  0x0140, 0x0140, 0x01A0, 0x0B41, 0xB7B8, 0xD7FB, 0xCFFB, 0x9F55, 0x0AE1, 0x0200, 0x01A0, 0x0160,
  0x0140, 0x0140, 0x0140, 0x0140, 0x0180, 0x01C0, 0x0220, 0x02C0, 0x9734, 0xCFFB, 0xD7FC, 0xE7FD,
  0x3467, 0x01A0, 0x0160, 0x0120, 0x0100, 0x0120, 0x0160, 0x01E0, 0x0200, 0x23E4, 0xAF97, 0xD7FC,
  0xCFFB, 0xCFFB, 0xD7DB, 0xD7DB, 0xC7DA, 0xC7DA, 0xC7DA, 0xC7DA, 0xC7FA, 0xD7FC, 0xD7FC, 0x4D0A,
  0x0240, 0x01C0, 0x0120, 0x00E0, 0x00E0, 0x0100, 0x0140, 0x0140, 0x2BC6, 0xC7FA, 0xC7FA, 0xDFFD,
  0x96D3, 0x0280, 0x01A0, 0x0120, 0x00E0, 0x00C0, 0x00C0, 0x00E0, 0x0120, 0x0160, 0x0AE2, 0xBFB9,
  0xDFFC, 0xD7FC, 0xBFD9, 0x12A2, 0x0120, 0x0140, 0x0100, 0x0100, 0x0120, 0x0180, 0x02C0, 0x9F55,
  0xBFFA, 0xBFD9, 0xBFF9, 0xC7FA, 0xC7FA, 0xC7F9, 0xBFF9, 0xC7D9, 0xC7D9, 0xD7FB, 0x550A, 0x0140,
  0x0160, 0x0120, 0x0120, 0x0140, 0x0140, 0x0AA1, 0xBFB9, 0xD7FC, 0xCFFB, 0x8692, 0x0220, 0x01E0,
  0x0180, 0x0140, 0x0140, 0x0180, 0x01E0, 0x0240, 0x0B61, 0xA755, 0xC7FA, 0xBFF9, 0xBFF9, 0xD7FB,
  0x3CE7, 0x0240, 0x01A0, 0x0140, 0x0160, 0x01C0, 0x13C2, 0xBFF8, 0xBFF9, 0xBFF9, 0x9714, 0x02C0,
  0x0200, 0x01A0, 0x0160, 0x0140, 0x0140, 0x0140, 0x0140, 0x0160, 0x01A0, 0x01C0, 0x0B01, 0xAF97,
  0xCFFB, 0xC7FA, 0xC7F9, 0x1BC3, 0x01A0, 0x0100, 0x00A0, 0x0060, 0x0040, 0x0040, 0x0020, 0x0000,
  0x0000, 0x0000, 0x0000, 0x0000, 0x0000, 0x0000, 0x0000, 0x0000, 0x0000, 0x0000, 0x0000, 0x0000,
  0x0000, 0x0000, 0x0000, 0x0000, 0x0000, 0x0000, 0x0000, 0x0000, 0x0000, 0x0000, 0x0000, 0x0000,
  0x0000, 0x0000, 0x0000, 0x0000, 0x0000, 0x0000, 0x0000, 0x0000, 0x0000, 0x0000, 0x0000, 0x0000,
  0x0000, 0x0000, 0x0000, 0x0000, 0x0000, 0x0000, 0x0000, 0x0000, 0x0000, 0x0000, 0x0000, 0x0000,
  0x0000, 0x0020, 0x0020, 0x0040, 0x0060, 0x0080, 0x00E0, 0x0140, 0x01A0, 0x656D, 0xCFDB, 0xBF99,
  0xC7B9, 0xBFB9, 0xBFB8, 0xB7B8, 0xBFB8, 0xBFB9, 0xBFB8, 0xBFB8, 0xBFB9, 0xBFB8, 0xB798, 0xC7BA,
  0x656D, 0x0180, 0x0120, 0x00E0, 0x00E0, 0x0140, 0x0180, 0x3426, 0xBFB9, 0xAF97, 0xB7B8, 0xB7B8,
  0xBFB9, 0xBFB9, 0xBFB9, 0xBFB9, 0xBFB8, 0xBFB8, 0xBFB8, 0xBFB9, 0xB7B8, 0xB797, 0xBFB9, 0x3C48,
  0x0140, 0x0120, 0x00E0, 0x0120, 0x0120, 0x33C6, 0xB7B8, 0xAF77, 0xBF98, 0xCFBA, 0x5D2C, 0x0180,
  0x01A0, 0x0160, 0x0120, 0x0120, 0x0100, 0x0120, 0x0160, 0x01C0, 0x02E1, 0x9EF4, 0xBFB9, 0xAF97,
  0xBF99, 0xBF78, 0x1AA3, 0x00A0, 0x0080, 0x0060, 0x0040, 0x0040, 0x0020, 0x0020, 0x0020, 0x0020,
  0x0020, 0x0040, 0x0040, 0x0060, 0x0080, 0x00E0, 0x0140, 0x0220, 0x9ED4, 0xC7B9, 0xBF98, 0x9F15,
  0x0A41, 0x0140, 0x0120, 0x00E0, 0x00C0, 0x00C0, 0x00C0, 0x00C0, 0x00E0, 0x00E0, 0x0120, 0x0160,
  0x12E2, 0xB778, 0xC7B9, 0xBF99, 0xAF97, 0x1AE3, 0x0120, 0x0140, 0x0120, 0x0160, 0x0160, 0x3C68,
  0xBFB9, 0xAF77, 0xBFB9, 0x5D4C, 0x01C0, 0x01A0, 0x0160, 0x0120, 0x0100, 0x0100, 0x0100, 0x0100,
  0x0120, 0x0160, 0x01A0, 0x01C0, 0x554B, 0xCFDB, 0xC799, 0xCFBA, 0x656D, 0x0120, 0x0140, 0x0100,
  0x0100, 0x0100, 0x0120, 0x0140, 0x01A0, 0x01E0, 0x13A3, 0x764F, 0xB798, 0xD7FB, 0xD7FB, 0xCFFA,
  0xC7FA, 0xC7FA, 0xC7FA, 0xCFFA, 0xB798, 0x8E72, 0x2C06, 0x0200, 0x01C0, 0x0140, 0x00E0, 0x00C0,
  0x00C0, 0x00C0, 0x0100, 0x0120, 0x2B85, 0xBFB9, 0xBF98, 0xC7B9, 0x7E30, 0x01C0, 0x0160, 0x0100,
  0x00C0, 0x00A0, 0x00A0, 0x00C0, 0x0100, 0x0120, 0x0AA1, 0xAF56, 0xC7BA, 0xC7B9, 0xA756, 0x1262,
  0x0100, 0x0120, 0x00E0, 0x00E0, 0x0100, 0x0140, 0x0280, 0xA736, 0xC7FA, 0xBFD8, 0xBFD8, 0xBFD9,
  0xC7F9, 0xBFF9, 0xBFD8, 0xBFD8, 0xBFD9, 0xCFFB, 0x54EB, 0x0140, 0x0140, 0x0100, 0x0100, 0x0120,
  0x0140, 0x0A61, 0xAF36, 0xC7B9, 0xBFB9, 0x7E30, 0x01C0, 0x0180, 0x0140, 0x0100, 0x0120, 0x0140,
  0x0160, 0x01C0, 0x0200, 0x3487, 0xBFB9, 0xB7B8, 0xAF97, 0xB7B8, 0x3426, 0x01C0, 0x0180, 0x0120,
  0x0140, 0x0140, 0x4CA9, 0xC7D9, 0xAF77, 0xBFD9, 0x4CEA, 0x01A0, 0x0180, 0x0140, 0x0120, 0x0120,
  0x0100, 0x0100, 0x0100, 0x0100, 0x0120, 0x0180, 0x0200, 0x6DAD, 0xCFDB, 0xB778, 0xBFB9, 0x4CAA,
  0x0100, 0x00E0, 0x0080, 0x0060, 0x0040, 0x0040, 0x0020, 0x0020, 0x0000, 0x0000, 0x0000, 0x0000,
  0x0000, 0x0000, 0x0000, 0x0000, 0x0000, 0x0000, 0x0000, 0x0000, 0x0000, 0x0000, 0x0000, 0x0000,
  0x0000, 0x0000, 0x0000, 0x0000, 0x0000, 0x0000, 0x0000, 0x0000, 0x0000, 0x0000, 0x0000, 0x0000,
  0x0000, 0x0000, 0x0000, 0x0000, 0x0000, 0x0000, 0x0000, 0x0000, 0x0000, 0x0000, 0x0000, 0x0000,
  0x0000, 0x0000, 0x0000, 0x0000, 0x0000, 0x0000, 0x0000, 0x0000, 0x0000, 0x0020, 0x0020, 0x0040,
  0x0060, 0x0080, 0x00C0, 0x0100, 0x0180, 0x0AA1, 0x1342, 0x0B22, 0x1342, 0x1382, 0x13A2, 0x13C2,
  0x13C2, 0x13A2, 0x13A2, 0x13A2, 0x1382, 0x1342, 0x0AE2, 0x0A62, 0x09E1, 0x0120, 0x0100, 0x00E0,
  0x00E0, 0x0100, 0x0140, 0x01A0, 0x0AA2, 0x1362, 0x13E2, 0x13C2, 0x1382, 0x1382, 0x1362, 0x1362,
  0x1362, 0x1362, 0x1382, 0x1382, 0x1362, 0x0B02, 0x0AC2, 0x0220, 0x0140, 0x00C0, 0x00A0, 0x00E0,
  0x0140, 0x0A61, 0x0AA2, 0x0A81, 0x0AC1, 0x0AE2, 0x0200, 0x0160, 0x0120, 0x00E0, 0x00E0, 0x00E0,
  0x00E0, 0x00E0, 0x0100, 0x0160, 0x01C0, 0x0240, 0x12E2, 0x0AE2, 0x0AE2, 0x1282, 0x0981, 0x00A0,
  0x0080, 0x0040, 0x0040, 0x0040, 0x0020, 0x0020, 0x0020, 0x0020, 0x0020, 0x0040, 0x0040, 0x0060,
  0x0080, 0x00C0, 0x0120, 0x01C0, 0x0AA1, 0x0AC2, 0x0AC2, 0x0A81, 0x01C0, 0x0140, 0x00E0, 0x00C0,
  0x00A0, 0x00A0, 0x00A0, 0x00A0, 0x00A0, 0x00C0, 0x0100, 0x0140, 0x01E0, 0x1302, 0x1342, 0x0AE2,
  0x0A62, 0x0180, 0x0120, 0x0120, 0x0120, 0x0120, 0x0160, 0x0A21, 0x0AC2, 0x0AA1, 0x0A82, 0x0240,
  0x01C0, 0x0140, 0x0100, 0x00E0, 0x00E0, 0x00E0, 0x00E0, 0x00E0, 0x00E0, 0x0100, 0x0140, 0x01C0,
  0x02A0, 0x13A2, 0x1362, 0x0AC2, 0x0A41, 0x0180, 0x0120, 0x00E0, 0x00E0, 0x00C0, 0x00E0, 0x0100,
  0x0140, 0x01C0, 0x0220, 0x02C0, 0x0381, 0x1BE3, 0x23C4, 0x1BC4, 0x23E4, 0x2424, 0x2424, 0x1C04,
  0x0B41, 0x0220, 0x01A0, 0x0180, 0x0120, 0x0100, 0x00C0, 0x00A0, 0x00A0, 0x00C0, 0x00E0, 0x0140,
  0x0200, 0x1322, 0x1322, 0x0AC2, 0x0A21, 0x0180, 0x0100, 0x00A0, 0x00A0, 0x00A0, 0x00A0, 0x00A0,
  0x00E0, 0x0140, 0x01E0, 0x0AC1, 0x12E2, 0x0AE2, 0x0AC1, 0x01E0, 0x0140, 0x00E0, 0x00C0, 0x00C0,
  0x00E0, 0x0120, 0x01A0, 0x1302, 0x1BE3, 0x1BE3, 0x1BC3, 0x1BA3, 0x1BC3, 0x1BE3, 0x1BE3, 0x1BC3,
  0x1B83, 0x1B43, 0x0A81, 0x0180, 0x0100, 0x00C0, 0x00C0, 0x00E0, 0x0140, 0x01E0, 0x0AE2, 0x1302,
  0x1302, 0x0A81, 0x0180, 0x0120, 0x00E0, 0x00E0, 0x00E0, 0x0100, 0x0120, 0x0140, 0x01C0, 0x0260,
  0x0B41, 0x1382, 0x0B42, 0x0AA1, 0x01C0, 0x0140, 0x0120, 0x0100, 0x0100, 0x0140, 0x0A41, 0x1302,
  0x1342, 0x1322, 0x0260, 0x01A0, 0x0140, 0x00E0, 0x00E0, 0x00E0, 0x00E0, 0x00E0, 0x00E0, 0x00E0,
  0x0100, 0x0140, 0x01A0, 0x0240, 0x1322, 0x1302, 0x0A82, 0x09E1, 0x0100, 0x00C0, 0x0080, 0x0060,
  0x0040, 0x0020, 0x0020, 0x0000, 0x0000, 0x0000, 0x0000, 0x0000, 0x0000, 0x0000, 0x0000, 0x0000,
  0x0000, 0x0000, 0x0000, 0x0000, 0x0000, 0x0000, 0x0000, 0x0000, 0x0000, 0x0000, 0x0000, 0x0000,
  0x0000, 0x0000, 0x0000, 0x0000, 0x0000, 0x0000, 0x0000, 0x0000, 0x0000, 0x0000, 0x0000, 0x0000,
  0x0000, 0x0000, 0x0000, 0x0000, 0x0000, 0x0000, 0x0000, 0x0000, 0x0000, 0x0000, 0x0000, 0x0000,
  0x0000, 0x0000, 0x0000, 0x0000, 0x0000, 0x0000, 0x0020, 0x0040, 0x0040, 0x0060, 0x00A0, 0x00C0,
  0x0100, 0x0140, 0x0180, 0x0180, 0x01C0, 0x01E0, 0x0200, 0x0200, 0x0200, 0x0200, 0x0200, 0x01E0,
  0x01C0, 0x0180, 0x0160, 0x0120, 0x0100, 0x00E0, 0x00C0, 0x00C0, 0x00C0, 0x00E0, 0x00E0, 0x0120,
  0x0160, 0x01C0, 0x0200, 0x0200, 0x01E0, 0x01E0, 0x01E0, 0x01E0, 0x01E0, 0x01E0, 0x01E0, 0x01C0,
  0x01C0, 0x0180, 0x0140, 0x0120, 0x00E0, 0x00A0, 0x00A0, 0x00A0, 0x00E0, 0x0100, 0x0140, 0x0140,
  0x0140, 0x0140, 0x0140, 0x0120, 0x00E0, 0x00C0, 0x00A0, 0x00A0, 0x00A0, 0x00C0, 0x00E0, 0x0100,
  0x0120, 0x0140, 0x0140, 0x0160, 0x0160, 0x0120, 0x00C0, 0x00A0, 0x0060, 0x0040, 0x0040, 0x0020,
  0x0020, 0x0020, 0x0020, 0x0020, 0x0020, 0x0020, 0x0040, 0x0060, 0x0080, 0x00A0, 0x00E0, 0x0120,
  0x0160, 0x0180, 0x0160, 0x0140, 0x0140, 0x0100, 0x00C0, 0x00A0, 0x00A0, 0x0080, 0x0080, 0x0080,
  0x0080, 0x00A0, 0x00C0, 0x0100, 0x0120, 0x0160, 0x0180, 0x0160, 0x0140, 0x0120, 0x0100, 0x0100,
  0x00E0, 0x00E0, 0x0100, 0x0100, 0x0120, 0x0160, 0x0160, 0x0160, 0x0140, 0x0100, 0x00E0, 0x00C0,
  0x00C0, 0x00C0, 0x00C0, 0x00C0, 0x00C0, 0x00E0, 0x0100, 0x0140, 0x01A0, 0x01A0, 0x0180, 0x0160,
  0x0140, 0x0140, 0x00E0, 0x00C0, 0x00A0, 0x00A0, 0x00A0, 0x00C0, 0x0100, 0x0140, 0x0180, 0x01C0,
  0x01C0, 0x01A0, 0x01C0, 0x01C0, 0x01E0, 0x0200, 0x0220, 0x01E0, 0x01C0, 0x0180, 0x0140, 0x0100,
  0x00E0, 0x00C0, 0x00A0, 0x0080, 0x0080, 0x00A0, 0x00C0, 0x00E0, 0x0120, 0x0160, 0x0180, 0x0160,
  0x0120, 0x0100, 0x00C0, 0x0080, 0x0080, 0x0080, 0x0080, 0x00A0, 0x00C0, 0x00E0, 0x0120, 0x0120,
  0x0140, 0x0140, 0x0140, 0x0140, 0x0100, 0x00C0, 0x00A0, 0x0080, 0x00A0, 0x00E0, 0x0120, 0x0160,
  0x01C0, 0x01E0, 0x01E0, 0x01E0, 0x01C0, 0x01E0, 0x0200, 0x0200, 0x01C0, 0x0160, 0x0160, 0x0120,
  0x00C0, 0x00A0, 0x00A0, 0x00C0, 0x0100, 0x0140, 0x0160, 0x0140, 0x0160, 0x0160, 0x0120, 0x00E0,
  0x00C0, 0x00C0, 0x00C0, 0x00C0, 0x00E0, 0x0100, 0x0140, 0x0180, 0x0180, 0x01A0, 0x01A0, 0x0180,
  0x0140, 0x0100, 0x00E0, 0x00E0, 0x0100, 0x0120, 0x0120, 0x0160, 0x0180, 0x0160, 0x0160, 0x0140,
  0x0100, 0x00E0, 0x00C0, 0x00C0, 0x00C0, 0x00C0, 0x00C0, 0x00C0, 0x00C0, 0x00E0, 0x0120, 0x0140,
  0x0160, 0x0180, 0x0140, 0x0100, 0x00E0, 0x00A0, 0x0060, 0x0060, 0x0040, 0x0020, 0x0020, 0x0000,
  0x0000, 0x0000, 0x0000, 0x0000, 0x0000, 0x0000, 0x0000, 0x0000, 0x0000, 0x0000, 0x0000, 0x0000,
  0x0000, 0x0000, 0x0000, 0x0000, 0x0000, 0x0000, 0x0000, 0x0000, 0x0000, 0x0000, 0x0000, 0x0000,
  0x0000, 0x0000, 0x0000, 0x0000, 0x0000, 0x0000, 0x0000, 0x0000, 0x0000, 0x0000, 0x0000, 0x0000,
  0x0000, 0x0000, 0x0000, 0x0000, 0x0000, 0x0000, 0x0000, 0x0000, 0x0000, 0x0000, 0x0000, 0x0000,
  0x0000, 0x0000, 0x0020, 0x0020, 0x0040, 0x0060, 0x0060, 0x00A0, 0x00C0, 0x00E0, 0x0100, 0x0120,
  0x0140, 0x0140, 0x0140, 0x0160, 0x0160, 0x0160, 0x0140, 0x0140, 0x0120, 0x0100, 0x0100, 0x00E0,
  0x00C0, 0x00A0, 0x00A0, 0x0080, 0x00A0, 0x00A0, 0x00C0, 0x00E0, 0x0120, 0x0140, 0x0140, 0x0160,
  0x0160, 0x0160, 0x0160, 0x0160, 0x0160, 0x0160, 0x0160, 0x0140, 0x0140, 0x0120, 0x0100, 0x00E0,
  0x00A0, 0x00A0, 0x0080, 0x00A0, 0x00A0, 0x00C0, 0x00E0, 0x0100, 0x0100, 0x00E0, 0x00E0, 0x00C0,
  0x00C0, 0x00A0, 0x0080, 0x0080, 0x0080, 0x00A0, 0x00A0, 0x00C0, 0x00C0, 0x00E0, 0x00E0, 0x00E0,
  0x00E0, 0x00C0, 0x00A0, 0x0060, 0x0040, 0x0040, 0x0020, 0x0020, 0x0020, 0x0020, 0x0020, 0x0020,
  0x0020, 0x0020, 0x0040, 0x0060, 0x0060, 0x0080, 0x00A0, 0x00E0, 0x0100, 0x0120, 0x0120, 0x0100,
  0x00E0, 0x00C0, 0x00A0, 0x0080, 0x0080, 0x0060, 0x0060, 0x0060, 0x0060, 0x0080, 0x00A0, 0x00C0,
  0x00E0, 0x0100, 0x0100, 0x0100, 0x0100, 0x00E0, 0x00C0, 0x00C0, 0x00C0, 0x00C0, 0x00C0, 0x00E0,
  0x00E0, 0x0100, 0x0120, 0x0100, 0x00E0, 0x00C0, 0x00A0, 0x00A0, 0x00A0, 0x00A0, 0x00A0, 0x00A0,
  0x00A0, 0x00A0, 0x00C0, 0x00E0, 0x0100, 0x0120, 0x0120, 0x0120, 0x0100, 0x00C0, 0x00C0, 0x00A0,
  0x0080, 0x0080, 0x0080, 0x00A0, 0x00A0, 0x00C0, 0x0100, 0x0120, 0x0120, 0x0140, 0x0160, 0x0180,
  0x0180, 0x0180, 0x0160, 0x0140, 0x0120, 0x0100, 0x00E0, 0x00C0, 0x00A0, 0x0080, 0x0080, 0x0080,
  0x0080, 0x0080, 0x00A0, 0x00A0, 0x00C0, 0x00E0, 0x0100, 0x0100, 0x00E0, 0x00A0, 0x0080, 0x0080,
  0x0060, 0x0060, 0x0060, 0x0080, 0x00A0, 0x00A0, 0x00A0, 0x00C0, 0x00E0, 0x00E0, 0x00E0, 0x00C0,
  0x00C0, 0x00A0, 0x0080, 0x0080, 0x00A0, 0x00C0, 0x00E0, 0x0120, 0x0140, 0x0140, 0x0160, 0x0180,
  0x0160, 0x0160, 0x0160, 0x0160, 0x0140, 0x0120, 0x00E0, 0x00C0, 0x00A0, 0x0080, 0x0080, 0x00A0,
  0x00C0, 0x00E0, 0x0100, 0x0100, 0x0100, 0x00E0, 0x00C0, 0x00C0, 0x00A0, 0x00A0, 0x00A0, 0x00A0,
  0x00A0, 0x00C0, 0x00E0, 0x0100, 0x0120, 0x0120, 0x0120, 0x0120, 0x0100, 0x00C0, 0x00C0, 0x00C0,
  0x00C0, 0x00E0, 0x00E0, 0x00E0, 0x0100, 0x0100, 0x00E0, 0x00E0, 0x00C0, 0x00C0, 0x00A0, 0x00A0,
  0x00A0, 0x00A0, 0x0080, 0x00A0, 0x00A0, 0x00A0, 0x00C0, 0x00E0, 0x0100, 0x0100, 0x00E0, 0x00C0,
  0x00A0, 0x0080, 0x0060, 0x0040, 0x0040, 0x0020, 0x0020, 0x0000, 0x0000, 0x0000, 0x0000, 0x0000,
  0x0000, 0x0000, 0x0000, 0x0000, 0x0000, 0x0000, 0x0000, 0x0000, 0x0000, 0x0000, 0x0000, 0x0000,
  0x0000, 0x0000, 0x0000, 0x0000, 0x0000, 0x0000, 0x0000, 0x0000, 0x0000, 0x0000, 0x0000, 0x0000,
  0x0000, 0x0000, 0x0000, 0x0000, 0x0000, 0x0000, 0x0000, 0x0000, 0x0000, 0x0000, 0x0000, 0x0000,
  0x0000, 0x0000, 0x0000, 0x0000, 0x0000, 0x0000, 0x0000, 0x0000, 0x0000, 0x0000, 0x0000, 0x0020,
  0x0040, 0x0040, 0x0060, 0x0080, 0x0080, 0x00A0, 0x00C0, 0x00C0, 0x00C0, 0x00E0, 0x00E0, 0x00E0,
  0x00E0, 0x00E0, 0x00C0, 0x00C0, 0x00C0, 0x00C0, 0x00A0, 0x00A0, 0x0080, 0x0080, 0x0060, 0x0060,
  0x0080, 0x0080, 0x00A0, 0x00C0, 0x00C0, 0x00E0, 0x00E0, 0x00E0, 0x00E0, 0x0100, 0x0100, 0x0100,
  0x00E0, 0x00E0, 0x00E0, 0x00E0, 0x00C0, 0x00C0, 0x00A0, 0x00A0, 0x0080, 0x0080, 0x0080, 0x0080,
  0x0080, 0x0080, 0x00A0, 0x00A0, 0x00A0, 0x00A0, 0x00A0, 0x00A0, 0x0080, 0x0080, 0x0080, 0x0080,
  0x0060, 0x0080, 0x0080, 0x0080, 0x0080, 0x00A0, 0x00A0, 0x00A0, 0x0080, 0x0080, 0x0060, 0x0040,
  0x0040, 0x0040, 0x0020, 0x0020, 0x0020, 0x0020, 0x0020, 0x0020, 0x0020, 0x0020, 0x0040, 0x0040,
  0x0060, 0x0080, 0x0080, 0x00A0, 0x00C0, 0x00C0, 0x00C0, 0x00C0, 0x00A0, 0x00A0, 0x0080, 0x0060,
  0x0060, 0x0060, 0x0040, 0x0040, 0x0040, 0x0060, 0x0080, 0x0080, 0x00A0, 0x00A0, 0x00C0, 0x00A0,
  0x00A0, 0x00A0, 0x00A0, 0x0080, 0x0080, 0x00A0, 0x00A0, 0x00A0, 0x00A0, 0x00C0, 0x00C0, 0x00A0,
  0x00A0, 0x00A0, 0x0080, 0x0080, 0x0080, 0x0080, 0x0080, 0x0080, 0x0080, 0x00A0, 0x00A0, 0x00A0,
  0x00C0, 0x00C0, 0x00C0, 0x00C0, 0x00C0, 0x00A0, 0x0080, 0x0080, 0x0080, 0x0080, 0x0060, 0x0080,
  0x0080, 0x00A0, 0x00A0, 0x00C0, 0x00E0, 0x00E0, 0x0100, 0x0100, 0x0100, 0x0100, 0x00E0, 0x00E0,
  0x00C0, 0x00C0, 0x00A0, 0x00A0, 0x0080, 0x0080, 0x0060, 0x0060, 0x0060, 0x0060, 0x0080, 0x0080,
  0x00A0, 0x00A0, 0x00A0, 0x00A0, 0x00A0, 0x0080, 0x0080, 0x0060, 0x0060, 0x0060, 0x0060, 0x0060,
  0x0060, 0x0080, 0x0080, 0x0080, 0x00A0, 0x00A0, 0x00A0, 0x0080, 0x0080, 0x0080, 0x0080, 0x0080,
  0x0080, 0x00A0, 0x00A0, 0x00C0, 0x00E0, 0x00E0, 0x0100, 0x0100, 0x00E0, 0x00E0, 0x00E0, 0x00E0,
  0x00C0, 0x00C0, 0x00A0, 0x00A0, 0x0080, 0x0080, 0x0080, 0x0080, 0x00A0, 0x00A0, 0x00A0, 0x00C0,
  0x00C0, 0x00A0, 0x00A0, 0x0080, 0x0080, 0x0080, 0x0080, 0x0080, 0x0080, 0x00A0, 0x00A0, 0x00C0,
  0x00C0, 0x00C0, 0x00C0, 0x00C0, 0x00A0, 0x00A0, 0x00A0, 0x00A0, 0x00A0, 0x00A0, 0x00A0, 0x00A0,
  0x00C0, 0x00C0, 0x00A0, 0x00A0, 0x00A0, 0x0080, 0x0080, 0x0080, 0x0080, 0x0080, 0x0080, 0x0080,
  0x0080, 0x0080, 0x00A0, 0x00A0, 0x00A0, 0x00A0, 0x00A0, 0x0080, 0x0080, 0x0060, 0x0040, 0x0040,
  0x0020, 0x0020, 0x0000, 0x0000, 0x0000, 0x0000, 0x0000, 0x0000, 0x0000, 0x0000, 0x0000, 0x0000,
  0x0000, 0x0000, 0x0000, 0x0000, 0x0000, 0x0000, 0x0000, 0x0000, 0x0000, 0x0000, 0x0000, 0x0000,
  0x0000, 0x0000, 0x0000, 0x0000, 0x0000, 0x0000, 0x0000, 0x0000, 0x0000, 0x0000, 0x0000, 0x0000,
  0x0000, 0x0000, 0x0000, 0x0000, 0x0000, 0x0000, 0x0000, 0x0000, 0x0000, 0x0000, 0x0000, 0x0000,
  0x0000, 0x0000, 0x0000, 0x0000, 0x0000, 0x0000, 0x0000, 0x0020, 0x0020, 0x0040, 0x0040, 0x0060,
  0x0060, 0x0080, 0x0080, 0x0080, 0x00A0, 0x00A0, 0x00A0, 0x00A0, 0x00A0, 0x0080, 0x0080, 0x0080,
  0x0080, 0x0080, 0x0060, 0x0060, 0x0060, 0x0060, 0x0060, 0x0060, 0x0060, 0x0060, 0x0060, 0x0080,
  0x00A0, 0x00A0, 0x00A0, 0x00A0, 0x00C0, 0x00C0, 0x00C0, 0x00C0, 0x00C0, 0x00A0, 0x00A0, 0x00A0,
  0x0080, 0x0080, 0x0080, 0x0080, 0x0060, 0x0060, 0x0060, 0x0060, 0x0060, 0x0060, 0x0080, 0x0080,
  0x0080, 0x0080, 0x0080, 0x0080, 0x0080, 0x0060, 0x0060, 0x0060, 0x0060, 0x0060, 0x0060, 0x0060,
  0x0060, 0x0060, 0x0060, 0x0060, 0x0060, 0x0060, 0x0040, 0x0040, 0x0040, 0x0020, 0x0020, 0x0020,
  0x0020, 0x0020, 0x0020, 0x0020, 0x0020, 0x0040, 0x0040, 0x0040, 0x0060, 0x0080, 0x0080, 0x0080,
  0x00A0, 0x00A0, 0x00A0, 0x0080, 0x0080, 0x0080, 0x0060, 0x0060, 0x0040, 0x0040, 0x0040, 0x0040,
  0x0040, 0x0040, 0x0060, 0x0060, 0x0080, 0x0080, 0x0080, 0x0080, 0x0080, 0x0080, 0x0060, 0x0060,
  0x0060, 0x0080, 0x0080, 0x0080, 0x0080, 0x0080, 0x0080, 0x0080, 0x0080, 0x0080, 0x0080, 0x0060,
  0x0060, 0x0060, 0x0060, 0x0060, 0x0060, 0x0080, 0x0080, 0x0080, 0x00A0, 0x00A0, 0x00A0, 0x0080,
  0x0080, 0x0080, 0x0060, 0x0060, 0x0060, 0x0060, 0x0060, 0x0060, 0x0060, 0x0080, 0x0080, 0x00A0,
  0x00A0, 0x00C0, 0x00C0, 0x00C0, 0x00C0, 0x00C0, 0x00A0, 0x00A0, 0x00A0, 0x0080, 0x0080, 0x0080,
  0x0060, 0x0060, 0x0060, 0x0040, 0x0040, 0x0060, 0x0060, 0x0060, 0x0080, 0x0080, 0x0080, 0x0080,
  0x0080, 0x0080, 0x0060, 0x0060, 0x0040, 0x0040, 0x0040, 0x0040, 0x0040, 0x0060, 0x0060, 0x0060,
  0x0080, 0x0080, 0x0080, 0x0060, 0x0060, 0x0060, 0x0080, 0x0080, 0x0080, 0x0080, 0x0080, 0x00A0,
  0x00A0, 0x00A0, 0x00C0, 0x00C0, 0x00A0, 0x00A0, 0x00A0, 0x00A0, 0x00A0, 0x0080, 0x0080, 0x0080,
  0x0060, 0x0060, 0x0060, 0x0080, 0x0080, 0x0080, 0x0080, 0x0080, 0x0080, 0x0080, 0x0080, 0x0080,
  0x0060, 0x0060, 0x0060, 0x0060, 0x0080, 0x0080, 0x0080, 0x0080, 0x00A0, 0x00A0, 0x00A0, 0x0080,
  0x0080, 0x0080, 0x0080, 0x0080, 0x0080, 0x0080, 0x0080, 0x0080, 0x0080, 0x0080, 0x0080, 0x0080,
  0x0080, 0x0060, 0x0060, 0x0060, 0x0060, 0x0060, 0x0060, 0x0060, 0x0060, 0x0060, 0x0060, 0x0080,
  0x0080, 0x0080, 0x0060, 0x0060, 0x0060, 0x0040, 0x0040, 0x0020, 0x0020, 0x0020, 0x0000, 0x0000,
  0x0000, 0x0000, 0x0000, 0x0000, 0x0000, 0x0000, 0x0000, 0x0000, 0x0000, 0x0000, 0x0000, 0x0000,
  0x0000, 0x0000, 0x0000, 0x0000, 0x0000, 0x0000, 0x0000, 0x0000, 0x0000, 0x0000, 0x0000, 0x0000,
  0x0000, 0x0000, 0x0000, 0x0000, 0x0000, 0x0000, 0x0000, 0x0000, 0x0000, 0x0000, 0x0000, 0x0000,
  0x0000, 0x0000, 0x0000, 0x0000, 0x0000, 0x0000, 0x0000, 0x0000, 0x0000, 0x0000, 0x0000, 0x0000,
  0x0000, 0x0000, 0x0000, 0x0000, 0x0020, 0x0020, 0x0040, 0x0040, 0x0060, 0x0060, 0x0060, 0x0060,
  0x0080, 0x0080, 0x0080, 0x0080, 0x0080, 0x0060, 0x0060, 0x0060, 0x0060, 0x0060, 0x0060, 0x0060,
  0x0040, 0x0040, 0x0040, 0x0040, 0x0060, 0x0060, 0x0060, 0x0080, 0x0080, 0x0080, 0x00A0, 0x00A0,
  0x00A0, 0x00A0, 0x00A0, 0x00A0, 0x00A0, 0x00A0, 0x0080, 0x0080, 0x0080, 0x0080, 0x0060, 0x0060,
  0x0060, 0x0060, 0x0040, 0x0040, 0x0060, 0x0060, 0x0060, 0x0060, 0x0060, 0x0060, 0x0060, 0x0060,
  0x0060, 0x0060, 0x0060, 0x0040, 0x0040, 0x0060, 0x0060, 0x0060, 0x0060, 0x0060, 0x0060, 0x0060,
  0x0040, 0x0040, 0x0040, 0x0040, 0x0020, 0x0020, 0x0020, 0x0020, 0x0020, 0x0020, 0x0020, 0x0040,
  0x0040, 0x0040, 0x0040, 0x0060, 0x0060, 0x0060, 0x0080, 0x0080, 0x0080, 0x0080, 0x0080, 0x0080,
  0x0080, 0x0060, 0x0060, 0x0040, 0x0040, 0x0040, 0x0040, 0x0020, 0x0040, 0x0040, 0x0040, 0x0060,
  0x0060, 0x0060, 0x0060, 0x0060, 0x0060, 0x0060, 0x0060, 0x0060, 0x0060, 0x0060, 0x0060, 0x0060,
  0x0060, 0x0060, 0x0080, 0x0060, 0x0060, 0x0060, 0x0060, 0x0060, 0x0060, 0x0040, 0x0040, 0x0060,
  0x0060, 0x0060, 0x0080, 0x0080, 0x0080, 0x0080, 0x0080, 0x0080, 0x0060, 0x0060, 0x0060, 0x0040,
  0x0040, 0x0040, 0x0040, 0x0040, 0x0060, 0x0060, 0x0080, 0x0080, 0x00A0, 0x00A0, 0x00A0, 0x00A0,
  0x00A0, 0x00A0, 0x00A0, 0x0080, 0x0080, 0x0080, 0x0080, 0x0060, 0x0060, 0x0040, 0x0040, 0x0040,
  0x0040, 0x0040, 0x0060, 0x0060, 0x0060, 0x0060, 0x0060, 0x0060, 0x0060, 0x0060, 0x0060, 0x0040,
  0x0040, 0x0040, 0x0040, 0x0040, 0x0040, 0x0040, 0x0040, 0x0060, 0x0060, 0x0060, 0x0060, 0x0060,
  0x0060, 0x0060, 0x0080, 0x0080, 0x0080, 0x0080, 0x0080, 0x0080, 0x0080, 0x0080, 0x00A0, 0x00A0,
  0x0080, 0x0080, 0x0080, 0x0080, 0x0080, 0x0080, 0x0060, 0x0060, 0x0060, 0x0060, 0x0060, 0x0060,
  0x0060, 0x0060, 0x0060, 0x0080, 0x0080, 0x0060, 0x0060, 0x0060, 0x0060, 0x0060, 0x0060, 0x0060,
  0x0060, 0x0060, 0x0060, 0x0080, 0x0080, 0x0080, 0x0080, 0x0080, 0x0080, 0x0060, 0x0060, 0x0060,
  0x0060, 0x0060, 0x0060, 0x0060, 0x0060, 0x0060, 0x0060, 0x0060, 0x0060, 0x0040, 0x0040, 0x0040,
  0x0040, 0x0040, 0x0040, 0x0040, 0x0040, 0x0040, 0x0060, 0x0060, 0x0060, 0x0060, 0x0060, 0x0040,
  0x0040, 0x0040, 0x0020, 0x0020, 0x0000, 0x0000, 0x0000, 0x0000, 0x0000, 0x0000, 0x0000, 0x0000,
  0x0000, 0x0000, 0x0000, 0x0000, 0x0000, 0x0000, 0x0000, 0x0000, 0x0000, 0x0000, 0x0000, 0x0000,
  0x0000, 0x0000, 0x0000, 0x0000, 0x0000, 0x0000, 0x0000, 0x0000, 0x0000, 0x0000, 0x0000, 0x0000,
  0x0000, 0x0000, 0x0000, 0x0000, 0x0000, 0x0000, 0x0000, 0x0000, 0x0000, 0x0000, 0x0000, 0x0000,
  0x0000, 0x0000, 0x0000, 0x0000, 0x0000, 0x0000, 0x0000, 0x0000, 0x0000, 0x0000, 0x0000, 0x0000,
  0x0000, 0x0020, 0x0020, 0x0040, 0x0040, 0x0040, 0x0060, 0x0060, 0x0060, 0x0060, 0x0060, 0x0060,
  0x0060, 0x0060, 0x0060, 0x0040, 0x0040, 0x0040, 0x0040, 0x0040, 0x0040, 0x0040, 0x0040, 0x0040,
  0x0040, 0x0060, 0x0060, 0x0060, 0x0080, 0x0080, 0x0080, 0x0080, 0x00A0, 0x0080, 0x0080, 0x00A0,
  0x00A0, 0x0080, 0x0080, 0x0080, 0x0080, 0x0060, 0x0060, 0x0060, 0x0040, 0x0040, 0x0040, 0x0040,
  0x0060, 0x0060, 0x0060, 0x0060, 0x0060, 0x0060, 0x0060, 0x0060, 0x0060, 0x0060, 0x0060, 0x0040,
  0x0040, 0x0040, 0x0040, 0x0040, 0x0040, 0x0060, 0x0040, 0x0040, 0x0040, 0x0040, 0x0040, 0x0020,
  0x0020, 0x0020, 0x0020, 0x0020, 0x0020, 0x0040, 0x0040, 0x0040, 0x0040, 0x0060, 0x0060, 0x0060,
  0x0060, 0x0060, 0x0080, 0x0080, 0x0080, 0x0080, 0x0080, 0x0080, 0x0060, 0x0060, 0x0060, 0x0040,
  0x0040, 0x0040, 0x0020, 0x0020, 0x0040, 0x0040, 0x0040, 0x0040, 0x0060, 0x0060, 0x0060, 0x0060,
  0x0060, 0x0040, 0x0040, 0x0040, 0x0040, 0x0040, 0x0060, 0x0060, 0x0060, 0x0060, 0x0060, 0x0060,
  0x0060, 0x0060, 0x0060, 0x0060, 0x0060, 0x0040, 0x0040, 0x0040, 0x0060, 0x0060, 0x0080, 0x0080,
  0x0080, 0x0060, 0x0060, 0x0060, 0x0060, 0x0060, 0x0040, 0x0040, 0x0040, 0x0040, 0x0040, 0x0040,
  0x0040, 0x0060, 0x0060, 0x0080, 0x0080, 0x0080, 0x0080, 0x0080, 0x0080, 0x0080, 0x0080, 0x0080,
  0x0080, 0x0080, 0x0060, 0x0060, 0x0060, 0x0040, 0x0040, 0x0040, 0x0040, 0x0040, 0x0040, 0x0060,
  0x0060, 0x0060, 0x0060, 0x0060, 0x0060, 0x0060, 0x0060, 0x0040, 0x0040, 0x0040, 0x0020, 0x0040,
  0x0040, 0x0040, 0x0040, 0x0060, 0x0060, 0x0060, 0x0060, 0x0060, 0x0060, 0x0060, 0x0080, 0x0080,
  0x0080, 0x0080, 0x0080, 0x0080, 0x0080, 0x0080, 0x0080, 0x0080, 0x0080, 0x0080, 0x0080, 0x0080,
  0x0080, 0x0060, 0x0060, 0x0060, 0x0060, 0x0060, 0x0060, 0x0060, 0x0060, 0x0060, 0x0060, 0x0060,
  0x0060, 0x0060, 0x0060, 0x0060, 0x0060, 0x0040, 0x0040, 0x0040, 0x0060, 0x0060, 0x0060, 0x0060,
  0x0060, 0x0060, 0x0060, 0x0060, 0x0060, 0x0060, 0x0060, 0x0060, 0x0060, 0x0040, 0x0040, 0x0040,
  0x0040, 0x0040, 0x0040, 0x0040, 0x0040, 0x0040, 0x0020, 0x0020, 0x0020, 0x0020, 0x0020, 0x0040,
  0x0040, 0x0040, 0x0040, 0x0040, 0x0040, 0x0040, 0x0040, 0x0040, 0x0040, 0x0020, 0x0020, 0x0020,
  0x0000, 0x0000, 0x0000, 0x0000, 0x0000, 0x0000, 0x0000, 0x0000, 0x0000, 0x0000, 0x0000, 0x0000,
  0x0000, 0x0000, 0x0000, 0x0000, 0x0000, 0x0000, 0x0000, 0x0000, 0x0000, 0x0000, 0x0000, 0x0000,
  0x0000, 0x0000, 0x0000, 0x0000, 0x0000, 0x0000, 0x0000, 0x0000, 0x0000, 0x0000, 0x0000, 0x0000,
  0x0000, 0x0000, 0x0000, 0x0000, 0x0000, 0x0000, 0x0000, 0x0000, 0x0000, 0x0000, 0x0000, 0x0000,
  0x0000, 0x0000, 0x0000, 0x0000, 0x0000, 0x0000, 0x0000, 0x0000, 0x0000, 0x0000, 0x0020, 0x0020,
  0x0020, 0x0020, 0x0040, 0x0040, 0x0040, 0x0040, 0x0040, 0x0040, 0x0040, 0x0040, 0x0040, 0x0040,
  0x0040, 0x0040, 0x0040, 0x0040, 0x0040, 0x0020, 0x0040, 0x0040, 0x0040, 0x0060, 0x0060, 0x0060,
  0x0080, 0x0080, 0x0080, 0x00A0, 0x00A0, 0x00A0, 0x00A0, 0x00A0, 0x00A0, 0x0080, 0x0080, 0x0080,
  0x0060, 0x0060, 0x0060, 0x0060, 0x0060, 0x0040, 0x0040, 0x0040, 0x0060, 0x0060, 0x0060, 0x0060,
  0x0060, 0x0060, 0x0060, 0x0060, 0x0080, 0x0060, 0x0060, 0x0040, 0x0040, 0x0040, 0x0040, 0x0040,
  0x0040, 0x0040, 0x0040, 0x0040, 0x0040, 0x0040, 0x0040, 0x0020, 0x0020, 0x0020, 0x0020, 0x0040,
  0x0040, 0x0040, 0x0060, 0x0060, 0x0060, 0x0080, 0x0080, 0x0080, 0x0080, 0x0080, 0x0080, 0x0080,
  0x0080, 0x0080, 0x0080, 0x0080, 0x0060, 0x0060, 0x0060, 0x0040, 0x0040, 0x0040, 0x0040, 0x0040,
  0x0040, 0x0040, 0x0040, 0x0040, 0x0060, 0x0060, 0x0060, 0x0060, 0x0060, 0x0040, 0x0040, 0x0040,
  0x0040, 0x0040, 0x0040, 0x0040, 0x0060, 0x0060, 0x0060, 0x0060, 0x0060, 0x0060, 0x0060, 0x0060,
  0x0040, 0x0040, 0x0040, 0x0040, 0x0060, 0x0060, 0x0060, 0x0060, 0x0060, 0x0060, 0x0060, 0x0060,
  0x0040, 0x0040, 0x0040, 0x0020, 0x0020, 0x0040, 0x0040, 0x0040, 0x0040, 0x0060, 0x0060, 0x0060,
  0x0080, 0x0080, 0x0080, 0x0080, 0x0080, 0x0080, 0x0080, 0x00A0, 0x00A0, 0x0080, 0x0060, 0x0060,
  0x0060, 0x0040, 0x0040, 0x0040, 0x0040, 0x0040, 0x0060, 0x0060, 0x0060, 0x0060, 0x0060, 0x0060,
  0x0060, 0x0060, 0x0060, 0x0040, 0x0040, 0x0040, 0x0040, 0x0040, 0x0040, 0x0040, 0x0040, 0x0040,
  0x0060, 0x0060, 0x0060, 0x0060, 0x0060, 0x0060, 0x0080, 0x00A0, 0x00C0, 0x00A0, 0x0080, 0x0080,
  0x0080, 0x0080, 0x0080, 0x0080, 0x0080, 0x0080, 0x0080, 0x0080, 0x0060, 0x0060, 0x0060, 0x0060,
  0x0040, 0x0040, 0x0060, 0x0080, 0x0060, 0x0060, 0x0060, 0x0060, 0x0040, 0x0060, 0x0060, 0x0060,
  0x0040, 0x0040, 0x0040, 0x0040, 0x0060, 0x0060, 0x0060, 0x0060, 0x0060, 0x0060, 0x0060, 0x0060,
  0x0060, 0x0060, 0x0060, 0x0060, 0x0040, 0x0040, 0x0040, 0x0040, 0x0040, 0x0040, 0x0040, 0x0020,
  0x0020, 0x0020, 0x0020, 0x0020, 0x0020, 0x0020, 0x0020, 0x0020, 0x0020, 0x0020, 0x0020, 0x0020,
  0x0020, 0x0020, 0x0020, 0x0020, 0x0020, 0x0020, 0x0000, 0x0000, 0x0000, 0x0000, 0x0000, 0x0000,
  0x0000, 0x0000, 0x0000, 0x0000, 0x0000, 0x0000, 0x0000, 0x0000, 0x0000, 0x0000, 0x0000, 0x0000,
  0x0000, 0x0000, 0x0000, 0x0000, 0x0000, 0x0000, 0x0000, 0x0000, 0x0000, 0x0000, 0x0000, 0x0000,
  0x0000, 0x0000, 0x0000, 0x0000, 0x0000, 0x0000, 0x0000, 0x0000, 0x0000, 0x0000, 0x0000, 0x0000,
  0x0000, 0x0000, 0x0000, 0x0000, 0x0000, 0x0000, 0x0000, 0x0000, 0x0000, 0x0000, 0x0000, 0x0000,
  0x0000, 0x0000, 0x0000, 0x0000, 0x0000, 0x0000, 0x0000, 0x0020, 0x0020, 0x0020, 0x0020, 0x0020,
  0x0020, 0x0040, 0x0020, 0x0040, 0x0040, 0x0020, 0x0020, 0x0020, 0x0020, 0x0020, 0x0020, 0x0020,
  0x0020, 0x0020, 0x0020, 0x0040, 0x0040, 0x0040, 0x0060, 0x0080, 0x00A0, 0x00A0, 0x00A0, 0x00A0,
  0x0080, 0x00A0, 0x00A0, 0x00C0, 0x00C0, 0x00A0, 0x0080, 0x0080, 0x0080, 0x0060, 0x0060, 0x0060,
  0x0060, 0x0060, 0x0060, 0x0060, 0x0060, 0x0060, 0x0060, 0x0060, 0x0060, 0x0080, 0x0080, 0x00A0,
  0x0060, 0x0080, 0x0080, 0x0060, 0x0060, 0x0040, 0x0040, 0x0060, 0x0040, 0x0040, 0x0040, 0x0040,
  0x0040, 0x0040, 0x0040, 0x0020, 0x0020, 0x0040, 0x0040, 0x0040, 0x0060, 0x0060, 0x0080, 0x00A0,
  0x00A0, 0x00A0, 0x00A0, 0x0080, 0x0080, 0x00A0, 0x00C0, 0x00C0, 0x00A0, 0x0080, 0x0080, 0x0080,
  0x0060, 0x0060, 0x0060, 0x0060, 0x0060, 0x0040, 0x0040, 0x0040, 0x0040, 0x0040, 0x0040, 0x0040,
  0x0060, 0x0060, 0x0060, 0x0060, 0x0060, 0x0060, 0x0040, 0x0040, 0x0040, 0x0040, 0x0040, 0x0060,
  0x0060, 0x0060, 0x0060, 0x0060, 0x0060, 0x0060, 0x0060, 0x0060, 0x0060, 0x0060, 0x0060, 0x0060,
  0x0060, 0x0060, 0x0060, 0x0060, 0x0060, 0x0060, 0x0060, 0x0060, 0x0040, 0x0040, 0x0040, 0x0020,
  0x0020, 0x0040, 0x0040, 0x0040, 0x0040, 0x0060, 0x0060, 0x0060, 0x0080, 0x0080, 0x0080, 0x0080,
  0x0080, 0x0080, 0x00A0, 0x0080, 0x0060, 0x00A0, 0x0080, 0x0060, 0x0060, 0x0060, 0x0060, 0x0060,
  0x0060, 0x0060, 0x0060, 0x0060, 0x0060, 0x0060, 0x0060, 0x0060, 0x0060, 0x0080, 0x0080, 0x0060,
  0x0040, 0x0040, 0x0040, 0x0040, 0x0040, 0x0040, 0x0040, 0x0040, 0x0060, 0x0060, 0x0060, 0x0060,
  0x0080, 0x0080, 0x00E0, 0x00A0, 0x00A0, 0x00E0, 0x00C0, 0x00A0, 0x00A0, 0x0080, 0x0080, 0x0080,
  0x0080, 0x0080, 0x0080, 0x0060, 0x0060, 0x0060, 0x0060, 0x0060, 0x0060, 0x0060, 0x0080, 0x0060,
  0x0060, 0x0080, 0x0060, 0x0060, 0x0060, 0x0060, 0x0060, 0x0060, 0x0060, 0x0060, 0x0040, 0x0040,
  0x0040, 0x0060, 0x0060, 0x0060, 0x0060, 0x0060, 0x0060, 0x0060, 0x0060, 0x0060, 0x0060, 0x0040,
  0x0040, 0x0040, 0x0040, 0x0040, 0x0020, 0x0020, 0x0020, 0x0020, 0x0020, 0x0020, 0x0020, 0x0020,
  0x0000, 0x0020, 0x0020, 0x0020, 0x0020, 0x0020, 0x0020, 0x0020, 0x0020, 0x0020, 0x0020, 0x0020,
  0x0020, 0x0000, 0x0000, 0x0000, 0x0000, 0x0000, 0x0000, 0x0000, 0x0000, 0x0000, 0x0000, 0x0000,
  0x0000, 0x0000, 0x0000, 0x0000, 0x0000, 0x0000, 0x0000, 0x0000, 0x0000, 0x0000, 0x0000, 0x0000,
  0x0000, 0x0000, 0x0000, 0x0000, 0x0000, 0x0000, 0x0000, 0x0000, 0x0000, 0x0000, 0x0000, 0x0000,
  0x0000, 0x0000, 0x0000, 0x0000, 0x0000, 0x0000, 0x0000, 0x0000, 0x0000, 0x0000, 0x0000, 0x0000,
  0x0000, 0x0000, 0x0000, 0x0000, 0x0000, 0x0000, 0x0000, 0x0000, 0x0000, 0x0000, 0x0000, 0x0000,
  0x0000, 0x0000, 0x0000, 0x0000, 0x0000, 0x0000, 0x0020, 0x0020, 0x0020, 0x0020, 0x0020, 0x0020,
  0x0020, 0x0020, 0x0020, 0x0020, 0x0020, 0x0020, 0x0020, 0x0020, 0x0020, 0x0020, 0x0020, 0x0040,
  0x0040, 0x0060, 0x00A0, 0x00C0, 0x00C0, 0x00E0, 0x00C0, 0x00A0, 0x00A0, 0x00A0, 0x00C0, 0x00E0,
  0x00E0, 0x00E0, 0x00A0, 0x0080, 0x0080, 0x0080, 0x0080, 0x0080, 0x0080, 0x0060, 0x0060, 0x0060,
  0x0060, 0x0060, 0x0060, 0x0080, 0x0080, 0x00A0, 0x00C0, 0x00E0, 0x22C5, 0x1A44, 0x00A0, 0x0080,
  0x0060, 0x0060, 0x0060, 0x0060, 0x0060, 0x0060, 0x0060, 0x0060, 0x0040, 0x0040, 0x0040, 0x0040,
  0x0040, 0x0040, 0x0040, 0x0040, 0x0060, 0x00C0, 0x00E0, 0x00E0, 0x00E0, 0x00C0, 0x00A0, 0x00A0,
  0x00E0, 0x0120, 0x0120, 0x0120, 0x00E0, 0x00A0, 0x0080, 0x0080, 0x0080, 0x0080, 0x0080, 0x0060,
  0x0060, 0x0060, 0x0060, 0x0060, 0x0040, 0x0060, 0x0060, 0x0060, 0x0060, 0x0060, 0x0060, 0x0060,
  0x0060, 0x0060, 0x0060, 0x0060, 0x0060, 0x0060, 0x0060, 0x0060, 0x0060, 0x0060, 0x0060, 0x0060,
  0x0060, 0x0060, 0x0060, 0x0060, 0x0080, 0x0080, 0x0080, 0x0080, 0x0080, 0x0080, 0x0080, 0x0080,
  0x0080, 0x0060, 0x0060, 0x0060, 0x0040, 0x0040, 0x0040, 0x0020, 0x0040, 0x0040, 0x0040, 0x0040,
  0x0060, 0x0060, 0x0080, 0x0080, 0x0080, 0x0080, 0x0080, 0x0080, 0x0080, 0x00A0, 0x00E0, 0x2284,
  0x2AE6, 0x00A0, 0x00A0, 0x0080, 0x0060, 0x0060, 0x0060, 0x0060, 0x0060, 0x0080, 0x0080, 0x0060,
  0x0060, 0x0060, 0x0060, 0x0080, 0x00A0, 0x0060, 0x0080, 0x0080, 0x0060, 0x0060, 0x0060, 0x0060,
  0x0060, 0x0060, 0x0060, 0x0060, 0x0060, 0x0060, 0x0080, 0x0080, 0x00A0, 0x00E0, 0x00E0, 0x3BE8,
  0x6D4E, 0x01C1, 0x00E0, 0x00E0, 0x00A0, 0x00A0, 0x0080, 0x0080, 0x0080, 0x0080, 0x0080, 0x0080,
  0x0080, 0x0060, 0x0060, 0x0060, 0x0060, 0x0080, 0x00C0, 0x2285, 0x1A24, 0x00A0, 0x0080, 0x0060,
  0x0060, 0x0060, 0x0060, 0x0060, 0x0060, 0x0060, 0x0060, 0x0060, 0x0060, 0x0060, 0x0060, 0x0060,
  0x0060, 0x0060, 0x0060, 0x0060, 0x0060, 0x0060, 0x0060, 0x0060, 0x0040, 0x0040, 0x0040, 0x0020,
  0x0020, 0x0020, 0x0020, 0x0000, 0x0000, 0x0000, 0x0000, 0x0000, 0x0000, 0x0000, 0x0000, 0x0000,
  0x0000, 0x0000, 0x0000, 0x0000, 0x0000, 0x0000, 0x0000, 0x0000, 0x0000, 0x0000, 0x0000, 0x0000,
  0x0000, 0x0000, 0x0000, 0x0000, 0x0000, 0x0000, 0x0000, 0x0000, 0x0000, 0x0000, 0x0000, 0x0000,
  0x0000, 0x0000, 0x0000, 0x0000, 0x0000, 0x0000, 0x0000, 0x0000, 0x0000, 0x0000, 0x0000, 0x0000,
  0x0000, 0x0000, 0x0000, 0x0000, 0x0000, 0x0000, 0x0000, 0x0000, 0x0000, 0x0000, 0x0000, 0x0000,
  0x0000, 0x0000, 0x0000, 0x0000, 0x0000, 0x0000, 0x0000, 0x0000, 0x0000, 0x0000, 0x0000, 0x0000,
  0x0000, 0x0000, 0x0000, 0x0000, 0x0000, 0x0000, 0x0000, 0x0000, 0x0000, 0x0000, 0x0000, 0x0000,
  0x0000, 0x0000, 0x0000, 0x0000, 0x0020, 0x0000, 0x0020, 0x0020, 0x0000, 0x0020, 0x0000, 0x0000,
  0x0020, 0x0000, 0x0000, 0x0000, 0x0020, 0x0020, 0x0020, 0x0040, 0x0040, 0x0080, 0x0060, 0x3347,
  0x8613, 0x1202, 0x00C0, 0x00E0, 0x00C0, 0x0100, 0x0120, 0x3BE8, 0x8612, 0x09C1, 0x00C0, 0x00A0,
  0x00A0, 0x00A0, 0x00C0, 0x00C0, 0x00C0, 0x00A0, 0x0080, 0x0080, 0x0080, 0x0080, 0x0080, 0x00A0,
  0x00C0, 0x00E0, 0x0120, 0x0120, 0x8ED4, 0x652E, 0x0060, 0x00C0, 0x0080, 0x0080, 0x0080, 0x00A0,
  0x00A0, 0x00A0, 0x00A0, 0x0080, 0x0060, 0x0060, 0x0040, 0x0040, 0x0040, 0x0040, 0x0040, 0x0060,
  0x00A0, 0x00E0, 0x54EC, 0x7E11, 0x0A01, 0x00E0, 0x00E0, 0x0100, 0x0120, 0x0AA2, 0x8E73, 0x5CCC,
  0x0100, 0x00C0, 0x0080, 0x0080, 0x00A0, 0x00A0, 0x00C0, 0x00C0, 0x00C0, 0x00A0, 0x0080, 0x0060,
  0x0060, 0x0060, 0x0060, 0x0080, 0x00A0, 0x00A0, 0x00A0, 0x00A0, 0x0080, 0x0080, 0x0060, 0x0060,
  0x0080, 0x0080, 0x0080, 0x0080, 0x0080, 0x0080, 0x0080, 0x00A0, 0x0080, 0x0080, 0x0080, 0x00A0,
  0x00A0, 0x00C0, 0x00C0, 0x00C0, 0x00C0, 0x00C0, 0x00C0, 0x00C0, 0x00C0, 0x00A0, 0x0080, 0x0060,
  0x0040, 0x0040, 0x0040, 0x0040, 0x0040, 0x0040, 0x0040, 0x0060, 0x0080, 0x00A0, 0x00C0, 0x00C0,
  0x00C0, 0x00A0, 0x00A0, 0x0080, 0x0080, 0x00E0, 0x00C0, 0x6DAF, 0x96F4, 0x00C0, 0x00C0, 0x00A0,
  0x0080, 0x0080, 0x00A0, 0x00C0, 0x00C0, 0x00C0, 0x00A0, 0x0080, 0x0080, 0x0080, 0x0080, 0x00A0,
  0x00E0, 0x3327, 0x1A44, 0x00C0, 0x00C0, 0x0080, 0x0060, 0x0060, 0x0060, 0x0080, 0x0080, 0x00A0,
  0x00A0, 0x00A0, 0x0080, 0x00A0, 0x00C0, 0x00C0, 0x4C6A, 0xA797, 0x8E93, 0x8EB4, 0x0A02, 0x0120,
  0x00E0, 0x00C0, 0x00A0, 0x00A0, 0x00C0, 0x00A0, 0x00C0, 0x00C0, 0x00A0, 0x00A0, 0x0080, 0x0080,
  0x0080, 0x0080, 0x0100, 0xA737, 0x85D2, 0x0060, 0x00A0, 0x0080, 0x0080, 0x0080, 0x0080, 0x00A0,
  0x00A0, 0x00A0, 0x0080, 0x0080, 0x0060, 0x0060, 0x0060, 0x0080, 0x0080, 0x00A0, 0x00A0, 0x00A0,
  0x00A0, 0x0080, 0x0060, 0x0060, 0x0040, 0x0040, 0x0040, 0x0020, 0x0020, 0x0020, 0x0000, 0x0000,
  0x0000, 0x0000, 0x0000, 0x0000, 0x0000, 0x0000, 0x0000, 0x0000, 0x0000, 0x0000, 0x0000, 0x0000,
  0x0000, 0x0000, 0x0000, 0x0000, 0x0000, 0x0000, 0x0000, 0x0000, 0x0000, 0x0000, 0x0000, 0x0000,
  0x0000, 0x0000, 0x0000, 0x0000, 0x0000, 0x0000, 0x0000, 0x0000, 0x0000, 0x0000, 0x0000, 0x0000,
  0x0000, 0x0000, 0x0000, 0x0000, 0x0000, 0x0000, 0x0000, 0x0000, 0x0000, 0x0000, 0x0000, 0x0000,
  0x0000, 0x0000, 0x0000, 0x0000, 0x0000, 0x0000, 0x0000, 0x0000, 0x0000, 0x0000, 0x0000, 0x0000,
  0x0000, 0x0000, 0x0000, 0x0000, 0x0000, 0x0000, 0x0000, 0x0000, 0x0000, 0x0000, 0x0000, 0x0000,
  0x0000, 0x0000, 0x0000, 0x0000, 0x0000, 0x0000, 0x0000, 0x0000, 0x0000, 0x0000, 0x0000, 0x0000,
  0x0000, 0x0000, 0x0000, 0x0000, 0x0000, 0x0000, 0x0000, 0x0000, 0x0000, 0x0000, 0x0000, 0x0000,
  0x0000, 0x0020, 0x0020, 0x0040, 0x0040, 0x0080, 0x0080, 0x1A63, 0xCFFC, 0x54CC, 0x00E0, 0x0100,
  0x00E0, 0x0140, 0x0200, 0xA777, 0x8E93, 0x0140, 0x0120, 0x00E0, 0x00E0, 0x00C0, 0x00A0, 0x00A0,
  0x00A0, 0x00C0, 0x00E0, 0x00A0, 0x00A0, 0x00A0, 0x00C0, 0x00E0, 0x00C0, 0x00A0, 0x00E0, 0x0160,
  0x8EB3, 0x652E, 0x00C0, 0x00E0, 0x00C0, 0x00E0, 0x00E0, 0x00C0, 0x0080, 0x0080, 0x00A0, 0x00C0,
  0x00A0, 0x0060, 0x0060, 0x0040, 0x0040, 0x0060, 0x0060, 0x0080, 0x00C0, 0x0120, 0x7E51, 0xDFFE,
  0x656D, 0x0160, 0x0160, 0x0140, 0x0140, 0x5D6D, 0xDFFE, 0x7E51, 0x01A0, 0x0100, 0x00C0, 0x00C0,
  0x00E0, 0x00C0, 0x00A0, 0x00A0, 0x00A0, 0x00A0, 0x00C0, 0x00A0, 0x00A0, 0x0080, 0x00A0, 0x00C0,
  0x00A0, 0x0080, 0x0080, 0x0080, 0x00C0, 0x00C0, 0x0080, 0x0080, 0x00A0, 0x0080, 0x0060, 0x00A0,
  0x00A0, 0x00A0, 0x00A0, 0x0060, 0x00A0, 0x00C0, 0x00C0, 0x00E0, 0x00A0, 0x00E0, 0x00C0, 0x00C0,
  0x00E0, 0x0120, 0x00E0, 0x00C0, 0x00A0, 0x00C0, 0x00A0, 0x0060, 0x0060, 0x0040, 0x0040, 0x0040,
  0x0040, 0x0040, 0x0060, 0x0080, 0x00C0, 0x00C0, 0x00A0, 0x00A0, 0x00A0, 0x00C0, 0x00E0, 0x00A0,
  0x00A0, 0x00E0, 0x00E0, 0x656E, 0x8EB3, 0x0100, 0x00C0, 0x00A0, 0x00A0, 0x00C0, 0x00C0, 0x00A0,
  0x00A0, 0x00A0, 0x00A0, 0x00C0, 0x00A0, 0x00A0, 0x00C0, 0x00A0, 0x00C0, 0xAF57, 0x54CB, 0x00A0,
  0x00A0, 0x0080, 0x0080, 0x0080, 0x0080, 0x0060, 0x00A0, 0x00C0, 0x0080, 0x0080, 0x00C0, 0x00A0,
  0x00A0, 0x0120, 0x4C6A, 0x12A2, 0x0120, 0x4429, 0x2325, 0x0140, 0x0120, 0x00E0, 0x00E0, 0x00E0,
  0x00C0, 0x0100, 0x00A0, 0x0080, 0x0080, 0x00C0, 0x00C0, 0x00A0, 0x00A0, 0x00A0, 0x00E0, 0x11E2,
  0x09A1, 0x00C0, 0x00A0, 0x00A0, 0x00A0, 0x00C0, 0x00C0, 0x0080, 0x0060, 0x0060, 0x0060, 0x00C0,
  0x00A0, 0x0080, 0x0080, 0x00A0, 0x00C0, 0x00A0, 0x0080, 0x0080, 0x0080, 0x00A0, 0x00A0, 0x0080,
  0x0060, 0x0040, 0x0040, 0x0020, 0x0020, 0x0000, 0x0000, 0x0000, 0x0000, 0x0000, 0x0000, 0x0000,
  0x0000, 0x0000, 0x0000, 0x0000, 0x0000, 0x0000, 0x0000, 0x0000, 0x0000, 0x0000, 0x0000, 0x0000,
  0x0000, 0x0000, 0x0000, 0x0000, 0x0000, 0x0000, 0x0000, 0x0000, 0x0000, 0x0000, 0x0000, 0x0000,
  0x0000, 0x0000, 0x0000, 0x0000, 0x0000, 0x0000, 0x0000, 0x0000, 0x0000, 0x0000, 0x0000, 0x0000,
  0x0000, 0x0000, 0x0000, 0x0000, 0x0000, 0x0000, 0x0000, 0x0000, 0x0000, 0x0000, 0x0000, 0x0000,
  0x0000, 0x0000, 0x0000, 0x0000, 0x0000, 0x0000, 0x0000, 0x0000, 0x0000, 0x0000, 0x0000, 0x0000,
  0x0000, 0x0000, 0x0000, 0x0000, 0x0000, 0x0000, 0x0000, 0x0000, 0x0000, 0x0000, 0x0000, 0x0000,
  0x0000, 0x0000, 0x0000, 0x0000, 0x0000, 0x0000, 0x0000, 0x0000, 0x0000, 0x0000, 0x0000, 0x0000,
  0x0000, 0x0000, 0x0000, 0x0000, 0x0000, 0x0000, 0x0000, 0x0000, 0x0000, 0x0020, 0x0020, 0x0040,
  0x0040, 0x0060, 0x00C0, 0x0120, 0x7E11, 0xAF57, 0x01C0, 0x0120, 0x0120, 0x0120, 0x2BA5, 0xBFFB,
  0x2B46, 0x00A0, 0x0100, 0x0120, 0x01C0, 0x2BA6, 0x4C4A, 0x3BE8, 0x4409, 0x1AE4, 0x0140, 0x0100,
  0x00C0, 0x00E0, 0x00E0, 0x0180, 0x33A7, 0x4409, 0x4409, 0x1B43, 0x8ED3, 0x6D6E, 0x00E0, 0x00E0,
  0x00E0, 0x0140, 0x0220, 0x33A7, 0x43E9, 0x43E9, 0x3387, 0x01E1, 0x00E0, 0x00A0, 0x0060, 0x0060,
  0x0060, 0x0060, 0x0060, 0x0080, 0x00E0, 0x0160, 0x7E31, 0xC7FB, 0xB7D8, 0x12E3, 0x0160, 0x01A0,
  0x1B84, 0xB7D8, 0xBFF9, 0x6E0F, 0x01A0, 0x0140, 0x0100, 0x0140, 0x0140, 0x1AA4, 0x3BE8, 0x3BE8,
  0x4409, 0x1AA3, 0x0120, 0x0120, 0x00C0, 0x00E0, 0x0120, 0x0160, 0x2B25, 0x43E9, 0x43E9, 0x4C09,
  0x1283, 0x00E0, 0x00E0, 0x00A0, 0x0080, 0x19E3, 0x3326, 0x0100, 0x00E0, 0x00C0, 0x0981, 0x3367,
  0x0981, 0x00C0, 0x00E0, 0x0180, 0x3367, 0x1282, 0x33A7, 0x4C6A, 0x33E7, 0x0220, 0x2304, 0x4429,
  0x3BC8, 0x0A01, 0x00E0, 0x00A0, 0x0060, 0x0060, 0x0060, 0x0040, 0x0060, 0x0060, 0x0080, 0x00C0,
  0x0120, 0x1B04, 0x4449, 0x4409, 0x4409, 0x1AA3, 0x0120, 0x00E0, 0x00C0, 0x00E0, 0x00E0, 0x656E,
  0x96B3, 0x0100, 0x00C0, 0x00A0, 0x0100, 0x0140, 0x0A21, 0x3BE8, 0x3C09, 0x4409, 0x2B46, 0x0180,
  0x0120, 0x00E0, 0x00E0, 0x1A63, 0x4429, 0xAF57, 0x7630, 0x3C08, 0x4409, 0x0982, 0x0060, 0x00A0,
  0x00E0, 0x22A5, 0x1242, 0x1A63, 0x4C2A, 0x2B06, 0x00E0, 0x00E0, 0x0120, 0x01C0, 0x2324, 0x4429,
  0x4449, 0x33A7, 0x0A82, 0x0160, 0x0120, 0x00E0, 0x00A0, 0x09C1, 0x33C7, 0x0AA1, 0x3BA7, 0x43C8,
  0x3BC8, 0x0A22, 0x00E0, 0x00C0, 0x00A0, 0x00E0, 0x0140, 0x22E5, 0x2284, 0x0100, 0x00C0, 0x00A0,
  0x00C0, 0x0100, 0x0A41, 0x3BE8, 0x43C9, 0x43C9, 0x3367, 0x0160, 0x00C0, 0x00A0, 0x00A0, 0x00E0,
  0x0120, 0x1AA3, 0x43E9, 0x43E9, 0x4409, 0x1AA4, 0x00E0, 0x00C0, 0x0060, 0x0040, 0x0040, 0x0020,
  0x0020, 0x0000, 0x0000, 0x0000, 0x0000, 0x0000, 0x0000, 0x0000, 0x0000, 0x0000, 0x0000, 0x0000,
  0x0000, 0x0000, 0x0000, 0x0000, 0x0000, 0x0000, 0x0000, 0x0000, 0x0000, 0x0000, 0x0000, 0x0000,
  0x0000, 0x0000, 0x0000, 0x0000, 0x0000, 0x0000, 0x0000, 0x0000, 0x0000, 0x0000, 0x0000, 0x0000,
  0x0000, 0x0000, 0x0000, 0x0000, 0x0000, 0x0000, 0x0000, 0x0000, 0x0000, 0x0000, 0x0000, 0x0000,
  0x0000, 0x0000, 0x0000, 0x0000, 0x0000, 0x0000, 0x0000, 0x0000, 0x0000, 0x0000, 0x0000, 0x0000,
  0x0000, 0x0000, 0x0000, 0x0000, 0x0000, 0x0000, 0x0000, 0x0000, 0x0000, 0x0000, 0x0000, 0x0000,
  0x0000, 0x0000, 0x0000, 0x0000, 0x0000, 0x0000, 0x0000, 0x0000, 0x0000, 0x0000, 0x0000, 0x0000,
  0x0000, 0x0000, 0x0000, 0x0000, 0x0000, 0x0000, 0x0000, 0x0000, 0x0000, 0x0000, 0x0000, 0x0000,
  0x0000, 0x0000, 0x0000, 0x0000, 0x0000, 0x0020, 0x0020, 0x0040, 0x0040, 0x0060, 0x00C0, 0x00E0,
  0x2B86, 0xCFFB, 0x2BC6, 0x0140, 0x0140, 0x0120, 0x7610, 0x9F36, 0x0180, 0x0100, 0x0120, 0x0120,
  0x3408, 0xB7B8, 0x96D4, 0x86B2, 0x9734, 0xC7FA, 0x3C08, 0x0140, 0x0120, 0x0100, 0x01A0, 0x7E52,
  0xAFB8, 0x8ED3, 0x8ED3, 0x8F13, 0xB7D8, 0x550C, 0x00C0, 0x0100, 0x0100, 0x0221, 0x8E93, 0xBFD9,
  0x8EF3, 0x86B3, 0xB7D8, 0x96D4, 0x09A1, 0x00C0, 0x0080, 0x0060, 0x0060, 0x0060, 0x0080, 0x0080,
  0x00E0, 0x0140, 0x8672, 0x8F13, 0xA796, 0x7610, 0x01A0, 0x0240, 0x96D3, 0x9F35, 0x9734, 0x7E31,
  0x0160, 0x0120, 0x0140, 0x0180, 0x4CAA, 0xB7F9, 0x8EF3, 0x8692, 0x9735, 0xC7FA, 0x2B86, 0x0140,
  0x0100, 0x0120, 0x01A0, 0x75AF, 0xC7FA, 0x9713, 0x96F3, 0xAF56, 0xBFFA, 0x2B05, 0x00C0, 0x0100,
  0x00A0, 0x546B, 0xAF97, 0x0180, 0x0120, 0x00A0, 0x2284, 0xB7F9, 0x1A83, 0x0100, 0x0120, 0x0220,
  0xA797, 0xA796, 0x8EF3, 0x9735, 0xCFFB, 0x9EF4, 0x9734, 0x8EF4, 0xBFD9, 0x96B4, 0x0180, 0x00C0,
  0x0080, 0x0060, 0x0060, 0x0060, 0x0060, 0x0060, 0x00C0, 0x0100, 0x4C8A, 0xB7F9, 0x96F4, 0x8ED3,
  0xA756, 0xBFD9, 0x2B66, 0x0100, 0x0100, 0x0100, 0x0100, 0x656E, 0x8ED3, 0x0120, 0x00E0, 0x00E0,
  0x0100, 0x12E3, 0xAF77, 0xAF97, 0x86B2, 0x86D3, 0xC7FA, 0x6D8E, 0x0160, 0x0100, 0x00E0, 0x3BE7,
  0x9715, 0xB7B8, 0x9F35, 0x7E32, 0x8673, 0x1A64, 0x00A0, 0x0100, 0x0120, 0x8652, 0xAF97, 0x8EF3,
  0x9F15, 0x5CCC, 0x00C0, 0x0140, 0x01E0, 0x7610, 0xC7FA, 0x9714, 0x86D3, 0x9755, 0xA7B7, 0x2304,
  0x00E0, 0x0100, 0x00C0, 0x2325, 0xC7FA, 0x9734, 0x96F4, 0x8ED3, 0xA776, 0x9735, 0x0A02, 0x00A0,
  0x00C0, 0x0100, 0x0120, 0x96D5, 0x8631, 0x00E0, 0x00E0, 0x00C0, 0x00A0, 0x1AE4, 0xB798, 0xA777,
  0x8ED3, 0x8ED3, 0xB7F9, 0x7E11, 0x0100, 0x00C0, 0x00E0, 0x0120, 0x4C8A, 0xBFF9, 0x8EF4, 0x8692,
  0x96F4, 0xBFF9, 0x3C08, 0x00C0, 0x0080, 0x0040, 0x0040, 0x0020, 0x0020, 0x0000, 0x0000, 0x0000,
  0x0000, 0x0000, 0x0000, 0x0000, 0x0000, 0x0000, 0x0000, 0x0000, 0x0000, 0x0000, 0x0000, 0x0000,
  0x0000, 0x0000, 0x0000, 0x0000, 0x0000, 0x0000, 0x0000, 0x0000, 0x0000, 0x0000, 0x0000, 0x0000,
  0x0000, 0x0000, 0x0000, 0x0000, 0x0000, 0x0000, 0x0000, 0x0000, 0x0000, 0x0000, 0x0000, 0x0000,
  0x0000, 0x0000, 0x0000, 0x0000, 0x0000, 0x0000, 0x0000, 0x0000, 0x0000, 0x0000, 0x0000, 0x0000,
  0x0000, 0x0000, 0x0000, 0x0000, 0x0000, 0x0000, 0x0000, 0x0000, 0x0000, 0x0000, 0x0000, 0x0000,
  0x0000, 0x0000, 0x0000, 0x0000, 0x0000, 0x0000, 0x0000, 0x0000, 0x0000, 0x0000, 0x0000, 0x0000,
  0x0000, 0x0000, 0x0000, 0x0000, 0x0000, 0x0000, 0x0000, 0x0000, 0x0000, 0x0000, 0x0000, 0x0000,
  0x0000, 0x0000, 0x0000, 0x0000, 0x0000, 0x0000, 0x0000, 0x0000, 0x0000, 0x0000, 0x0000, 0x0000,
  0x0000, 0x0000, 0x0020, 0x0020, 0x0040, 0x0060, 0x0080, 0x00E0, 0x0180, 0x9F16, 0x7E31, 0x01C0,
  0x01C0, 0x0AC2, 0xC7DA, 0x54EB, 0x0140, 0x0120, 0x0100, 0x0160, 0x0221, 0x0220, 0x0120, 0x0140,
  0x01A0, 0x8E93, 0x8672, 0x0140, 0x0140, 0x0100, 0x33C7, 0xC7FA, 0x1363, 0x01A0, 0x0180, 0x0A21,
  0x9F15, 0x5D2C, 0x0100, 0x0160, 0x0120, 0x33E7, 0xC7FB, 0x1342, 0x01A0, 0x0180, 0x02A1, 0xA7F8,
  0x3387, 0x00A0, 0x00A0, 0x0060, 0x0060, 0x0060, 0x0080, 0x00A0, 0x00E0, 0x0160, 0x8EB3, 0x7650,
  0x3CE8, 0xC7FB, 0x1303, 0x23A5, 0xCFFB, 0x2465, 0x96D3, 0x8672, 0x0180, 0x0140, 0x0120, 0x01E0,
  0xAF98, 0x5D6C, 0x0180, 0x0180, 0x01A0, 0x8693, 0x8611, 0x00E0, 0x0100, 0x00C0, 0x1262, 0xBFF9,
  0x3C27, 0x01C0, 0x01C0, 0x01E0, 0x442A, 0x1A64, 0x00A0, 0x0100, 0x0100, 0x54AB, 0xAF37, 0x01C0,
  0x0140, 0x00C0, 0x1A84, 0xA797, 0x1A43, 0x0100, 0x0160, 0x0260, 0xAF97, 0x656D, 0x01C0, 0x01C0,
  0x7630, 0xB799, 0x0A81, 0x0160, 0x2365, 0xB7F9, 0x1AC4, 0x00A0, 0x00A0, 0x0060, 0x0060, 0x0060,
  0x0060, 0x0080, 0x00C0, 0x01C0, 0xAF98, 0x550B, 0x0160, 0x01C0, 0x0180, 0x7610, 0x7E32, 0x00E0,
  0x0100, 0x0100, 0x0100, 0x658E, 0x96D3, 0x0160, 0x0120, 0x0100, 0x00A0, 0x5D0D, 0xA797, 0x0260,
  0x0180, 0x0120, 0x2BE6, 0xAFD8, 0x09E2, 0x00A0, 0x0120, 0x01A0, 0x0220, 0xAF36, 0x54EB, 0x0100,
  0x00E0, 0x00E0, 0x00E0, 0x00E0, 0x0120, 0x8E53, 0xA6F6, 0x0A82, 0x0120, 0x00C0, 0x00E0, 0x00C0,
  0x2304, 0xBFFA, 0x2BC6, 0x01A0, 0x01A0, 0x0200, 0x8EF4, 0x7E11, 0x0120, 0x0140, 0x0140, 0x2365,
  0xBFF9, 0x33C7, 0x0140, 0x0160, 0x0261, 0xB7D8, 0x4C6A, 0x00E0, 0x0100, 0x0100, 0x0100, 0x8E53,
  0x7DB0, 0x00E0, 0x00E0, 0x00C0, 0x00E0, 0x75F0, 0x9F15, 0x0220, 0x0160, 0x00E0, 0x1A84, 0x4C0A,
  0x0120, 0x00C0, 0x0100, 0x0200, 0xB7B8, 0x5D4D, 0x0140, 0x0160, 0x0140, 0x658E, 0x9735, 0x0100,
  0x0080, 0x0060, 0x0040, 0x0020, 0x0020, 0x0000, 0x0000, 0x0000, 0x0000, 0x0000, 0x0000, 0x0000,
  0x0000, 0x0000, 0x0000, 0x0000, 0x0000, 0x0000, 0x0000, 0x0000, 0x0000, 0x0000, 0x0000, 0x0000,
  0x0000, 0x0000, 0x0000, 0x0000, 0x0000, 0x0000, 0x0000, 0x0000, 0x0000, 0x0000, 0x0000, 0x0000,
  0x0000, 0x0000, 0x0000, 0x0000, 0x0000, 0x0000, 0x0000, 0x0000, 0x0000, 0x0000, 0x0000, 0x0000,
  0x0000, 0x0000, 0x0000, 0x0000, 0x0000, 0x0000, 0x0000, 0x0000, 0x0000, 0x0000, 0x0000, 0x0000,
  0x0000, 0x0000, 0x0000, 0x0000, 0x0000, 0x0000, 0x0000, 0x0000, 0x0000, 0x0000, 0x0000, 0x0000,
  0x0000, 0x0000, 0x0000, 0x0000, 0x0000, 0x0000, 0x0000, 0x0000, 0x0000, 0x0000, 0x0000, 0x0000,
  0x0000, 0x0000, 0x0000, 0x0000, 0x0000, 0x0000, 0x0000, 0x0000, 0x0000, 0x0000, 0x0000, 0x0000,
  0x0000, 0x0000, 0x0000, 0x0000, 0x0000, 0x0000, 0x0000, 0x0000, 0x0000, 0x0000, 0x0020, 0x0020,
  0x0040, 0x0060, 0x0080, 0x00E0, 0x00E0, 0x4CCB, 0xB7F9, 0x1302, 0x01C0, 0x550C, 0xC7FB, 0x0AC2,
  0x0140, 0x0100, 0x00E0, 0x0100, 0x01E0, 0x4448, 0x654D, 0x5D4D, 0x5D4C, 0x9F15, 0x7610, 0x0100,
  0x0140, 0x0140, 0x3C48, 0xB7D9, 0x02E0, 0x01A0, 0x0160, 0x0140, 0x8E92, 0x656D, 0x0100, 0x0140,
  0x00C0, 0x33C7, 0xA7B7, 0x3488, 0x3C48, 0x3C48, 0x3C67, 0xAFF8, 0x3BE8, 0x0080, 0x00A0, 0x0060,
  0x0080, 0x0060, 0x0080, 0x00A0, 0x00E0, 0x0160, 0x8EB3, 0x8692, 0x02A0, 0xA756, 0x8671, 0x86F3,
  0x7E71, 0x0200, 0x9EF4, 0x8671, 0x01C0, 0x0160, 0x0120, 0x01E0, 0x9F56, 0x65EE, 0x3447, 0x4488,
  0x3407, 0x86D2, 0x8632, 0x00C0, 0x0100, 0x00A0, 0x1AA3, 0xAFD8, 0x1303, 0x0140, 0x0140, 0x0120,
  0x00C0, 0x00A0, 0x00C0, 0x00C0, 0x0100, 0x5CCC, 0xB757, 0x01C0, 0x0140, 0x0100, 0x1AE4, 0xAFB7,
  0x1A43, 0x00C0, 0x0120, 0x0200, 0xAF97, 0x3CA8, 0x01A0, 0x0180, 0x65AE, 0x86B2, 0x0160, 0x0160,
  0x12E2, 0xAFD8, 0x2304, 0x00C0, 0x00A0, 0x0080, 0x0060, 0x0060, 0x0060, 0x0080, 0x00C0, 0x01C0,
  0x9F56, 0x65CD, 0x3C47, 0x3C89, 0x33E7, 0x7651, 0x8E93, 0x00C0, 0x00E0, 0x0100, 0x00C0, 0x656E,
  0x96D3, 0x0160, 0x0120, 0x0100, 0x00E0, 0x656E, 0x9F55, 0x3447, 0x3C68, 0x3C07, 0x4D0A, 0xAFF8,
  0x1223, 0x00C0, 0x00E0, 0x0100, 0x01A0, 0xAF36, 0x5D0C, 0x0140, 0x0120, 0x00C0, 0x00C0, 0x00E0,
  0x0100, 0x9674, 0x75AF, 0x0160, 0x0140, 0x00E0, 0x00E0, 0x00A0, 0x2305, 0xAFB7, 0x1282, 0x0180,
  0x01C0, 0x01C0, 0x7E30, 0x8E52, 0x0120, 0x0140, 0x0100, 0x2325, 0xB7F8, 0x0A82, 0x0120, 0x0160,
  0x01E0, 0xAF56, 0x5CCB, 0x0120, 0x0120, 0x0100, 0x00E0, 0x8672, 0x75B0, 0x00C0, 0x0100, 0x0100,
  0x0100, 0x7E31, 0x7E30, 0x0160, 0x0140, 0x0100, 0x00E0, 0x0080, 0x00A0, 0x00C0, 0x00C0, 0x01C0,
  0xA797, 0x3C48, 0x0140, 0x0181, 0x0140, 0x4469, 0x9735, 0x0120, 0x0080, 0x0060, 0x0040, 0x0020,
  0x0020, 0x0000, 0x0000, 0x0000, 0x0000, 0x0000, 0x0000, 0x0000, 0x0000, 0x0000, 0x0000, 0x0000,
  0x0000, 0x0000, 0x0000, 0x0000, 0x0000, 0x0000, 0x0000, 0x0000, 0x0000, 0x0000, 0x0000, 0x0000,
  0x0000, 0x0000, 0x0000, 0x0000, 0x0000, 0x0000, 0x0000, 0x0000, 0x0000, 0x0000, 0x0000, 0x0000,
  0x0000, 0x0000, 0x0000, 0x0000, 0x0000, 0x0000, 0x0000, 0x0000, 0x0000, 0x0000, 0x0000, 0x0000,
  0x0000, 0x0000, 0x0000, 0x0000, 0x0000, 0x0000, 0x0000, 0x0000, 0x0000, 0x0000, 0x0000, 0x0000,
  0x0000, 0x0000, 0x0000, 0x0000, 0x0000, 0x0000, 0x0000, 0x0000, 0x0000, 0x0000, 0x0000, 0x0000,
  0x0000, 0x0000, 0x0000, 0x0000, 0x0000, 0x0000, 0x0000, 0x0000, 0x0000, 0x0000, 0x0000, 0x0000,
  0x0000, 0x0000, 0x0000, 0x0000, 0x0000, 0x0000, 0x0000, 0x0000, 0x0000, 0x0000, 0x0000, 0x0000,
  0x0000, 0x0000, 0x0000, 0x0000, 0x0000, 0x0000, 0x0020, 0x0020, 0x0040, 0x0060, 0x0080, 0x00A0,
  0x0120, 0x12E2, 0xBFF9, 0x4CCA, 0x01E0, 0x9F56, 0x7E11, 0x0160, 0x0120, 0x00E0, 0x00E0, 0x0120,
  0x8611, 0xBFD9, 0x7650, 0x7630, 0x75EF, 0xA776, 0x75F0, 0x0100, 0x0160, 0x0140, 0x3C07, 0xB7B8,
  0x0A61, 0x0140, 0x01A0, 0x01C0, 0x96D4, 0x6D6E, 0x0120, 0x0120, 0x00A0, 0x33A7, 0xB7F9, 0x86D2,
  0x8692, 0x8EB3, 0x8ED3, 0x8EB3, 0x2305, 0x0060, 0x0080, 0x0060, 0x0060, 0x0060, 0x0080, 0x00A0,
  0x00E0, 0x0140, 0x8692, 0x7E71, 0x01A0, 0x3C88, 0xDFFD, 0xC7FB, 0x1B44, 0x01C0, 0x96D4, 0x7E51,
  0x0180, 0x0160, 0x0120, 0x01E0, 0x9735, 0xA776, 0x8ED2, 0x8ED3, 0x8ED3, 0x96D4, 0x54AB, 0x00C0,
  0x0100, 0x0100, 0x1AE3, 0xB7D9, 0x2304, 0x0100, 0x0100, 0x0120, 0x0120, 0x0100, 0x00E0, 0x0100,
  0x0100, 0x54AB, 0xAF36, 0x0160, 0x0120, 0x0140, 0x2324, 0xB7D8, 0x1AE3, 0x0120, 0x0100, 0x01A0,
  0xA776, 0x44A9, 0x01A0, 0x01A0, 0x65CE, 0x86B3, 0x0180, 0x0180, 0x1B44, 0xB7F9, 0x1AC4, 0x00A0,
  0x00A0, 0x0080, 0x0060, 0x0060, 0x0060, 0x0080, 0x00E0, 0x01C0, 0x9735, 0xA756, 0x8EB3, 0x8E93,
  0x8691, 0x8EB3, 0x5D2D, 0x0140, 0x00E0, 0x00E0, 0x00A0, 0x654E, 0x8ED3, 0x0120, 0x0100, 0x0100,
  0x0140, 0x656D, 0xC7FA, 0x8ED2, 0x8ED3, 0x8ED2, 0x8EB2, 0x7E31, 0x09E2, 0x00C0, 0x00E0, 0x00E0,
  0x0140, 0x9F15, 0x5CCB, 0x00E0, 0x0120, 0x00E0, 0x00C0, 0x0100, 0x0100, 0x8E53, 0x758F, 0x0100,
  0x0120, 0x00E0, 0x00E0, 0x00C0, 0x2305, 0xAFD8, 0x1AE3, 0x0180, 0x01A0, 0x01A0, 0x7631, 0x8611,
  0x00C0, 0x0100, 0x00C0, 0x2325, 0xBFF9, 0x1B43, 0x0160, 0x0140, 0x01C0, 0xA756, 0x548B, 0x00A0,
  0x0100, 0x0100, 0x0100, 0x8E73, 0x7DB0, 0x0100, 0x0120, 0x0120, 0x0120, 0x75F0, 0x7E51, 0x0120,
  0x0120, 0x0120, 0x0120, 0x00E0, 0x00A0, 0x00A0, 0x00C0, 0x01A0, 0xAF97, 0x4C89, 0x0140, 0x0181,
  0x0180, 0x4CEB, 0xA756, 0x0160, 0x00A0, 0x0060, 0x0040, 0x0040, 0x0020, 0x0020, 0x0000, 0x0000,
  0x0000, 0x0000, 0x0000, 0x0000, 0x0000, 0x0000, 0x0000, 0x0000, 0x0000, 0x0000, 0x0000, 0x0000,
  0x0000, 0x0000, 0x0000, 0x0000, 0x0000, 0x0000, 0x0000, 0x0000, 0x0000, 0x0000, 0x0000, 0x0000,
  0x0000, 0x0000, 0x0000, 0x0000, 0x0000, 0x0000, 0x0000, 0x0000, 0x0000, 0x0000, 0x0000, 0x0000,
  0x0000, 0x0000, 0x0000, 0x0000, 0x0000, 0x0000, 0x0000, 0x0000, 0x0000, 0x0000, 0x0000, 0x0000,
  0x0000, 0x0000, 0x0000, 0x0000, 0x0000, 0x0000, 0x0000, 0x0000, 0x0000, 0x0000, 0x0000, 0x0000,
  0x0000, 0x0000, 0x0000, 0x0000, 0x0000, 0x0000, 0x0000, 0x0000, 0x0000, 0x0000, 0x0000, 0x0000,
  0x0000, 0x0000, 0x0000, 0x0000, 0x0000, 0x0000, 0x0000, 0x0000, 0x0000, 0x0000, 0x0000, 0x0000,
  0x0000, 0x0000, 0x0000, 0x0000, 0x0000, 0x0000, 0x0000, 0x0000, 0x0000, 0x0000, 0x0000, 0x0000,
  0x0000, 0x0000, 0x0020, 0x0020, 0x0040, 0x0040, 0x0060, 0x00A0, 0x0100, 0x0180, 0x7E72, 0x8ED4,
  0x1C04, 0xBFFA, 0x2345, 0x00E0, 0x0100, 0x00E0, 0x0100, 0x0221, 0xC7D9, 0x3C68, 0x0180, 0x01C0,
  0x0160, 0x6E2F, 0x8652, 0x0140, 0x0160, 0x00C0, 0x33A7, 0xA7B7, 0x01C0, 0x0120, 0x01A0, 0x01C0,
  0x96D3, 0x6D4E, 0x0100, 0x0140, 0x0100, 0x3C08, 0xB7B8, 0x0220, 0x0100, 0x0140, 0x0180, 0x01A0,
  0x0160, 0x00E0, 0x0080, 0x0060, 0x0060, 0x0060, 0x0080, 0x00A0, 0x00E0, 0x0100, 0x8692, 0x7E71,
  0x0180, 0x0240, 0x54CB, 0x4449, 0x0200, 0x0220, 0x96F4, 0x7E11, 0x0100, 0x0120, 0x0120, 0x0200,
  0xB7B8, 0x3CC8, 0x0180, 0x01A0, 0x01A0, 0x01C0, 0x0160, 0x0100, 0x00E0, 0x0100, 0x1AC3, 0xAFD8,
  0x12C2, 0x0100, 0x0100, 0x00E0, 0x0180, 0x0160, 0x0100, 0x0120, 0x00E0, 0x4C8B, 0x9F35, 0x0140,
  0x0100, 0x00E0, 0x12E3, 0xBFD9, 0x1B44, 0x0160, 0x0120, 0x01C0, 0xA776, 0x3C48, 0x0140, 0x0180,
  0x65CE, 0x8EB3, 0x0160, 0x0140, 0x1B44, 0xB7F9, 0x1AC4, 0x00A0, 0x00A0, 0x0080, 0x0060, 0x0060,
  0x0060, 0x0080, 0x00E0, 0x0200, 0xAFB8, 0x3447, 0x0100, 0x0120, 0x0120, 0x0180, 0x01A0, 0x0160,
  0x00C0, 0x00C0, 0x00C0, 0x6D6E, 0x96D4, 0x0120, 0x00E0, 0x0100, 0x00E0, 0x6D6F, 0x8EF3, 0x01A0,
  0x0160, 0x0180, 0x01A0, 0x0160, 0x0120, 0x00E0, 0x00C0, 0x0100, 0x0160, 0xA716, 0x4C6A, 0x0060,
  0x00E0, 0x00E0, 0x00E0, 0x0100, 0x0120, 0x8E73, 0x752F, 0x0080, 0x00E0, 0x00C0, 0x00E0, 0x0100,
  0x2B46, 0xB7D9, 0x0AA2, 0x00E0, 0x0120, 0x0100, 0x7610, 0x8E73, 0x0120, 0x0140, 0x0120, 0x2365,
  0xC7FA, 0x1B23, 0x0140, 0x0120, 0x0160, 0x9F35, 0x4C4A, 0x0060, 0x00C0, 0x00E0, 0x0120, 0x8E94,
  0x7DF0, 0x0120, 0x0120, 0x0100, 0x00E0, 0x7610, 0x7630, 0x00A0, 0x00E0, 0x0100, 0x01A0, 0x09E1,
  0x0100, 0x00E0, 0x0100, 0x0220, 0xB7B8, 0x4448, 0x00C0, 0x0120, 0x00E0, 0x44A9, 0xA797, 0x0180,
  0x00A0, 0x0060, 0x0040, 0x0040, 0x0020, 0x0020, 0x0000, 0x0000, 0x0000, 0x0000, 0x0000, 0x0000,
  0x0000, 0x0000, 0x0000, 0x0000, 0x0000, 0x0000, 0x0000, 0x0000, 0x0000, 0x0000, 0x0000, 0x0000,
  0x0000, 0x0000, 0x0000, 0x0000, 0x0000, 0x0000, 0x0000, 0x0000, 0x0000, 0x0000, 0x0000, 0x0000,
  0x0000, 0x0000, 0x0000, 0x0000, 0x0000, 0x0000, 0x0000, 0x0000, 0x0000, 0x0000, 0x0000, 0x0000,
  0x0000, 0x0000, 0x0000, 0x0000, 0x0000, 0x0000, 0x0000, 0x0000, 0x0000, 0x0000, 0x0000, 0x0000,
  0x0000, 0x0000, 0x0000, 0x0000, 0x0000, 0x0000, 0x0000, 0x0000, 0x0000, 0x0000, 0x0000, 0x0000,
  0x0000, 0x0000, 0x0000, 0x0000, 0x0000, 0x0000, 0x0000, 0x0000, 0x0000, 0x0000, 0x0000, 0x0000,
  0x0000, 0x0000, 0x0000, 0x0000, 0x0000, 0x0000, 0x0000, 0x0000, 0x0000, 0x0000, 0x0000, 0x0000,
  0x0000, 0x0000, 0x0000, 0x0000, 0x0000, 0x0000, 0x0000, 0x0000, 0x0000, 0x0000, 0x0000, 0x0020,
  0x0040, 0x0040, 0x0060, 0x0080, 0x00C0, 0x00C0, 0x33A7, 0xBFFA, 0xA776, 0x9F15, 0x01C0, 0x0100,
  0x00C0, 0x00C0, 0x00C0, 0x0180, 0xAF77, 0x6DAF, 0x2344, 0x23A5, 0x552B, 0xCFFB, 0x7E31, 0x0140,
  0x0120, 0x00C0, 0x1AA3, 0xB7F8, 0x54EB, 0x2365, 0x2385, 0x4D0A, 0xC7FA, 0x5D0C, 0x00A0, 0x0120,
  0x0100, 0x2324, 0xCFFB, 0x5D2C, 0x1B04, 0x1AE4, 0x3C28, 0x7E51, 0x0A01, 0x00C0, 0x0080, 0x0060,
  0x0060, 0x0060, 0x0060, 0x0080, 0x00C0, 0x00C0, 0x8E93, 0x8692, 0x0160, 0x0140, 0x00C0, 0x00E0,
  0x0160, 0x01C0, 0x9F15, 0x8632, 0x0100, 0x0100, 0x0120, 0x01A0, 0x96F5, 0x8ED3, 0x2324, 0x2324,
  0x2365, 0x760F, 0x2B65, 0x0100, 0x0100, 0x0100, 0x09E1, 0xAFD8, 0x75CF, 0x2B65, 0x2B66, 0x33A7,
  0xA757, 0x3BA8, 0x00A0, 0x0100, 0x0080, 0x3367, 0xBFFA, 0x4468, 0x2345, 0x33A7, 0x7E51, 0xBFF9,
  0x1AC3, 0x00E0, 0x0140, 0x0200, 0xAFB8, 0x4409, 0x00A0, 0x0100, 0x6DCF, 0x9EF5, 0x0140, 0x00C0,
  0x1AC4, 0xB7F9, 0x22C4, 0x00A0, 0x0080, 0x0060, 0x0060, 0x0060, 0x0060, 0x0080, 0x00C0, 0x0160,
  0x96D4, 0x96D4, 0x2345, 0x2365, 0x2365, 0x6DCF, 0x3387, 0x00A0, 0x00A0, 0x00C0, 0x00C0, 0x6D8F,
  0x9EF4, 0x0120, 0x00E0, 0x00E0, 0x00E0, 0x4C8A, 0xC7FB, 0x3C07, 0x1AE4, 0x1B44, 0x656D, 0x654D,
  0x0140, 0x00E0, 0x00A0, 0x00C0, 0x00E0, 0x9694, 0x8E93, 0x2304, 0x2B26, 0x0961, 0x0080, 0x00C0,
  0x00E0, 0x9694, 0x7D50, 0x0040, 0x00A0, 0x0080, 0x00C0, 0x0100, 0x12A3, 0xBFFA, 0x658E, 0x2305,
  0x2305, 0x33C6, 0xB7D9, 0x6D6E, 0x0100, 0x0120, 0x00E0, 0x2325, 0xBFF9, 0x12A3, 0x0100, 0x0100,
  0x0140, 0xA756, 0x542B, 0x0020, 0x00A0, 0x00C0, 0x0100, 0x96B4, 0x8611, 0x00E0, 0x00E0, 0x00C0,
  0x0080, 0x5CEC, 0xB7D9, 0x33A7, 0x22E5, 0x1AC4, 0x75D0, 0xA736, 0x0180, 0x00E0, 0x0120, 0x0180,
  0x96D4, 0x96D4, 0x2305, 0x2305, 0x2305, 0x8EF3, 0x8672, 0x0100, 0x00A0, 0x0040, 0x0040, 0x0020,
  0x0020, 0x0000, 0x0000, 0x0000, 0x0000, 0x0000, 0x0000, 0x0000, 0x0000, 0x0000, 0x0000, 0x0000,
  0x0000, 0x0000, 0x0000, 0x0000, 0x0000, 0x0000, 0x0000, 0x0000, 0x0000, 0x0000, 0x0000, 0x0000,
  0x0000, 0x0000, 0x0000, 0x0000, 0x0000, 0x0000, 0x0000, 0x0000, 0x0000, 0x0000, 0x0000, 0x0000,
  0x0000, 0x0000, 0x0000, 0x0000, 0x0000, 0x0000, 0x0000, 0x0000, 0x0000, 0x0000, 0x0000, 0x0000,
  0x0000, 0x0000, 0x0000, 0x0000, 0x0000, 0x0000, 0x0000, 0x0000, 0x0000, 0x0000, 0x0000, 0x0000,
  0x0000, 0x0000, 0x0000, 0x0000, 0x0000, 0x0000, 0x0000, 0x0000, 0x0000, 0x0000, 0x0000, 0x0000,
  0x0000, 0x0000, 0x0000, 0x0000, 0x0000, 0x0000, 0x0000, 0x0000, 0x0000, 0x0000, 0x0000, 0x0000,
  0x0000, 0x0000, 0x0000, 0x0000, 0x0000, 0x0000, 0x0000, 0x0000, 0x0000, 0x0000, 0x0000, 0x0000,
  0x0000, 0x0000, 0x0000, 0x0000, 0x0000, 0x0000, 0x0000, 0x0020, 0x0020, 0x0040, 0x0060, 0x0060,
  0x0080, 0x00A0, 0x0180, 0x8672, 0xBF99, 0x4449, 0x0100, 0x00E0, 0x0080, 0x0080, 0x00A0, 0x00C0,
  0x3387, 0x9F15, 0x9F35, 0xA757, 0x7E51, 0x7E71, 0x6D6E, 0x00A0, 0x00E0, 0x00E0, 0x0100, 0x4C4A,
  0xAF57, 0xA756, 0xA756, 0x65AE, 0x7E51, 0x548B, 0x00A0, 0x00E0, 0x00E0, 0x0120, 0x4C6A, 0xAF56,
  0x9F55, 0x9734, 0x9F36, 0x654E, 0x0161, 0x00A0, 0x0060, 0x0060, 0x0060, 0x0060, 0x0060, 0x0060,
  0x00A0, 0x0080, 0x75D0, 0x6DCF, 0x00E0, 0x00E0, 0x00C0, 0x00C0, 0x00E0, 0x0120, 0x7E11, 0x6D6E,
  0x00E0, 0x00E0, 0x0100, 0x0100, 0x1A84, 0x8693, 0x9754, 0x9734, 0xA756, 0x8673, 0x1243, 0x00E0,
  0x00C0, 0x00E0, 0x0100, 0x33A7, 0x9F35, 0xA776, 0xA756, 0xAF77, 0x75D0, 0x09A1, 0x00A0, 0x00A0,
  0x00A0, 0x0120, 0x656E, 0xAF77, 0xA756, 0x9714, 0x554B, 0x8EF3, 0x1223, 0x0080, 0x00E0, 0x01A0,
  0x9F15, 0x3BA8, 0x0080, 0x00A0, 0x5D0C, 0x8651, 0x0120, 0x00A0, 0x1243, 0x9734, 0x1A43, 0x0060,
  0x0080, 0x0060, 0x0060, 0x0060, 0x0060, 0x0060, 0x00A0, 0x00C0, 0x1A84, 0x96B4, 0xA776, 0xA756,
  0x9F56, 0x8672, 0x1A03, 0x0060, 0x0080, 0x00A0, 0x0080, 0x5CCC, 0x7E31, 0x00E0, 0x00C0, 0x00A0,
  0x0100, 0x01C0, 0x6D4E, 0x9F56, 0x9734, 0x9F55, 0x9EF5, 0x3BC8, 0x0100, 0x00C0, 0x0080, 0x0080,
  0x0080, 0x2B05, 0xA716, 0xA756, 0x9F56, 0x2285, 0x0040, 0x0080, 0x0040, 0x75B0, 0x650D, 0x0080,
  0x00A0, 0x0080, 0x0080, 0x00E0, 0x0120, 0x3BC7, 0x9F35, 0x9F76, 0x9F55, 0x9F56, 0x6DCF, 0x09E1,
  0x00C0, 0x00C0, 0x0080, 0x22A4, 0x9F55, 0x1202, 0x0080, 0x00C0, 0x0120, 0x8E93, 0x43C9, 0x0020,
  0x00A0, 0x00A0, 0x00C0, 0x7DF1, 0x6D2E, 0x0080, 0x00A0, 0x00A0, 0x00C0, 0x09A1, 0x75AF, 0xAF77,
  0x9F35, 0x9735, 0x96F5, 0x3B88, 0x00C0, 0x00C0, 0x00C0, 0x00C0, 0x1A83, 0x8E72, 0x9F55, 0x9F35,
  0x9F55, 0x7E31, 0x1202, 0x00A0, 0x0080, 0x0040, 0x0040, 0x0020, 0x0020, 0x0000, 0x0000, 0x0000,
  0x0000, 0x0000, 0x0000, 0x0000, 0x0000, 0x0000, 0x0000, 0x0000, 0x0000, 0x0000, 0x0000, 0x0000,
  0x0000, 0x0000, 0x0000, 0x0000, 0x0000, 0x0000, 0x0000, 0x0000, 0x0000, 0x0000, 0x0000, 0x0000,
  0x0000, 0x0000, 0x0000, 0x0000, 0x0000, 0x0000, 0x0000, 0x0000, 0x0000, 0x0000, 0x0000, 0x0000,
  0x0000, 0x0000, 0x0000, 0x0000, 0x0000, 0x0000, 0x0000, 0x0000, 0x0000, 0x0000, 0x0000, 0x0000,
  0x0000, 0x0000, 0x0000, 0x0000, 0x0000, 0x0000, 0x0000, 0x0000, 0x0000, 0x0000, 0x0000, 0x0000,
  0x0000, 0x0000, 0x0000, 0x0000, 0x0000, 0x0000, 0x0000, 0x0000, 0x0000, 0x0000, 0x0000, 0x0000,
  0x0000, 0x0000, 0x0000, 0x0000, 0x0000, 0x0000, 0x0000, 0x0000, 0x0000, 0x0000, 0x0000, 0x0000,
  0x0000, 0x0000, 0x0000, 0x0000, 0x0000, 0x0000, 0x0000, 0x0000, 0x0000, 0x0000, 0x0000, 0x0000,
  0x0000, 0x0000, 0x0000, 0x0020, 0x0020, 0x0040, 0x0040, 0x0060, 0x0060, 0x00A0, 0x00E0, 0x0180,
  0x01A1, 0x0120, 0x00C0, 0x0080, 0x0080, 0x0080, 0x0080, 0x00E0, 0x0100, 0x0140, 0x0181, 0x01C1,
  0x0180, 0x01A0, 0x0161, 0x00A0, 0x00A0, 0x00A0, 0x00C0, 0x00E0, 0x0180, 0x09E1, 0x01C0, 0x0100,
  0x0120, 0x0120, 0x00C0, 0x00A0, 0x00A0, 0x00E0, 0x0100, 0x01A0, 0x09C1, 0x01A1, 0x0160, 0x00C0,
  0x00A0, 0x0060, 0x0040, 0x0040, 0x0040, 0x0040, 0x0040, 0x0060, 0x0080, 0x00A0, 0x0141, 0x0141,
  0x00C0, 0x00A0, 0x00A0, 0x00A0, 0x00C0, 0x00E0, 0x0140, 0x0140, 0x00E0, 0x00C0, 0x00A0, 0x00C0,
  0x00C0, 0x0100, 0x01C1, 0x01E0, 0x01A0, 0x00E0, 0x00A0, 0x00C0, 0x00A0, 0x00A0, 0x00C0, 0x00C0,
  0x0160, 0x01C1, 0x01A0, 0x0180, 0x00E0, 0x00C0, 0x00A0, 0x0080, 0x00A0, 0x00E0, 0x0100, 0x01A0,
  0x01C1, 0x0160, 0x0120, 0x0181, 0x0100, 0x00A0, 0x00A0, 0x0100, 0x0981, 0x0140, 0x00C0, 0x00C0,
  0x0160, 0x0181, 0x0100, 0x00C0, 0x0100, 0x0161, 0x00E0, 0x0080, 0x0060, 0x0060, 0x0060, 0x0060,
  0x0060, 0x0060, 0x0060, 0x00A0, 0x00C0, 0x0140, 0x01E1, 0x01E0, 0x01C1, 0x00E0, 0x0080, 0x00A0,
  0x0060, 0x0080, 0x00A0, 0x0120, 0x0141, 0x00A0, 0x0080, 0x0080, 0x00A0, 0x00E0, 0x00E0, 0x0180,
  0x01E1, 0x01C1, 0x0100, 0x0080, 0x00A0, 0x0080, 0x0080, 0x0080, 0x00A0, 0x00E0, 0x0160, 0x01A1,
  0x0161, 0x0100, 0x00A0, 0x0060, 0x0080, 0x0121, 0x0141, 0x00C0, 0x0080, 0x0080, 0x0080, 0x00A0,
  0x00C0, 0x00C0, 0x0180, 0x09E1, 0x01C1, 0x01A0, 0x0120, 0x00E0, 0x00C0, 0x00A0, 0x00A0, 0x0100,
  0x0961, 0x00C0, 0x0080, 0x0080, 0x00C0, 0x0141, 0x0100, 0x00A0, 0x0080, 0x0080, 0x00C0, 0x0140,
  0x0120, 0x00A0, 0x0080, 0x0080, 0x00A0, 0x00C0, 0x0100, 0x01C0, 0x09C1, 0x0181, 0x0100, 0x00A0,
  0x00A0, 0x0080, 0x0080, 0x00C0, 0x00E0, 0x0120, 0x01A0, 0x01C1, 0x01A0, 0x0100, 0x00A0, 0x00A0,
  0x0060, 0x0040, 0x0040, 0x0020, 0x0000, 0x0000, 0x0000, 0x0000, 0x0000, 0x0000, 0x0000, 0x0000,
  0x0000, 0x0000, 0x0000, 0x0000, 0x0000, 0x0000, 0x0000, 0x0000, 0x0000, 0x0000, 0x0000, 0x0000,
  0x0000, 0x0000, 0x0000, 0x0000, 0x0000, 0x0000, 0x0000, 0x0000, 0x0000, 0x0000, 0x0000, 0x0000,
  0x0000, 0x0000, 0x0000, 0x0000, 0x0000, 0x0000, 0x0000, 0x0000, 0x0000, 0x0000, 0x0000, 0x0000,
  0x0000, 0x0000, 0x0000, 0x0000, 0x0000, 0x0000, 0x0000, 0x0000, 0x0000, 0x0000, 0x0000, 0x0000,
  0x0000, 0x0000, 0x0000, 0x0000, 0x0000, 0x0000, 0x0000, 0x0000, 0x0000, 0x0000, 0x0000, 0x0000,
  0x0000, 0x0000, 0x0000, 0x0000, 0x0000, 0x0000, 0x0000, 0x0000, 0x0000, 0x0000, 0x0000, 0x0000,
  0x0000, 0x0000, 0x0000, 0x0000, 0x0000, 0x0000, 0x0000, 0x0000, 0x0000, 0x0000, 0x0000, 0x0000,
  0x0000, 0x0000, 0x0000, 0x0000, 0x0000, 0x0000, 0x0000, 0x0000, 0x0000, 0x0000, 0x0000, 0x0000,
  0x0020, 0x0020, 0x0040, 0x0040, 0x0040, 0x0060, 0x0080, 0x00A0, 0x0080, 0x00A0, 0x0080, 0x0060,
  0x0060, 0x0060, 0x0060, 0x0080, 0x00A0, 0x00A0, 0x00A0, 0x00A0, 0x00C0, 0x00A0, 0x0080, 0x0080,
  0x0080, 0x0080, 0x0080, 0x00C0, 0x00A0, 0x00C0, 0x00C0, 0x00C0, 0x00A0, 0x0080, 0x0080, 0x0080,
  0x0080, 0x00A0, 0x00C0, 0x00C0, 0x00A0, 0x00A0, 0x00A0, 0x00A0, 0x0060, 0x0040, 0x0040, 0x0040,
  0x0040, 0x0040, 0x0040, 0x0040, 0x0060, 0x0060, 0x0080, 0x0080, 0x0080, 0x0080, 0x0080, 0x0080,
  0x0080, 0x0080, 0x0080, 0x0080, 0x00A0, 0x0080, 0x0080, 0x0080, 0x00A0, 0x00C0, 0x00C0, 0x00C0,
  0x00A0, 0x00A0, 0x00A0, 0x0080, 0x0080, 0x0080, 0x0080, 0x00A0, 0x00A0, 0x00A0, 0x00A0, 0x00A0,
  0x00A0, 0x0080, 0x0080, 0x0080, 0x0080, 0x0080, 0x00A0, 0x00A0, 0x00A0, 0x00A0, 0x00C0, 0x00A0,
  0x00A0, 0x0080, 0x0080, 0x0080, 0x0080, 0x0080, 0x0080, 0x0080, 0x0080, 0x0080, 0x0080, 0x0080,
  0x0080, 0x0060, 0x0060, 0x0060, 0x0040, 0x0040, 0x0040, 0x0040, 0x0040, 0x0040, 0x0060, 0x0060,
  0x00A0, 0x00C0, 0x00A0, 0x00A0, 0x00A0, 0x00A0, 0x0080, 0x0080, 0x0060, 0x0060, 0x0080, 0x0060,
  0x0060, 0x0060, 0x0060, 0x0060, 0x0080, 0x0080, 0x00C0, 0x00A0, 0x00C0, 0x00A0, 0x00A0, 0x00A0,
  0x0060, 0x0060, 0x0060, 0x0060, 0x0060, 0x0080, 0x0080, 0x0080, 0x0080, 0x0080, 0x0060, 0x0060,
  0x0060, 0x0060, 0x0060, 0x0060, 0x0060, 0x0060, 0x0060, 0x0060, 0x0080, 0x00A0, 0x00C0, 0x00C0,
  0x00C0, 0x00C0, 0x00C0, 0x00A0, 0x0080, 0x0080, 0x0080, 0x0080, 0x0080, 0x0080, 0x0060, 0x0060,
  0x0060, 0x0060, 0x0060, 0x0060, 0x0060, 0x0060, 0x0060, 0x0060, 0x0060, 0x0060, 0x0060, 0x0060,
  0x0060, 0x0080, 0x00A0, 0x00A0, 0x00A0, 0x00A0, 0x00A0, 0x00A0, 0x0080, 0x0060, 0x0080, 0x0080,
  0x00A0, 0x00C0, 0x00A0, 0x00A0, 0x00A0, 0x00A0, 0x0080, 0x0060, 0x0040, 0x0040, 0x0020, 0x0020,
  0x0000, 0x0000, 0x0000, 0x0000, 0x0000, 0x0000, 0x0000, 0x0000, 0x0000, 0x0000, 0x0000, 0x0000,
  0x0000, 0x0000, 0x0000, 0x0000, 0x0000, 0x0000, 0x0000, 0x0000, 0x0000, 0x0000, 0x0000, 0x0000,
  0x0000, 0x0000, 0x0000, 0x0000, 0x0000, 0x0000, 0x0000, 0x0000, 0x0000, 0x0000, 0x0000, 0x0000,
  0x0000, 0x0000, 0x0000, 0x0000, 0x0000, 0x0000, 0x0000, 0x0000, 0x0000, 0x0000, 0x0000, 0x0000,
  0x0000, 0x0000, 0x0000, 0x0000, 0x0000, 0x0000, 0x0000, 0x0000, 0x0000, 0x0000, 0x0000, 0x0000,
  0x0000, 0x0000, 0x0000, 0x0000, 0x0000, 0x0000, 0x0000, 0x0000, 0x0000, 0x0000, 0x0000, 0x0000,
  0x0000, 0x0000, 0x0000, 0x0000, 0x0000, 0x0000, 0x0000, 0x0000, 0x0000, 0x0000, 0x0000, 0x0000,
  0x0000, 0x0000, 0x0000, 0x0000, 0x0000, 0x0000, 0x0000, 0x0000, 0x0000, 0x0000, 0x0000, 0x0000,
  0x0000, 0x0000, 0x0000, 0x0000, 0x0000, 0x0000, 0x0000, 0x0000, 0x0020, 0x0020, 0x0020, 0x0040,
  0x0040, 0x0040, 0x0060, 0x0060, 0x0060, 0x0060, 0x0060, 0x0060, 0x0060, 0x0060, 0x0060, 0x0060,
  0x0060, 0x0060, 0x0060, 0x0060, 0x0060, 0x0060, 0x0060, 0x0060, 0x0060, 0x0060, 0x0060, 0x0060,
  0x0080, 0x0080, 0x0080, 0x0060, 0x0060, 0x0060, 0x0060, 0x0060, 0x0060, 0x0060, 0x0060, 0x0080,
  0x0080, 0x0060, 0x0060, 0x0060, 0x0040, 0x0040, 0x0040, 0x0040, 0x0020, 0x0020, 0x0040, 0x0040,
  0x0040, 0x0040, 0x0060, 0x0060, 0x0060, 0x0060, 0x0060, 0x0060, 0x0060, 0x0060, 0x0060, 0x0060,
  0x0060, 0x0060, 0x0060, 0x0060, 0x0060, 0x0080, 0x0080, 0x0080, 0x0060, 0x0060, 0x0060, 0x0060,
  0x0060, 0x0060, 0x0060, 0x0060, 0x0060, 0x0060, 0x0060, 0x0060, 0x0060, 0x0060, 0x0060, 0x0060,
  0x0060, 0x0060, 0x0060, 0x0060, 0x0060, 0x0060, 0x0060, 0x0060, 0x0060, 0x0060, 0x0060, 0x0060,
  0x0060, 0x0060, 0x0060, 0x0060, 0x0060, 0x0060, 0x0060, 0x0060, 0x0060, 0x0060, 0x0040, 0x0040,
  0x0040, 0x0040, 0x0040, 0x0040, 0x0040, 0x0040, 0x0040, 0x0040, 0x0060, 0x0060, 0x0060, 0x0080,
  0x0060, 0x0060, 0x0060, 0x0060, 0x0060, 0x0060, 0x0040, 0x0040, 0x0040, 0x0040, 0x0060, 0x0060,
  0x0060, 0x0060, 0x0060, 0x0060, 0x0080, 0x0060, 0x0060, 0x0060, 0x0060, 0x0040, 0x0040, 0x0040,
  0x0040, 0x0040, 0x0040, 0x0040, 0x0040, 0x0040, 0x0040, 0x0040, 0x0040, 0x0040, 0x0040, 0x0040,
  0x0040, 0x0040, 0x0040, 0x0040, 0x0060, 0x0060, 0x0060, 0x0080, 0x0080, 0x0080, 0x0080, 0x0060,
  0x0060, 0x0060, 0x0060, 0x0060, 0x0060, 0x0060, 0x0040, 0x0040, 0x0040, 0x0040, 0x0040, 0x0040,
  0x0040, 0x0040, 0x0040, 0x0040, 0x0040, 0x0040, 0x0040, 0x0060, 0x0060, 0x0060, 0x0060, 0x0060,
  0x0060, 0x0060, 0x0060, 0x0060, 0x0060, 0x0060, 0x0060, 0x0060, 0x0060, 0x0060, 0x0060, 0x0060,
  0x0060, 0x0060, 0x0060, 0x0040, 0x0040, 0x0020, 0x0020, 0x0020, 0x0000, 0x0000, 0x0000, 0x0000,
  0x0000, 0x0000, 0x0000, 0x0000, 0x0000, 0x0000, 0x0000, 0x0000, 0x0000, 0x0000, 0x0000, 0x0000,
  0x0000, 0x0000, 0x0000, 0x0000, 0x0000, 0x0000, 0x0000, 0x0000, 0x0000, 0x0000, 0x0000, 0x0000,
  0x0000, 0x0000, 0x0000, 0x0000, 0x0000, 0x0000, 0x0000, 0x0000, 0x0000, 0x0000, 0x0000, 0x0000,
  0x0000, 0x0000, 0x0000, 0x0000, 0x0000, 0x0000, 0x0000, 0x0000, 0x0000, 0x0000, 0x0000, 0x0000,
  0x0000, 0x0000, 0x0000, 0x0000, 0x0000, 0x0000, 0x0000, 0x0000, 0x0000, 0x0000, 0x0000, 0x0000,
  0x0000, 0x0000, 0x0000, 0x0000, 0x0000, 0x0000, 0x0000, 0x0000, 0x0000, 0x0000, 0x0000, 0x0000,
  0x0000, 0x0000, 0x0000, 0x0000, 0x0000, 0x0000, 0x0000, 0x0000, 0x0000, 0x0000, 0x0000, 0x0000,
  0x0000, 0x0000, 0x0000, 0x0000, 0x0000, 0x0000, 0x0000, 0x0000, 0x0000, 0x0000, 0x0000, 0x0000,
  0x0000, 0x0000, 0x0000, 0x0000, 0x0000, 0x0000, 0x0020, 0x0020, 0x0020, 0x0040, 0x0040, 0x0040,
  0x0040, 0x0040, 0x0040, 0x0040, 0x0040, 0x0040, 0x0040, 0x0040, 0x0040, 0x0040, 0x0040, 0x0040,
  0x0040, 0x0040, 0x0040, 0x0040, 0x0040, 0x0040, 0x0040, 0x0040, 0x0060, 0x0060, 0x0060, 0x0060,
  0x0040, 0x0040, 0x0060, 0x0040, 0x0040, 0x0040, 0x0040, 0x0060, 0x0040, 0x0040, 0x0040, 0x0040,
  0x0040, 0x0020, 0x0020, 0x0020, 0x0020, 0x0020, 0x0020, 0x0020, 0x0020, 0x0020, 0x0040, 0x0040,
  0x0040, 0x0040, 0x0040, 0x0040, 0x0040, 0x0040, 0x0040, 0x0040, 0x0040, 0x0040, 0x0040, 0x0040,
  0x0040, 0x0040, 0x0060, 0x0060, 0x0040, 0x0040, 0x0040, 0x0040, 0x0040, 0x0040, 0x0040, 0x0040,
  0x0060, 0x0060, 0x0060, 0x0060, 0x0060, 0x0040, 0x0040, 0x0040, 0x0040, 0x0040, 0x0040, 0x0040,
  0x0040, 0x0040, 0x0060, 0x0060, 0x0040, 0x0040, 0x0040, 0x0040, 0x0040, 0x0040, 0x0040, 0x0040,
  0x0040, 0x0040, 0x0040, 0x0040, 0x0040, 0x0040, 0x0040, 0x0020, 0x0020, 0x0020, 0x0020, 0x0020,
  0x0020, 0x0020, 0x0040, 0x0040, 0x0040, 0x0040, 0x0040, 0x0060, 0x0040, 0x0040, 0x0040, 0x0040,
  0x0040, 0x0040, 0x0040, 0x0040, 0x0040, 0x0040, 0x0040, 0x0040, 0x0040, 0x0040, 0x0040, 0x0060,
  0x0040, 0x0040, 0x0040, 0x0040, 0x0040, 0x0040, 0x0040, 0x0040, 0x0040, 0x0040, 0x0040, 0x0040,
  0x0040, 0x0040, 0x0040, 0x0040, 0x0040, 0x0040, 0x0040, 0x0020, 0x0020, 0x0040, 0x0040, 0x0040,
  0x0040, 0x0040, 0x0040, 0x0060, 0x0060, 0x0060, 0x0060, 0x0040, 0x0040, 0x0040, 0x0040, 0x0040,
  0x0040, 0x0040, 0x0040, 0x0040, 0x0040, 0x0040, 0x0040, 0x0040, 0x0040, 0x0020, 0x0040, 0x0040,
  0x0040, 0x0040, 0x0040, 0x0040, 0x0040, 0x0040, 0x0040, 0x0040, 0x0040, 0x0040, 0x0040, 0x0040,
  0x0040, 0x0040, 0x0040, 0x0040, 0x0040, 0x0040, 0x0040, 0x0040, 0x0040, 0x0040, 0x0040, 0x0040,
  0x0020, 0x0020, 0x0020, 0x0000, 0x0000, 0x0000, 0x0000, 0x0000, 0x0000, 0x0000, 0x0000, 0x0000,
  0x0000, 0x0000, 0x0000, 0x0000, 0x0000, 0x0000, 0x0000, 0x0000, 0x0000, 0x0000, 0x0000, 0x0000,
  0x0000, 0x0000, 0x0000, 0x0000, 0x0000, 0x0000, 0x0000, 0x0000, 0x0000, 0x0000, 0x0000, 0x0000,
  0x0000, 0x0000, 0x0000, 0x0000, 0x0000, 0x0000, 0x0000, 0x0000, 0x0000, 0x0000, 0x0000, 0x0000,
  0x0000, 0x0000, 0x0000, 0x0000, 0x0000, 0x0000, 0x0000, 0x0000, 0x0000, 0x0000, 0x0000, 0x0000,
  0x0000, 0x0000, 0x0000, 0x0000, 0x0000, 0x0000, 0x0000, 0x0000, 0x0000, 0x0000, 0x0000, 0x0000,
  0x0000, 0x0000, 0x0000, 0x0000, 0x0000, 0x0000, 0x0000, 0x0000, 0x0000, 0x0000, 0x0000, 0x0000,
  0x0000, 0x0000, 0x0000, 0x0000, 0x0000, 0x0000, 0x0000, 0x0000, 0x0000, 0x0000, 0x0000, 0x0000,
  0x0000, 0x0000, 0x0000, 0x0000, 0x0000, 0x0000, 0x0000, 0x0000, 0x0000, 0x0000, 0x0000, 0x0000,
  0x0000, 0x0000, 0x0000, 0x0020, 0x0020, 0x0020, 0x0020, 0x0020, 0x0020, 0x0020, 0x0020, 0x0020,
  0x0020, 0x0040, 0x0040, 0x0040, 0x0040, 0x0040, 0x0040, 0x0040, 0x0040, 0x0040, 0x0040, 0x0040,
  0x0040, 0x0040, 0x0040, 0x0040, 0x0040, 0x0040, 0x0040, 0x0040, 0x0040, 0x0040, 0x0040, 0x0040,
  0x0040, 0x0040, 0x0040, 0x0040, 0x0040, 0x0040, 0x0020, 0x0020, 0x0020, 0x0020, 0x0020, 0x0020,
  0x0020, 0x0000, 0x0000, 0x0020, 0x0020, 0x0020, 0x0020, 0x0020, 0x0020, 0x0040, 0x0020, 0x0020,
  0x0040, 0x0040, 0x0040, 0x0040, 0x0040, 0x0040, 0x0040, 0x0040, 0x0040, 0x0040, 0x0040, 0x0040,
  0x0040, 0x0040, 0x0020, 0x0020, 0x0020, 0x0020, 0x0020, 0x0040, 0x0040, 0x0040, 0x0040, 0x0040,
  0x0040, 0x0040, 0x0040, 0x0040, 0x0040, 0x0040, 0x0040, 0x0040, 0x0040, 0x0040, 0x0040, 0x0040,
  0x0040, 0x0040, 0x0040, 0x0040, 0x0040, 0x0040, 0x0040, 0x0040, 0x0040, 0x0040, 0x0040, 0x0040,
  0x0020, 0x0020, 0x0020, 0x0020, 0x0020, 0x0020, 0x0020, 0x0020, 0x0020, 0x0020, 0x0020, 0x0020,
  0x0020, 0x0040, 0x0040, 0x0040, 0x0040, 0x0040, 0x0040, 0x0020, 0x0020, 0x0020, 0x0020, 0x0020,
  0x0020, 0x0020, 0x0020, 0x0020, 0x0040, 0x0020, 0x0040, 0x0040, 0x0040, 0x0040, 0x0040, 0x0020,
  0x0020, 0x0020, 0x0020, 0x0020, 0x0020, 0x0020, 0x0020, 0x0020, 0x0020, 0x0020, 0x0020, 0x0020,
  0x0020, 0x0020, 0x0020, 0x0020, 0x0020, 0x0020, 0x0020, 0x0020, 0x0020, 0x0040, 0x0040, 0x0040,
  0x0040, 0x0040, 0x0040, 0x0040, 0x0040, 0x0040, 0x0040, 0x0020, 0x0020, 0x0020, 0x0020, 0x0020,
  0x0020, 0x0020, 0x0020, 0x0020, 0x0020, 0x0020, 0x0020, 0x0020, 0x0020, 0x0020, 0x0020, 0x0020,
  0x0020, 0x0040, 0x0040, 0x0040, 0x0040, 0x0040, 0x0040, 0x0040, 0x0040, 0x0040, 0x0040, 0x0040,
  0x0040, 0x0040, 0x0040, 0x0040, 0x0040, 0x0040, 0x0020, 0x0020, 0x0020, 0x0020, 0x0000, 0x0000,
  0x0000, 0x0000, 0x0000, 0x0000, 0x0000, 0x0000, 0x0000, 0x0000, 0x0000, 0x0000, 0x0000, 0x0000,
  0x0000, 0x0000, 0x0000, 0x0000, 0x0000, 0x0000, 0x0000, 0x0000, 0x0000, 0x0000, 0x0000, 0x0000,
  0x0000, 0x0000, 0x0000, 0x0000, 0x0000, 0x0000, 0x0000, 0x0000, 0x0000, 0x0000, 0x0000, 0x0000,
  0x0000, 0x0000, 0x0000, 0x0000, 0x0000, 0x0000, 0x0000, 0x0000, 0x0000, 0x0000, 0x0000, 0x0000,
  0x0000, 0x0000, 0x0000, 0x0000, 0x0000, 0x0000, 0x0000, 0x0000, 0x0000, 0x0000, 0x0000, 0x0000,
  0x0000, 0x0000, 0x0000, 0x0000, 0x0000, 0x0000, 0x0000, 0x0000, 0x0000, 0x0000, 0x0000, 0x0000,
  0x0000, 0x0000, 0x0000, 0x0000, 0x0000, 0x0000, 0x0000, 0x0000, 0x0000, 0x0000, 0x0000, 0x0000,
  0x0000, 0x0000, 0x0000, 0x0000, 0x0000, 0x0000, 0x0000, 0x0000, 0x0000, 0x0000, 0x0000, 0x0000,
  0x0000, 0x0000, 0x0000, 0x0000, 0x0000, 0x0000, 0x0000, 0x0000, 0x0000, 0x0000, 0x0000, 0x0000,
  0x0020, 0x0020, 0x0020, 0x0020, 0x0020, 0x0020, 0x0020, 0x0020, 0x0020, 0x0020, 0x0020, 0x0020,
  0x0020, 0x0020, 0x0020, 0x0020, 0x0020, 0x0020, 0x0020, 0x0020, 0x0020, 0x0020, 0x0020, 0x0020,
  0x0020, 0x0020, 0x0020, 0x0020, 0x0020, 0x0020, 0x0020, 0x0020, 0x0020, 0x0020, 0x0020, 0x0020,
  0x0020, 0x0020, 0x0020, 0x0020, 0x0020, 0x0020, 0x0000, 0x0000, 0x0000, 0x0000, 0x0000, 0x0000,
  0x0000, 0x0020, 0x0020, 0x0020, 0x0020, 0x0020, 0x0020, 0x0020, 0x0020, 0x0020, 0x0020, 0x0020,
  0x0020, 0x0020, 0x0020, 0x0020, 0x0020, 0x0020, 0x0020, 0x0020, 0x0020, 0x0020, 0x0020, 0x0020,
  0x0020, 0x0020, 0x0020, 0x0020, 0x0020, 0x0020, 0x0020, 0x0020, 0x0020, 0x0020, 0x0020, 0x0020,
  0x0020, 0x0020, 0x0020, 0x0020, 0x0020, 0x0020, 0x0020, 0x0020, 0x0020, 0x0020, 0x0020, 0x0020,
  0x0020, 0x0020, 0x0020, 0x0020, 0x0020, 0x0020, 0x0020, 0x0020, 0x0020, 0x0020, 0x0020, 0x0020,
  0x0000, 0x0000, 0x0000, 0x0000, 0x0000, 0x0000, 0x0000, 0x0020, 0x0020, 0x0020, 0x0020, 0x0020,
  0x0020, 0x0020, 0x0020, 0x0020, 0x0020, 0x0020, 0x0020, 0x0020, 0x0020, 0x0020, 0x0020, 0x0020,
  0x0020, 0x0020, 0x0020, 0x0020, 0x0020, 0x0020, 0x0020, 0x0020, 0x0020, 0x0020, 0x0020, 0x0020,
  0x0020, 0x0020, 0x0020, 0x0020, 0x0020, 0x0020, 0x0020, 0x0020, 0x0020, 0x0020, 0x0000, 0x0020,
  0x0000, 0x0000, 0x0020, 0x0020, 0x0020, 0x0020, 0x0020, 0x0020, 0x0020, 0x0020, 0x0020, 0x0020,
  0x0020, 0x0020, 0x0020, 0x0020, 0x0020, 0x0020, 0x0020, 0x0020, 0x0020, 0x0020, 0x0020, 0x0020,
  0x0020, 0x0020, 0x0020, 0x0020, 0x0020, 0x0020, 0x0020, 0x0020, 0x0020, 0x0020, 0x0020, 0x0020,
  0x0020, 0x0020, 0x0020, 0x0020, 0x0020, 0x0020, 0x0020, 0x0020, 0x0020, 0x0020, 0x0020, 0x0020,
  0x0020, 0x0020, 0x0020, 0x0020, 0x0000, 0x0000, 0x0000, 0x0000, 0x0000, 0x0000, 0x0000, 0x0000,
  0x0000, 0x0000, 0x0000, 0x0000, 0x0000, 0x0000, 0x0000, 0x0000, 0x0000, 0x0000, 0x0000, 0x0000,
  0x0000, 0x0000, 0x0000, 0x0000, 0x0000, 0x0000, 0x0000, 0x0000, 0x0000, 0x0000, 0x0000, 0x0000,
  0x0000, 0x0000, 0x0000, 0x0000, 0x0000, 0x0000, 0x0000, 0x0000, 0x0000, 0x0000, 0x0000, 0x0000,
  0x0000, 0x0000, 0x0000, 0x0000, 0x0000, 0x0000, 0x0000, 0x0000, 0x0000, 0x0000, 0x0000, 0x0000,
  0x0000, 0x0000, 0x0000, 0x0000, 0x0000, 0x0000, 0x0000, 0x0000, 0x0000, 0x0000, 0x0000, 0x0000,
  0x0000, 0x0000, 0x0000, 0x0000, 0x0000, 0x0000, 0x0000, 0x0000, 0x0000, 0x0000, 0x0000, 0x0000,
  0x0000, 0x0000, 0x0000, 0x0000, 0x0000, 0x0000, 0x0000, 0x0000, 0x0000, 0x0000, 0x0000, 0x0000,
  0x0000, 0x0000, 0x0000, 0x0000, 0x0000, 0x0000, 0x0000, 0x0000, 0x0000, 0x0000, 0x0000, 0x0000,
  0x0000, 0x0000, 0x0000, 0x0000, 0x0000, 0x0000, 0x0000, 0x0000, 0x0000, 0x0000, 0x0000, 0x0000,
  0x0000, 0x0000, 0x0000, 0x0000, 0x0000, 0x0000, 0x0000, 0x0000, 0x0020, 0x0000, 0x0020, 0x0020,
  0x0020, 0x0020, 0x0020, 0x0020, 0x0000, 0x0000, 0x0020, 0x0020, 0x0020, 0x0020, 0x0020, 0x0020,
  0x0000, 0x0020, 0x0000, 0x0000, 0x0000, 0x0020, 0x0000, 0x0000, 0x0020, 0x0020, 0x0020, 0x0000,
  0x0000, 0x0000, 0x0000, 0x0000, 0x0000, 0x0000, 0x0000, 0x0000, 0x0000, 0x0000, 0x0000, 0x0000,
  0x0000, 0x0000, 0x0020, 0x0020, 0x0020, 0x0020, 0x0000, 0x0000, 0x0000, 0x0020, 0x0020, 0x0020,
  0x0020, 0x0020, 0x0020, 0x0020, 0x0020, 0x0020, 0x0020, 0x0020, 0x0000, 0x0020, 0x0020, 0x0020,
  0x0020, 0x0020, 0x0020, 0x0020, 0x0020, 0x0020, 0x0020, 0x0020, 0x0020, 0x0000, 0x0020, 0x0020,
  0x0020, 0x0020, 0x0020, 0x0020, 0x0020, 0x0020, 0x0000, 0x0000, 0x0020, 0x0020, 0x0020, 0x0000,
  0x0000, 0x0000, 0x0000, 0x0000, 0x0000, 0x0000, 0x0000, 0x0000, 0x0000, 0x0000, 0x0000, 0x0000,
  0x0000, 0x0000, 0x0000, 0x0000, 0x0000, 0x0000, 0x0000, 0x0000, 0x0020, 0x0000, 0x0000, 0x0000,
  0x0000, 0x0000, 0x0000, 0x0000, 0x0000, 0x0000, 0x0000, 0x0020, 0x0020, 0x0020, 0x0020, 0x0020,
  0x0020, 0x0020, 0x0020, 0x0000, 0x0000, 0x0000, 0x0000, 0x0000, 0x0000, 0x0000, 0x0020, 0x0000,
  0x0000, 0x0000, 0x0000, 0x0000, 0x0000, 0x0000, 0x0000, 0x0000, 0x0000, 0x0000, 0x0000, 0x0000,
  0x0020, 0x0020, 0x0020, 0x0020, 0x0020, 0x0020, 0x0020, 0x0020, 0x0020, 0x0020, 0x0020, 0x0000,
  0x0000, 0x0000, 0x0000, 0x0000, 0x0000, 0x0000, 0x0000, 0x0000, 0x0000, 0x0000, 0x0000, 0x0000,
  0x0000, 0x0000, 0x0000, 0x0000, 0x0020, 0x0020, 0x0020, 0x0020, 0x0020, 0x0020, 0x0020, 0x0020,
  0x0020, 0x0000, 0x0020, 0x0000, 0x0020, 0x0020, 0x0020, 0x0020, 0x0020, 0x0000, 0x0020, 0x0000,
  0x0000, 0x0000, 0x0000, 0x0000, 0x0000, 0x0000, 0x0000, 0x0000, 0x0000, 0x0000, 0x0000, 0x0000,
  0x0000, 0x0000, 0x0000, 0x0000, 0x0000, 0x0000, 0x0000, 0x0000, 0x0000, 0x0000, 0x0000, 0x0000,
  0x0000, 0x0000, 0x0000, 0x0000, 0x0000, 0x0000, 0x0000, 0x0000, 0x0000, 0x0000, 0x0000, 0x0000,
  0x0000, 0x0000, 0x0000, 0x0000, 0x0000, 0x0000, 0x0000, 0x0000, 0x0000, 0x0000, 0x0000, 0x0000,
  0x0000, 0x0000, 0x0000, 0x0000, 0x0000, 0x0000, 0x0000, 0x0000, 0x0000, 0x0000, 0x0000, 0x0000,
  0x0000, 0x0000, 0x0000, 0x0000, 0x0000, 0x0000, 0x0000, 0x0000, 0x0000, 0x0000, 0x0000, 0x0000,
  0x0000, 0x0000, 0x0000, 0x0000, 0x0000, 0x0000, 0x0000, 0x0000, 0x0000, 0x0000, 0x0000, 0x0000,
  0x0000, 0x0000, 0x0000, 0x0000, 0x0000, 0x0000, 0x0000, 0x0000, 0x0000, 0x0000, 0x0000, 0x0000,
  0x0000, 0x0000, 0x0000, 0x0000, 0x0000, 0x0000, 0x0000, 0x0000, 0x0000, 0x0000, 0x0000, 0x0000,
  0x0000, 0x0000, 0x0000, 0x0000, 0x0000, 0x0000, 0x0000, 0x0000, 0x0000, 0x0000, 0x0000, 0x0000,
  0x0000, 0x0000, 0x0000, 0x0000, 0x0000, 0x0000, 0x0000, 0x0000, 0x0000, 0x0000, 0x0000, 0x0000,
  0x0000, 0x0000, 0x0000, 0x0000, 0x0000, 0x0000, 0x0000, 0x0000, 0x0000, 0x0000, 0x0000, 0x0000,
  0x0000, 0x0000, 0x0000, 0x0000, 0x0000, 0x0000, 0x0000, 0x0000, 0x0000, 0x0000, 0x0000, 0x0000,
  0x0000, 0x0000, 0x0000, 0x0000, 0x0000, 0x0000, 0x0000, 0x0000, 0x0000, 0x0000, 0x0000, 0x0000,
  0x0000, 0x0000, 0x0000, 0x0000, 0x0000, 0x0000, 0x0000, 0x0000, 0x0000, 0x0000, 0x0000, 0x0000,
  0x0000, 0x0000, 0x0000, 0x0000, 0x0000, 0x0000, 0x0000, 0x0000, 0x0000, 0x0000, 0x0000, 0x0000,
  0x0000, 0x0000, 0x0000, 0x0000, 0x0000, 0x0000, 0x0000, 0x0000, 0x0000, 0x0000, 0x0000, 0x0000,
  0x0000, 0x0000, 0x0000, 0x0000, 0x0000, 0x0000, 0x0000, 0x0000, 0x0000, 0x0000, 0x0000, 0x0000,
  0x0000, 0x0000, 0x0000, 0x0000, 0x0000, 0x0000, 0x0000, 0x0000, 0x0000, 0x0000, 0x0000, 0x0000,
  0x0000, 0x0000, 0x0000, 0x0000, 0x0000, 0x0000, 0x0000, 0x0000, 0x0000, 0x0000, 0x0000, 0x0000,
  0x0000, 0x0000, 0x0000, 0x0000, 0x0000, 0x0000, 0x0000, 0x0000, 0x0000, 0x0000, 0x0000, 0x0000,
  0x0000, 0x0000, 0x0000, 0x0000, 0x0000, 0x0000, 0x0000, 0x0000, 0x0000, 0x0000, 0x0000, 0x0000,
  0x0000, 0x0000, 0x0000, 0x0000, 0x0000, 0x0000, 0x0000, 0x0000, 0x0000, 0x0000, 0x0000, 0x0000,
  0x0000, 0x0000, 0x0000, 0x0000, 0x0000, 0x0000, 0x0000, 0x0000, 0x0000, 0x0000, 0x0000, 0x0000,
  0x0000, 0x0000, 0x0000, 0x0000, 0x0000, 0x0000, 0x0000, 0x0000, 0x0000, 0x0000, 0x0000, 0x0000,
  0x0000, 0x0000, 0x0000, 0x0000, 0x0000, 0x0000, 0x0000, 0x0000, 0x0000, 0x0000, 0x0000, 0x0000,
  0x0000, 0x0000, 0x0000, 0x0000, 0x0000, 0x0000, 0x0000, 0x0000, 0x0000, 0x0000, 0x0000, 0x0000,
  0x0000, 0x0000, 0x0000, 0x0000, 0x0000, 0x0000, 0x0000, 0x0000, 0x0000, 0x0000, 0x0000, 0x0000,
  0x0000, 0x0000, 0x0000, 0x0000, 0x0000, 0x0000, 0x0000, 0x0000, 0x0000, 0x0000, 0x0000, 0x0000,
  0x0000, 0x0000, 0x0000, 0x0000, 0x0000, 0x0000, 0x0000, 0x0000, 0x0000, 0x0000, 0x0000, 0x0000,
  0x0000, 0x0000, 0x0000, 0x0000, 0x0000, 0x0000, 0x0000, 0x0000, 0x0000, 0x0000, 0x0000, 0x0000,
  0x0000, 0x0000, 0x0000, 0x0000, 0x0000, 0x0000, 0x0000, 0x0000, 0x0000, 0x0000, 0x0000, 0x0000,
  0x0000, 0x0000, 0x0000, 0x0000, 0x0000, 0x0000, 0x0000, 0x0000, 0x0000, 0x0000, 0x0000, 0x0000,
  0x0000, 0x0000, 0x0000, 0x0000, 0x0000, 0x0000, 0x0000, 0x0000, 0x0000, 0x0000, 0x0000, 0x0000,
  0x0000, 0x0000, 0x0000, 0x0000, 0x0000, 0x0000, 0x0000, 0x0000, 0x0000, 0x0000, 0x0000, 0x0000,
  0x0000, 0x0000, 0x0000, 0x0000, 0x0000, 0x0000, 0x0000, 0x0000, 0x0000, 0x0000, 0x0000, 0x0000,
  0x0000, 0x0000, 0x0000, 0x0000, 0x0000, 0x0000, 0x0000, 0x0000, 0x0000, 0x0000, 0x0000, 0x0000,
  0x0000, 0x0000, 0x0000, 0x0000, 0x0000, 0x0000, 0x0000, 0x0000, 0x0000, 0x0000, 0x0000, 0x0000,
  0x0000, 0x0000, 0x0000, 0x0000, 0x0000, 0x0000, 0x0000, 0x0000, 0x0000, 0x0000, 0x0000, 0x0000,
  0x0000, 0x0000, 0x0000, 0x0000, 0x0000, 0x0000, 0x0000, 0x0000, 0x0000, 0x0000, 0x0000, 0x0000,
  0x0000, 0x0000, 0x0000, 0x0000, 0x0000, 0x0000, 0x0000, 0x0000, 0x0000, 0x0000, 0x0000, 0x0000,
  0x0000, 0x0000, 0x0000, 0x0000, 0x0000, 0x0000, 0x0000, 0x0000, 0x0000, 0x0000, 0x0000, 0x0000,
  0x0000, 0x0000, 0x0000, 0x0000, 0x0000, 0x0000, 0x0000, 0x0000, 0x0000, 0x0000, 0x0000, 0x0000,
  0x0000, 0x0000, 0x0000, 0x0000, 0x0000, 0x0000, 0x0000, 0x0000, 0x0000, 0x0000, 0x0000, 0x0000,
  0x0000, 0x0000, 0x0000, 0x0000, 0x0000, 0x0000, 0x0000, 0x0000, 0x0000, 0x0000, 0x0000, 0x0000,
  0x0000, 0x0000, 0x0000, 0x0000, 0x0000, 0x0000, 0x0000, 0x0000, 0x0000, 0x0000, 0x0000, 0x0000,
  0x0000, 0x0000, 0x0000, 0x0000, 0x0000, 0x0000, 0x0000, 0x0000, 0x0000, 0x0000, 0x0000, 0x0000,
  0x0000, 0x0000, 0x0000, 0x0000, 0x0000, 0x0000, 0x0000, 0x0000, 0x0000, 0x0000, 0x0000, 0x0000,
  0x0000, 0x0000, 0x0000, 0x0000, 0x0000, 0x0000, 0x0000, 0x0000, 0x0000, 0x0000, 0x0000, 0x0000,
  0x0000, 0x0000, 0x0000, 0x0000, 0x0000, 0x0000, 0x0000, 0x0000, 0x0000, 0x0000, 0x0000, 0x0000,
  0x0000, 0x0000, 0x0000, 0x0000, 0x0000, 0x0000, 0x0000, 0x0000, 0x0000, 0x0000, 0x0000, 0x0000,
  0x0000, 0x0000, 0x0000, 0x0000, 0x0000, 0x0000, 0x0000, 0x0000, 0x0000, 0x0000, 0x0000, 0x0000,
  0x0000, 0x0000, 0x0000, 0x0000, 0x0000, 0x0000, 0x0000, 0x0000, 0x0000, 0x0000, 0x0000, 0x0000,
  0x0000, 0x0000, 0x0000, 0x0000, 0x0000, 0x0000, 0x0000, 0x0000, 0x0000, 0x0000, 0x0000, 0x0000,
  0x0000, 0x0000, 0x0000, 0x0000, 0x0000, 0x0000, 0x0000, 0x0000, 0x0000, 0x0000, 0x0000, 0x0000,
  0x0000, 0x0000, 0x0000, 0x0000, 0x0000, 0x0000, 0x0000, 0x0000, 0x0000, 0x0000, 0x0000, 0x0000,
  0x0000, 0x0000, 0x0000, 0x0000, 0x0000, 0x0000, 0x0000, 0x0000, 0x0000, 0x0000, 0x0000, 0x0000,
  0x0000, 0x0000, 0x0000, 0x0000, 0x0000, 0x0000, 0x0000, 0x0000, 0x0000, 0x0000, 0x0000, 0x0000,
  0x0000, 0x0000, 0x0000, 0x0000, 0x0000, 0x0000, 0x0000, 0x0000, 0x0000, 0x0000, 0x0000, 0x0000,
  0x0000, 0x0000, 0x0000, 0x0000, 0x0000, 0x0000, 0x0000, 0x0000, 0x0000, 0x0000, 0x0000, 0x0000,
  0x0000, 0x0000, 0x0000, 0x0000, 0x0000, 0x0000, 0x0000, 0x0000, 0x0000, 0x0000, 0x0000, 0x0000,
  0x0000, 0x0000, 0x0000, 0x0000, 0x0000, 0x0000, 0x0000, 0x0000, 0x0000, 0x0000, 0x0000, 0x0000,
  0x0000, 0x0000, 0x0000, 0x0000, 0x0000, 0x0000, 0x0000, 0x0000, 0x0000, 0x0000, 0x0000, 0x0000,
  0x0000, 0x0000, 0x0000, 0x0000, 0x0000, 0x0000, 0x0000, 0x0000, 0x0000, 0x0000, 0x0000, 0x0000,
  0x0000, 0x0000, 0x0000, 0x0000, 0x0000, 0x0000, 0x0000, 0x0000, 0x0000, 0x0000, 0x0000, 0x0000,
  0x0000, 0x0000, 0x0000, 0x0000, 0x0000, 0x0000, 0x0000, 0x0000, 0x0000, 0x0000, 0x0000, 0x0000,
  0x0000, 0x0000, 0x0000, 0x0000, 0x0000, 0x0000, 0x0000, 0x0000, 0x0000, 0x0000, 0x0000, 0x0000,
  0x0000, 0x0000, 0x0000, 0x0000, 0x0000, 0x0000, 0x0000, 0x0000, 0x0000, 0x0000, 0x0000, 0x0000,
  0x0000, 0x0000, 0x0000, 0x0000, 0x0000, 0x0000, 0x0000, 0x0000, 0x0000, 0x0000, 0x0000, 0x0000,
  0x0000, 0x0000, 0x0000, 0x0000, 0x0000, 0x0000, 0x0000, 0x0000, 0x0000, 0x0000, 0x0000, 0x0000,
  0x0000, 0x0000, 0x0000, 0x0000, 0x0000, 0x0000, 0x0000, 0x0000, 0x0000, 0x0000, 0x0000, 0x0000,
  0x0000, 0x0000, 0x0000, 0x0000, 0x0000, 0x0000, 0x0000, 0x0000, 0x0000, 0x0000, 0x0000, 0x0000,
  0x0000, 0x0000, 0x0000, 0x0000, 0x0000, 0x0000, 0x0000, 0x0000, 0x0000, 0x0000, 0x0000, 0x0000,
  0x0000, 0x0000, 0x0000, 0x0000, 0x0000, 0x0000, 0x0000, 0x0000, 0x0000, 0x0000, 0x0000, 0x0000,
  0x0000, 0x0000, 0x0000, 0x0000, 0x0000, 0x0000, 0x0000, 0x0000, 0x0000, 0x0000, 0x0000, 0x0000,
  0x0000, 0x0000, 0x0000, 0x0000, 0x0000, 0x0000, 0x0000, 0x0000, 0x0000, 0x0000, 0x0000, 0x0000,
  0x0000, 0x0000, 0x0000, 0x0000, 0x0000, 0x0000, 0x0000, 0x0000, 0x0000, 0x0000, 0x0000, 0x0000,
  0x0000, 0x0000, 0x0000, 0x0000, 0x0000, 0x0000, 0x0000, 0x0000, 0x0000, 0x0000, 0x0000, 0x0000,
  0x0000, 0x0000, 0x0000, 0x0000, 0x0000, 0x0000, 0x0000, 0x0000, 0x0000, 0x0000, 0x0000, 0x0000,
  0x0000, 0x0000, 0x0000, 0x0000, 0x0000, 0x0000, 0x0000, 0x0000, 0x0000, 0x0000, 0x0000, 0x0000,
  0x0000, 0x0000, 0x0000, 0x0000, 0x0000, 0x0000, 0x0000, 0x0000, 0x0000, 0x0000, 0x0000, 0x0000,
  0x0000, 0x0000, 0x0000, 0x0000, 0x0000, 0x0000, 0x0000, 0x0000, 0x0000, 0x0000, 0x0000, 0x0000,
  0x0000, 0x0000, 0x0000, 0x0000, 0x0000, 0x0000, 0x0000, 0x0000, 0x0000, 0x0000, 0x0000, 0x0000,
  0x0000, 0x0000, 0x0000, 0x0000, 0x0000, 0x0000, 0x0000, 0x0000, 0x0000, 0x0000, 0x0000, 0x0000,
  0x0000, 0x0000, 0x0000, 0x0000, 0x0000, 0x0000, 0x0000, 0x0000, 0x0000, 0x0000, 0x0000, 0x0000,
  0x0000, 0x0000, 0x0000, 0x0000, 0x0000, 0x0000, 0x0000, 0x0000, 0x0000, 0x0000, 0x0000, 0x0000,
  0x0000, 0x0000, 0x0000, 0x0000, 0x0000, 0x0000, 0x0000, 0x0000, 0x0000, 0x0000, 0x0000, 0x0000,
  0x0000, 0x0000, 0x0000, 0x0000, 0x0000, 0x0000, 0x0000, 0x0000, 0x0000, 0x0000, 0x0000, 0x0000,
  0x0000, 0x0000, 0x0000, 0x0000, 0x0000, 0x0000, 0x0000, 0x0000, 0x0000, 0x0000, 0x0000, 0x0000,
  0x0000, 0x0000, 0x0000, 0x0000, 0x0000, 0x0000, 0x0000, 0x0000, 0x0000, 0x0000, 0x0000, 0x0000,
  0x0000, 0x0000, 0x0000, 0x0000, 0x0000, 0x0000, 0x0000, 0x0000, 0x0000, 0x0000, 0x0000, 0x0000,
  0x0000, 0x0000, 0x0000, 0x0000, 0x0000, 0x0000, 0x0000, 0x0000, 0x0000, 0x0000, 0x0000, 0x0000,
  0x0000, 0x0000, 0x0000, 0x0000, 0x0000, 0x0000, 0x0000, 0x0000, 0x0000, 0x0000, 0x0000, 0x0000,
  0x0000, 0x0000, 0x0000, 0x0000, 0x0000, 0x0000, 0x0000, 0x0000, 0x0000, 0x0000, 0x0000, 0x0000,
  0x0000, 0x0000, 0x0000, 0x0000, 0x0000, 0x0000, 0x0000, 0x0000, 0x0000, 0x0000, 0x0000, 0x0000,
  0x0000, 0x0000, 0x0000, 0x0000, 0x0000, 0x0000, 0x0000, 0x0000, 0x0000, 0x0000, 0x0000, 0x0000,
  0x0000, 0x0000, 0x0000, 0x0000, 0x0000, 0x0000, 0x0000, 0x0000, 0x0000, 0x0000, 0x0000, 0x0000,
  0x0000, 0x0000, 0x0000, 0x0000, 0x0000, 0x0000, 0x0000, 0x0000, 0x0000, 0x0000, 0x0000, 0x0000,
  0x0000, 0x0000, 0x0000, 0x0000, 0x0000, 0x0000, 0x0000, 0x0000, 0x0000, 0x0000, 0x0000, 0x0000,
  0x0000, 0x0000, 0x0000, 0x0000, 0x0000, 0x0000, 0x0000, 0x0000, 0x0000, 0x0000, 0x0000, 0x0000,
  0x0000, 0x0000, 0x0000, 0x0000, 0x0000, 0x0000, 0x0000, 0x0000, 0x0000, 0x0000, 0x0000, 0x0000,
  0x0000, 0x0000, 0x0000, 0x0000, 0x0000, 0x0000, 0x0000, 0x0000, 0x0000, 0x0000, 0x0000, 0x0000,
  0x0000, 0x0000, 0x0000, 0x0000, 0x0000, 0x0000, 0x0000, 0x0000, 0x0000, 0x0000, 0x0000, 0x0000,
  0x0000, 0x0000, 0x0000, 0x0000, 0x0000, 0x0000, 0x0000, 0x0000, 0x0000, 0x0000, 0x0000, 0x0000,
  0x0000, 0x0000, 0x0000, 0x0000, 0x0000, 0x0000, 0x0000, 0x0000, 0x0000, 0x0000, 0x0000, 0x0000,
  0x0000, 0x0000, 0x0000, 0x0000, 0x0000, 0x0000, 0x0000, 0x0000, 0x0000, 0x0000, 0x0000, 0x0000,
  0x0000, 0x0000, 0x0000, 0x0000, 0x0000, 0x0000, 0x0000, 0x0000, 0x0000, 0x0000, 0x0000, 0x0000,
  0x0000, 0x0000, 0x0000, 0x0000, 0x0000, 0x0000, 0x0000, 0x0000, 0x0000, 0x0000, 0x0000, 0x0000,
  0x0000, 0x0000, 0x0000, 0x0000, 0x0000, 0x0000, 0x0000, 0x0000, 0x0000, 0x0000, 0x0000, 0x0000,
  0x0000, 0x0000, 0x0000, 0x0000, 0x0000, 0x0000, 0x0000, 0x0000, 0x0000, 0x0000, 0x0000, 0x0000,
  0x0000, 0x0000, 0x0000, 0x0000, 0x0000, 0x0000, 0x0000, 0x0000, 0x0000, 0x0000, 0x0000, 0x0000,
  0x0000, 0x0000, 0x0000, 0x0000, 0x0000, 0x0000, 0x0000, 0x0000, 0x0000, 0x0000, 0x0000, 0x0000,
  0x0000, 0x0000, 0x0000, 0x0000, 0x0000, 0x0000, 0x0000, 0x0000, 0x0000, 0x0000, 0x0000, 0x0000,
  0x0000, 0x0000, 0x0000, 0x0000, 0x0000, 0x0000, 0x0000, 0x0000, 0x0000, 0x0000, 0x0000, 0x0000,
  0x0000, 0x0000, 0x0000, 0x0000, 0x0000, 0x0000, 0x0000, 0x0000, 0x0000, 0x0000, 0x0000, 0x0000,
  0x0000, 0x0000, 0x0000, 0x0000, 0x0000, 0x0000, 0x0000, 0x0000, 0x0000, 0x0000, 0x0000, 0x0000,
  0x0000, 0x0000, 0x0000, 0x0000, 0x0000, 0x0000, 0x0000, 0x0000, 0x0000, 0x0000, 0x0000, 0x0000,
  0x0000, 0x0000, 0x0000, 0x0000, 0x0000, 0x0000, 0x0000, 0x0000, 0x0000, 0x0000, 0x0000, 0x0000,
  0x0000, 0x0000, 0x0000, 0x0000, 0x0000, 0x0000, 0x0000, 0x0000, 0x0000, 0x0000, 0x0000, 0x0000,
  0x0000, 0x0000, 0x0000, 0x0000, 0x0000, 0x0000, 0x0000, 0x0000, 0x0000, 0x0000, 0x0000, 0x0000,
  0x0000, 0x0000, 0x0000, 0x0000, 0x0000, 0x0000, 0x0000, 0x0000, 0x0000, 0x0000, 0x0000, 0x0000,
  0x0000, 0x0000, 0x0000, 0x0000, 0x0000, 0x0000, 0x0000, 0x0000, 0x0000, 0x0000, 0x0000, 0x0000,
  0x0000, 0x0000, 0x0000, 0x0000, 0x0000, 0x0000, 0x0000, 0x0000, 0x0000, 0x0000, 0x0000, 0x0000,
  0x0000, 0x0000, 0x0000, 0x0000, 0x0000, 0x0000, 0x0000, 0x0000, 0x0000, 0x0000, 0x0000, 0x0000,
  0x0000, 0x0000, 0x0000, 0x0000, 0x0000, 0x0000, 0x0000, 0x0000, 0x0000, 0x0000, 0x0000, 0x0000,
  0x0000, 0x0000, 0x0000, 0x0000, 0x0000, 0x0000, 0x0000, 0x0000, 0x0000, 0x0000, 0x0000, 0x0000,
  0x0000, 0x0000, 0x0000, 0x0000, 0x0000, 0x0000, 0x0000, 0x0000, 0x0000, 0x0000, 0x0000, 0x0000,
  0x0000, 0x0000, 0x0000, 0x0000, 0x0000, 0x0000, 0x0000, 0x0000, 0x0000, 0x0000, 0x0000, 0x0000,
  0x0000, 0x0000, 0x0000, 0x0000, 0x0000, 0x0000, 0x0000, 0x0000, 0x0000, 0x0000, 0x0000, 0x0000,
  0x0000, 0x0000, 0x0000, 0x0000, 0x0000, 0x0000, 0x0000, 0x0000, 0x0000, 0x0000, 0x0000, 0x0000,
  0x0000, 0x0000, 0x0000, 0x0000, 0x0000, 0x0000, 0x0000, 0x0000, 0x0000, 0x0000, 0x0000, 0x0000,
  0x0000, 0x0000, 0x0000, 0x0000, 0x0000, 0x0000, 0x0000, 0x0000, 0x0000, 0x0000, 0x0000, 0x0000,
  0x0000, 0x0000, 0x0000, 0x0000, 0x0000, 0x0000, 0x0000, 0x0000, 0x0000, 0x0000, 0x0000, 0x0000,
  0x0000, 0x0000, 0x0000, 0x0000, 0x0000, 0x0000, 0x0000, 0x0000, 0x0000, 0x0000, 0x0000, 0x0000,
  0x0000, 0x0000, 0x0000, 0x0000, 0x0000, 0x0000, 0x0000, 0x0000, 0x0000, 0x0000, 0x0000, 0x0000,
  0x0000, 0x0000, 0x0000, 0x0000, 0x0000, 0x0000, 0x0000, 0x0000, 0x0000, 0x0000, 0x0000, 0x0000,
  0x0000, 0x0000, 0x0000, 0x0000, 0x0000, 0x0000, 0x0000, 0x0000, 0x0000, 0x0000, 0x0000, 0x0000,
  0x0000, 0x0000, 0x0000, 0x0000, 0x0000, 0x0000, 0x0000, 0x0000, 0x0000, 0x0000, 0x0000, 0x0000,
  0x0000, 0x0000, 0x0000, 0x0000, 0x0000, 0x0000, 0x0000, 0x0000, 0x0000, 0x0000, 0x0000, 0x0000,
  0x0000, 0x0000, 0x0000, 0x0000, 0x0000, 0x0000, 0x0000, 0x0000, 0x0000, 0x0000, 0x0000, 0x0000,
  0x0000, 0x0000, 0x0000, 0x0000, 0x0000, 0x0000, 0x0000, 0x0000, 0x0000, 0x0000, 0x0000, 0x0000,
  0x0020, 0x0020, 0x0020, 0x0020, 0x0020, 0x0020, 0x0000, 0x0000, 0x0000, 0x0000, 0x0000, 0x0000,
  0x0000, 0x0000, 0x0000, 0x0000, 0x0000, 0x0000, 0x0000, 0x0000, 0x0000, 0x0000, 0x0000, 0x0000,
  0x0000, 0x0000, 0x0000, 0x0000, 0x0000, 0x0000, 0x0000, 0x0000, 0x0000, 0x0000, 0x0000, 0x0000,
  0x0000, 0x0000, 0x0000, 0x0000, 0x0000, 0x0000, 0x0000, 0x0000, 0x0000, 0x0000, 0x0000, 0x0000,
  0x0000, 0x0000, 0x0000, 0x0000, 0x0000, 0x0000, 0x0000, 0x0000, 0x0000, 0x0000, 0x0000, 0x0000,
  0x0000, 0x0000, 0x0000, 0x0000, 0x0000, 0x0000, 0x0000, 0x0000, 0x0000, 0x0000, 0x0000, 0x0000,
  0x0000, 0x0000, 0x0000, 0x0000, 0x0000, 0x0000, 0x0000, 0x0000, 0x0000, 0x0000, 0x0000, 0x0000,
  0x0000, 0x0000, 0x0000, 0x0000, 0x0000, 0x0000, 0x0000, 0x0000, 0x0000, 0x0020, 0x0020, 0x0020,
  0x0000, 0x0000, 0x0000, 0x0000, 0x0000, 0x0000, 0x0000, 0x0000, 0x0000, 0x0000, 0x0000, 0x0000,
  0x0000, 0x0000, 0x0000, 0x0000, 0x0000, 0x0000, 0x0000, 0x0000, 0x0000, 0x0000, 0x0000, 0x0000,
  0x0000, 0x0000, 0x0000, 0x0000, 0x0000, 0x0000, 0x0000, 0x0000, 0x0000, 0x0000, 0x0000, 0x0000,
  0x0000, 0x0000, 0x0000, 0x0000, 0x0000, 0x0000, 0x0000, 0x0000, 0x0000, 0x0000, 0x0000, 0x0000,
  0x0000, 0x0000, 0x0000, 0x0000, 0x0000, 0x0000, 0x0000, 0x0000, 0x0000, 0x0000, 0x0000, 0x0000,
  0x0000, 0x0000, 0x0000, 0x0000, 0x0000, 0x0000, 0x0000, 0x0000, 0x0000, 0x0000, 0x0000, 0x0000,
  0x0000, 0x0000, 0x0000, 0x0000, 0x0000, 0x0000, 0x0020, 0x0020, 0x0000, 0x0000, 0x0020, 0x0020,
  0x0020, 0x0020, 0x0020, 0x0020, 0x0020, 0x0000, 0x0000, 0x0000, 0x0000, 0x0000, 0x0000, 0x0000,
  0x0000, 0x0020, 0x0020, 0x0020, 0x0020, 0x0020, 0x0020, 0x0020, 0x0020, 0x0020, 0x0020, 0x0020,
  0x0020, 0x0020, 0x0020, 0x0020, 0x0000, 0x0000, 0x0000, 0x0000, 0x0000, 0x0000, 0x0000, 0x0000,
  0x0000, 0x0000, 0x0000, 0x0020, 0x0020, 0x0020, 0x0020, 0x0020, 0x0020, 0x0020, 0x0020, 0x0020,
  0x0020, 0x0020, 0x0020, 0x0020, 0x0020, 0x0020, 0x0020, 0x0020, 0x0020, 0x0020, 0x0020, 0x0020,
  0x0020, 0x0020, 0x0020, 0x0020, 0x0020, 0x0020, 0x0020, 0x0020, 0x0000, 0x0000, 0x0000, 0x0000,
  0x0000, 0x0000, 0x0000, 0x0000, 0x0000, 0x0000, 0x0000, 0x0000, 0x0000, 0x0000, 0x0000, 0x0000,
  0x0000, 0x0000, 0x0000, 0x0000, 0x0000, 0x0000, 0x0000, 0x0000, 0x0000, 0x0000, 0x0000, 0x0000,
  0x0000, 0x0000, 0x0000, 0x0000, 0x0000, 0x0000, 0x0000, 0x0000, 0x0000, 0x0000, 0x0000, 0x0000,
  0x0000, 0x0000, 0x0000, 0x0000, 0x0000, 0x0000, 0x0000, 0x0000, 0x0000, 0x0000, 0x0000, 0x0000,
  0x0000, 0x0000, 0x0000, 0x0000, 0x0000, 0x0000, 0x0000, 0x0000, 0x0000, 0x0000, 0x0000, 0x0000,
  0x0000, 0x0000, 0x0000, 0x0000, 0x0000, 0x0000, 0x0020, 0x0020, 0x0020, 0x0020, 0x0020, 0x0020,
  0x0020, 0x0020, 0x0020, 0x0020, 0x0020, 0x0020, 0x0000, 0x0000, 0x0020, 0x0020, 0x0020, 0x0000,
  0x0020, 0x0020, 0x0020, 0x0020, 0x0020, 0x0000, 0x0000, 0x0000, 0x0020, 0x0020, 0x0020, 0x0020,
  0x0020, 0x0020, 0x0020, 0x0020, 0x0020, 0x0020, 0x0020, 0x0000, 0x0000, 0x0000, 0x0000, 0x0000,
  0x0000, 0x0000, 0x0000, 0x0000, 0x0000, 0x0000, 0x0000, 0x0000, 0x0020, 0x0000, 0x0000, 0x0000,
  0x0000, 0x0000, 0x0000, 0x0000, 0x0020, 0x0000, 0x0000, 0x0000, 0x0000, 0x0000, 0x0000, 0x0000,
  0x0000, 0x0000, 0x0000, 0x0000, 0x0000, 0x0000, 0x0000, 0x0000, 0x0020, 0x0020, 0x0020, 0x0020,
  0x0020, 0x0020, 0x0020, 0x0020, 0x0000, 0x0000, 0x0000, 0x0000, 0x0020, 0x0020, 0x0020, 0x0020,
  0x0020, 0x0020, 0x0020, 0x0020, 0x0020, 0x0020, 0x0020, 0x0020, 0x0020, 0x0020, 0x0020, 0x0020,
  0x0000, 0x0000, 0x0000, 0x0000, 0x0000, 0x0000, 0x0000, 0x0000, 0x0000, 0x0000, 0x0000, 0x0000,
  0x0000, 0x0000, 0x0000, 0x0000, 0x0000, 0x0000, 0x0000, 0x0000, 0x0000, 0x0020, 0x0020, 0x0000,
  0x0000, 0x0000, 0x0000, 0x0000, 0x0000, 0x0000, 0x0000, 0x0000, 0x0000, 0x0000, 0x0000, 0x0000,
  0x0000, 0x0000, 0x0000, 0x0000, 0x0000, 0x0000, 0x0000, 0x0000, 0x0000, 0x0000, 0x0000, 0x0000,
  0x0000, 0x0000, 0x0000, 0x0000, 0x0000, 0x0000, 0x0000, 0x0000, 0x0000, 0x0020, 0x0020, 0x0020,
  0x0020, 0x0020, 0x0000, 0x0000, 0x0000, 0x0000, 0x0000, 0x0000, 0x0000, 0x0000, 0x0000, 0x0020,
  0x0020, 0x0020, 0x0020, 0x0020, 0x0020, 0x0020, 0x0020, 0x0020, 0x0040, 0x0020, 0x0020, 0x0020,
  0x0020, 0x0020, 0x0020, 0x0000, 0x0020, 0x0020, 0x0020, 0x0020, 0x0020, 0x0020, 0x0020, 0x0020,
  0x0020, 0x0020, 0x0020, 0x0020, 0x0020, 0x0020, 0x0020, 0x0020, 0x0020, 0x0020, 0x0020, 0x0020,
  0x0020, 0x0020, 0x0020, 0x0020, 0x0000, 0x0000, 0x0020, 0x0020, 0x0020, 0x0020, 0x0020, 0x0020,
  0x0020, 0x0020, 0x0020, 0x0020, 0x0020, 0x0020, 0x0020, 0x0040, 0x0020, 0x0020, 0x0020, 0x0020,
  0x0020, 0x0020, 0x0020, 0x0020, 0x0020, 0x0020, 0x0020, 0x0020, 0x0020, 0x0020, 0x0020, 0x0020,
  0x0020, 0x0020, 0x0020, 0x0020, 0x0020, 0x0020, 0x0000, 0x0000, 0x0000, 0x0000, 0x0000, 0x0000,
  0x0000, 0x0000, 0x0000, 0x0000, 0x0000, 0x0000, 0x0000, 0x0000, 0x0000, 0x0000, 0x0000, 0x0000,
  0x0000, 0x0000, 0x0000, 0x0000, 0x0000, 0x0000, 0x0000, 0x0000, 0x0000, 0x0000, 0x0000, 0x0000,
  0x0000, 0x0000, 0x0000, 0x0000, 0x0000, 0x0000, 0x0000, 0x0000, 0x0000, 0x0000, 0x0000, 0x0000,
  0x0000, 0x0000, 0x0000, 0x0000, 0x0000, 0x0000, 0x0000, 0x0000, 0x0000, 0x0000, 0x0000, 0x0000,
  0x0000, 0x0000, 0x0000, 0x0000, 0x0000, 0x0000, 0x0000, 0x0000, 0x0000, 0x0000, 0x0000, 0x0000,
  0x0000, 0x0020, 0x0020, 0x0020, 0x0020, 0x0040, 0x0040, 0x0040, 0x0040, 0x0020, 0x0020, 0x0020,
  0x0020, 0x0020, 0x0020, 0x0020, 0x0020, 0x0020, 0x0020, 0x0020, 0x0020, 0x0020, 0x0020, 0x0020,
  0x0020, 0x0020, 0x0020, 0x0020, 0x0020, 0x0020, 0x0020, 0x0020, 0x0020, 0x0040, 0x0040, 0x0020,
  0x0020, 0x0020, 0x0020, 0x0020, 0x0020, 0x0020, 0x0020, 0x0000, 0x0000, 0x0000, 0x0000, 0x0000,
  0x0000, 0x0000, 0x0020, 0x0020, 0x0020, 0x0020, 0x0020, 0x0020, 0x0020, 0x0020, 0x0020, 0x0020,
  0x0020, 0x0020, 0x0020, 0x0020, 0x0020, 0x0000, 0x0000, 0x0000, 0x0000, 0x0000, 0x0000, 0x0000,
  0x0000, 0x0000, 0x0000, 0x0020, 0x0020, 0x0020, 0x0040, 0x0040, 0x0020, 0x0020, 0x0020, 0x0020,
  0x0020, 0x0020, 0x0020, 0x0020, 0x0020, 0x0020, 0x0020, 0x0020, 0x0020, 0x0020, 0x0020, 0x0020,
  0x0020, 0x0040, 0x0040, 0x0020, 0x0020, 0x0020, 0x0020, 0x0020, 0x0020, 0x0020, 0x0020, 0x0020,
  0x0020, 0x0020, 0x0020, 0x0020, 0x0020, 0x0020, 0x0000, 0x0000, 0x0000, 0x0000, 0x0000, 0x0000,
  0x0000, 0x0000, 0x0020, 0x0020, 0x0020, 0x0020, 0x0020, 0x0020, 0x0020, 0x0020, 0x0020, 0x0020,
  0x0020, 0x0020, 0x0020, 0x0020, 0x0020, 0x0020, 0x0020, 0x0020, 0x0020, 0x0020, 0x0020, 0x0020,
  0x0020, 0x0020, 0x0000, 0x0000, 0x0000, 0x0000, 0x0000, 0x0000, 0x0000, 0x0000, 0x0020, 0x0020,
  0x0020, 0x0020, 0x0020, 0x0020, 0x0020, 0x0020, 0x0020, 0x0020, 0x0020, 0x0020, 0x0020, 0x0020,
  0x0020, 0x0000, 0x0000, 0x0000, 0x0020, 0x0020, 0x0020, 0x0020, 0x0020, 0x0040, 0x0020, 0x0020,
  0x0040, 0x0040, 0x0040, 0x0040, 0x0040, 0x0040, 0x0040, 0x0040, 0x0040, 0x0020, 0x0020, 0x0020,
  0x0020, 0x0020, 0x0020, 0x0020, 0x0020, 0x0040, 0x0040, 0x0040, 0x0040, 0x0040, 0x0040, 0x0040,
  0x0040, 0x0040, 0x0040, 0x0040, 0x0040, 0x0040, 0x0040, 0x0040, 0x0020, 0x0020, 0x0020, 0x0020,
  0x0020, 0x0020, 0x0020, 0x0020, 0x0020, 0x0020, 0x0040, 0x0040, 0x0040, 0x0040, 0x0040, 0x0040,
  0x0040, 0x0040, 0x0040, 0x0040, 0x0040, 0x0040, 0x0040, 0x0040, 0x0040, 0x0040, 0x0040, 0x0040,
  0x0040, 0x0040, 0x0040, 0x0040, 0x0040, 0x0040, 0x0040, 0x0040, 0x0040, 0x0040, 0x0040, 0x0040,
  0x0020, 0x0020, 0x0020, 0x0000, 0x0000, 0x0000, 0x0000, 0x0000, 0x0000, 0x0000, 0x0000, 0x0000,
  0x0000, 0x0000, 0x0000, 0x0000, 0x0000, 0x0000, 0x0000, 0x0000, 0x0000, 0x0000, 0x0000, 0x0000,
  0x0000, 0x0000, 0x0000, 0x0000, 0x0000, 0x0000, 0x0000, 0x0000, 0x0000, 0x0000, 0x0000, 0x0000,
  0x0000, 0x0000, 0x0000, 0x0000, 0x0000, 0x0000, 0x0000, 0x0000, 0x0000, 0x0000, 0x0000, 0x0000,
  0x0000, 0x0000, 0x0000, 0x0000, 0x0000, 0x0000, 0x0000, 0x0000, 0x0000, 0x0000, 0x0000, 0x0000,
  0x0000, 0x0000, 0x0000, 0x0000, 0x0000, 0x0000, 0x0000, 0x0000, 0x0020, 0x0020, 0x0020, 0x0040,
  0x0060, 0x0040, 0x0060, 0x0060, 0x0060, 0x0060, 0x0040, 0x0040, 0x0020, 0x0020, 0x0020, 0x0020,
  0x0040, 0x0020, 0x0000, 0x0040, 0x0040, 0x0040, 0x0040, 0x0040, 0x0040, 0x0040, 0x0040, 0x0040,
  0x0040, 0x0040, 0x0040, 0x0040, 0x0060, 0x0020, 0x0020, 0x0060, 0x0040, 0x0040, 0x0040, 0x0040,
  0x0040, 0x0020, 0x0020, 0x0020, 0x0020, 0x0020, 0x0000, 0x0020, 0x0020, 0x0020, 0x0020, 0x0020,
  0x0020, 0x0020, 0x0020, 0x0020, 0x0020, 0x0020, 0x0040, 0x0040, 0x0020, 0x0020, 0x0020, 0x0020,
  0x0020, 0x0020, 0x0020, 0x0020, 0x0020, 0x0000, 0x0000, 0x0000, 0x0000, 0x0000, 0x0020, 0x0020,
  0x0020, 0x0040, 0x0040, 0x0040, 0x0060, 0x0040, 0x0040, 0x0040, 0x0040, 0x0020, 0x0020, 0x0020,
  0x0020, 0x0040, 0x0040, 0x0040, 0x0040, 0x0040, 0x0040, 0x0040, 0x0060, 0x0020, 0x0040, 0x0060,
  0x0040, 0x0040, 0x0040, 0x0020, 0x0020, 0x0020, 0x0020, 0x0020, 0x0020, 0x0020, 0x0020, 0x0020,
  0x0020, 0x0020, 0x0020, 0x0020, 0x0020, 0x0020, 0x0020, 0x0020, 0x0020, 0x0020, 0x0020, 0x0020,
  0x0020, 0x0040, 0x0020, 0x0020, 0x0020, 0x0020, 0x0040, 0x0000, 0x0000, 0x0040, 0x0020, 0x0020,
  0x0020, 0x0020, 0x0020, 0x0020, 0x0020, 0x0020, 0x0020, 0x0020, 0x0020, 0x0020, 0x0020, 0x0020,
  0x0000, 0x0000, 0x0000, 0x0000, 0x0020, 0x0020, 0x0020, 0x0020, 0x0020, 0x0020, 0x0020, 0x0020,
  0x0020, 0x0040, 0x0040, 0x0040, 0x0040, 0x0040, 0x0040, 0x0020, 0x0020, 0x0020, 0x0020, 0x0020,
  0x0020, 0x0020, 0x0020, 0x0040, 0x0060, 0x0040, 0x0040, 0x0040, 0x0040, 0x0040, 0x0060, 0x0080,
  0x0060, 0x0060, 0x0060, 0x0060, 0x0040, 0x0040, 0x0040, 0x0040, 0x0040, 0x0040, 0x0040, 0x0040,
  0x0060, 0x0040, 0x0060, 0x0060, 0x0080, 0x0080, 0x0080, 0x0060, 0x0040, 0x0040, 0x0060, 0x0080,
  0x0080, 0x0080, 0x0080, 0x0060, 0x0040, 0x0040, 0x0040, 0x0020, 0x0020, 0x0040, 0x0020, 0x0020,
  0x0040, 0x0040, 0x0060, 0x0060, 0x0060, 0x0060, 0x0060, 0x0060, 0x0060, 0x0060, 0x0060, 0x0080,
  0x0080, 0x0080, 0x0080, 0x0080, 0x0040, 0x0040, 0x0040, 0x0060, 0x0060, 0x0060, 0x0060, 0x0060,
  0x0060, 0x0060, 0x0040, 0x0060, 0x0080, 0x0060, 0x0060, 0x0060, 0x0060, 0x0040, 0x0020, 0x0020,
  0x0000, 0x0000, 0x0000, 0x0000, 0x0000, 0x0000, 0x0000, 0x0000, 0x0000, 0x0000, 0x0000, 0x0000,
  0x0000, 0x0000, 0x0000, 0x0000, 0x0000, 0x0000, 0x0000, 0x0000, 0x0000, 0x0000, 0x0000, 0x0000,
  0x0000, 0x0000, 0x0000, 0x0000, 0x0000, 0x0000, 0x0000, 0x0000, 0x0000, 0x0000, 0x0000, 0x0000,
  0x0000, 0x0000, 0x0000, 0x0000, 0x0000, 0x0000, 0x0000, 0x0000, 0x0000, 0x0000, 0x0000, 0x0000,
  0x0000, 0x0000, 0x0000, 0x0000, 0x0000, 0x0000, 0x0000, 0x0000, 0x0000, 0x0000, 0x0000, 0x0000,
  0x0000, 0x0000, 0x0000, 0x0020, 0x0020, 0x0040, 0x0060, 0x0080, 0x00C0, 0x11E3, 0x1A03, 0x19E3,
  0x00E0, 0x0060, 0x0060, 0x0040, 0x0060, 0x0060, 0x0060, 0x0060, 0x0040, 0x19E4, 0x19E4, 0x0040,
  0x0060, 0x0060, 0x0060, 0x0060, 0x0060, 0x0060, 0x0040, 0x0040, 0x0040, 0x0060, 0x0060, 0x0080,
  0x0080, 0x2AC6, 0x2AA6, 0x0040, 0x0060, 0x0040, 0x0060, 0x0060, 0x0060, 0x0060, 0x0040, 0x0020,
  0x0020, 0x0020, 0x0020, 0x0020, 0x0020, 0x0020, 0x0040, 0x0060, 0x0060, 0x0060, 0x0040, 0x0040,
  0x0040, 0x0040, 0x0040, 0x0060, 0x0060, 0x0060, 0x0040, 0x0040, 0x0020, 0x0020, 0x0040, 0x0040,
  0x0040, 0x0020, 0x0020, 0x0020, 0x0020, 0x0020, 0x0020, 0x0040, 0x0040, 0x0080, 0x0120, 0x11A2,
  0x00C0, 0x0060, 0x0060, 0x0040, 0x0040, 0x0060, 0x0040, 0x0040, 0x0060, 0x0040, 0x0080, 0x0060,
  0x0060, 0x0080, 0x0060, 0x0060, 0x0080, 0x3B68, 0x11E2, 0x0080, 0x0080, 0x0060, 0x0040, 0x0040,
  0x0040, 0x0040, 0x0040, 0x0040, 0x0040, 0x0040, 0x0040, 0x0040, 0x0040, 0x0040, 0x0040, 0x0040,
  0x0040, 0x0020, 0x0020, 0x0020, 0x0020, 0x0020, 0x0040, 0x00A0, 0x0962, 0x0080, 0x0040, 0x0040,
  0x0040, 0x0040, 0x0040, 0x1A04, 0x19E4, 0x0040, 0x0040, 0x0040, 0x0040, 0x0040, 0x0040, 0x0040,
  0x0040, 0x0040, 0x0060, 0x0060, 0x0060, 0x0040, 0x0040, 0x0020, 0x0020, 0x0020, 0x0020, 0x0020,
  0x0020, 0x0040, 0x0040, 0x0060, 0x0060, 0x0040, 0x0040, 0x0040, 0x0040, 0x0060, 0x0060, 0x0080,
  0x0060, 0x0060, 0x0060, 0x0060, 0x0040, 0x0020, 0x0020, 0x0020, 0x0020, 0x0040, 0x0060, 0x0060,
  0x0080, 0x0120, 0x00C0, 0x0080, 0x0080, 0x00A0, 0x0060, 0x00E0, 0x09A1, 0x09A1, 0x00E0, 0x0060,
  0x0080, 0x0040, 0x0040, 0x0040, 0x0040, 0x0060, 0x0100, 0x0941, 0x0080, 0x00A0, 0x0080, 0x0120,
  0x09A1, 0x0180, 0x00A0, 0x00A0, 0x00A0, 0x00A0, 0x0080, 0x00E0, 0x0981, 0x09A1, 0x0100, 0x0080,
  0x0080, 0x0060, 0x0040, 0x0040, 0x0040, 0x0060, 0x0100, 0x0941, 0x0060, 0x0060, 0x0020, 0x00A0,
  0x0140, 0x0160, 0x00E0, 0x00A0, 0x00A0, 0x00A0, 0x00A0, 0x00C0, 0x0160, 0x0181, 0x0120, 0x0080,
  0x0080, 0x0060, 0x00A0, 0x0060, 0x00E0, 0x0961, 0x0160, 0x00A0, 0x00A0, 0x00A0, 0x00A0, 0x00A0,
  0x00A0, 0x0140, 0x0161, 0x0120, 0x0080, 0x0060, 0x0020, 0x0020, 0x0020, 0x0000, 0x0000, 0x0000,
  0x0000, 0x0000, 0x0000, 0x0000, 0x0000, 0x0000, 0x0000, 0x0000, 0x0000, 0x0000, 0x0000, 0x0000,
  0x0000, 0x0000, 0x0000, 0x0000, 0x0000, 0x0000, 0x0000, 0x0000, 0x0000, 0x0000, 0x0000, 0x0000,
  0x0000, 0x0000, 0x0000, 0x0000, 0x0000, 0x0000, 0x0000, 0x0000, 0x0000, 0x0000, 0x0000, 0x0000,
  0x0000, 0x0000, 0x0000, 0x0000, 0x0000, 0x0000, 0x0000, 0x0000, 0x0000, 0x0000, 0x0000, 0x0000,
  0x0020, 0x0020, 0x0000, 0x0000, 0x0000, 0x0000, 0x0000, 0x0000, 0x0000, 0x0000, 0x0000, 0x0020,
  0x0020, 0x0040, 0x0080, 0x09A1, 0x7E31, 0x9F15, 0x8673, 0x96B4, 0x8693, 0x11E2, 0x0060, 0x0060,
  0x0040, 0x0060, 0x0040, 0x0080, 0x0040, 0x546B, 0x546C, 0x0000, 0x0060, 0x0060, 0x0040, 0x0040,
  0x0040, 0x0060, 0x0080, 0x0060, 0x0060, 0x0080, 0x0040, 0x0060, 0x0040, 0x656E, 0x6D6F, 0x0020,
  0x0080, 0x0060, 0x0040, 0x0040, 0x0060, 0x0040, 0x0060, 0x0040, 0x0040, 0x0020, 0x0020, 0x0020,
  0x0040, 0x0040, 0x0040, 0x0060, 0x0060, 0x0040, 0x0060, 0x0080, 0x0060, 0x0060, 0x0060, 0x0020,
  0x0040, 0x0040, 0x0060, 0x0060, 0x0040, 0x0060, 0x0020, 0x0040, 0x0000, 0x0020, 0x0040, 0x0020,
  0x0020, 0x0020, 0x0040, 0x0040, 0x0080, 0x00A0, 0x5CED, 0xB7D9, 0x1A84, 0x0060, 0x0080, 0x0060,
  0x0060, 0x0040, 0x0060, 0x0040, 0x0060, 0x00A0, 0x0000, 0x3B88, 0x3367, 0x0040, 0x00C0, 0x00C0,
  0x00A0, 0x8ED4, 0x2B86, 0x0040, 0x0040, 0x0060, 0x0060, 0x0040, 0x0060, 0x0020, 0x0040, 0x0060,
  0x0060, 0x0020, 0x0060, 0x0060, 0x0060, 0x0040, 0x0040, 0x0000, 0x0000, 0x0040, 0x0020, 0x0020,
  0x0020, 0x0040, 0x0020, 0x1A23, 0x8ED4, 0x0140, 0x0040, 0x0040, 0x0040, 0x0060, 0x0040, 0x5C8D,
  0x546C, 0x0020, 0x0060, 0x0040, 0x0040, 0x0020, 0x0000, 0x0060, 0x0080, 0x0080, 0x0020, 0x0020,
  0x0020, 0x0060, 0x0060, 0x0040, 0x0020, 0x0020, 0x0020, 0x0020, 0x0040, 0x0060, 0x0020, 0x0020,
  0x0040, 0x0080, 0x0080, 0x0060, 0x0060, 0x0040, 0x0080, 0x0040, 0x0060, 0x0060, 0x0040, 0x0040,
  0x0060, 0x0040, 0x0040, 0x0040, 0x0040, 0x0040, 0x0060, 0x11C3, 0x6DAF, 0x9F15, 0x1243, 0x00A0,
  0x00C0, 0x00E0, 0x22C5, 0x8693, 0x86D3, 0x86D3, 0x8672, 0x1A64, 0x00A0, 0x0080, 0x0060, 0x0060,
  0x0060, 0x00E0, 0x8673, 0x2B46, 0x00A0, 0x0100, 0x4409, 0x96F5, 0x7EB2, 0x86D3, 0x6DAF, 0x09A1,
  0x00E0, 0x00E0, 0x1AA4, 0x8693, 0x86D3, 0x86D3, 0x8673, 0x1223, 0x00A0, 0x0080, 0x0060, 0x0060,
  0x0080, 0x0100, 0x8673, 0x3367, 0x0060, 0x00A0, 0x3347, 0x8693, 0x7E92, 0x86D3, 0x7E31, 0x0A01,
  0x0100, 0x00E0, 0x0A02, 0x7610, 0x86B2, 0x7E91, 0x8ED3, 0x3BC8, 0x00E0, 0x00C0, 0x00C0, 0x3B88,
  0x8ED4, 0x8693, 0x96F4, 0x7DF1, 0x09C1, 0x00E0, 0x00E0, 0x0160, 0x6D4E, 0x9715, 0x8EB3, 0x8EF4,
  0x3307, 0x0020, 0x0040, 0x0020, 0x0020, 0x0000, 0x0000, 0x0000, 0x0000, 0x0000, 0x0000, 0x0000,
  0x0000, 0x0020, 0x0000, 0x0000, 0x0000, 0x0000, 0x0000, 0x0000, 0x0000, 0x0000, 0x0000, 0x0000,
  0x0000, 0x0000, 0x0000, 0x0000, 0x0000, 0x0000, 0x0000, 0x0000, 0x0000, 0x0000, 0x0000, 0x0000,
  0x0000, 0x0000, 0x0000, 0x0000, 0x0000, 0x0000, 0x0000, 0x0000, 0x0000, 0x0000, 0x0000, 0x0000,
  0x0000, 0x0000, 0x0000, 0x0000, 0x0000, 0x0020, 0x0020, 0x0020, 0x0040, 0x0020, 0x0020, 0x0020,
  0x0020, 0x0000, 0x0000, 0x0000, 0x0000, 0x0000, 0x0020, 0x0020, 0x0040, 0x0060, 0x0040, 0x5CCD,
  0x9EF5, 0x0A21, 0x0180, 0x0180, 0x4C4A, 0x1A43, 0x0040, 0x0901, 0x1A64, 0x1243, 0x43A9, 0x0962,
  0x00A0, 0x1263, 0x1263, 0x00C0, 0x0080, 0x00A0, 0x2AC6, 0x43C9, 0x43C9, 0x22C5, 0x00E0, 0x00C0,
  0x00A0, 0x00A0, 0x22A5, 0x4BEA, 0x3367, 0x6DCF, 0x6D4E, 0x00C0, 0x00E0, 0x00A0, 0x1203, 0x43E9,
  0x4409, 0x2AE6, 0x00A0, 0x0080, 0x0040, 0x0040, 0x0040, 0x0040, 0x0060, 0x00E0, 0x2285, 0x1A84,
  0x43E9, 0x43C9, 0x1202, 0x00C0, 0x00C0, 0x00A0, 0x00E0, 0x32E7, 0x43C9, 0x43A9, 0x0981, 0x00A0,
  0x00C0, 0x00C0, 0x2244, 0x1203, 0x3B68, 0x2245, 0x0020, 0x0040, 0x0020, 0x0040, 0x0040, 0x0060,
  0x0060, 0x09A1, 0x7EB3, 0x7671, 0x6DAF, 0x00E0, 0x00C0, 0x00A0, 0x00A0, 0x1A04, 0x1243, 0x3B88,
  0x2AE6, 0x00C0, 0x1A24, 0x9694, 0x8E72, 0x43C9, 0x1A64, 0x00A0, 0x0120, 0x8693, 0x3C48, 0x3367,
  0x43C9, 0x11E2, 0x00C0, 0x00C0, 0x00A0, 0x2244, 0x11A2, 0x0060, 0x0080, 0x2265, 0x1182, 0x0080,
  0x00A0, 0x1A03, 0x1202, 0x3307, 0x2A86, 0x0040, 0x0040, 0x0040, 0x0040, 0x0040, 0x0040, 0x1A44,
  0x9F36, 0x0181, 0x0080, 0x0060, 0x0060, 0x0060, 0x0080, 0x1203, 0x11C3, 0x0040, 0x0060, 0x11E2,
  0x22C4, 0x22A5, 0x4389, 0x0120, 0x00C0, 0x09A1, 0x3B88, 0x43A9, 0x3B68, 0x0161, 0x0080, 0x0060,
  0x0040, 0x0040, 0x0040, 0x0040, 0x0080, 0x0100, 0x3307, 0x43C9, 0x43C9, 0x11E2, 0x00C0, 0x00A0,
  0x0100, 0x22A5, 0x22E5, 0x4C0A, 0x1A63, 0x1243, 0x4C0A, 0x3327, 0x00E0, 0x0080, 0x0040, 0x0040,
  0x0040, 0x0040, 0x0020, 0x2B06, 0x550C, 0x9F16, 0x22E4, 0x00C0, 0x00A0, 0x0100, 0x8ED4, 0x5D2C,
  0x0A42, 0x0A02, 0x656E, 0x8672, 0x00A0, 0x00A0, 0x0080, 0x00C0, 0x00A0, 0x4C4A, 0x8ED4, 0x0120,
  0x00A0, 0x11E2, 0xA776, 0x33C7, 0x1282, 0x1283, 0x8ED3, 0x54AB, 0x0060, 0x00A0, 0x7E31, 0x75F0,
  0x1282, 0x1282, 0x7E31, 0x7590, 0x0040, 0x0080, 0x0080, 0x00A0, 0x0080, 0x442A, 0x96D4, 0x0100,
  0x00A0, 0x00C0, 0x444A, 0x3C29, 0x0A42, 0x1223, 0x7E31, 0x5D2D, 0x00A0, 0x00A0, 0x656E, 0x7E72,
  0x1282, 0x0A81, 0x3C28, 0xAF98, 0x11C2, 0x0060, 0x00A0, 0x548C, 0x3C08, 0x0A62, 0x1AC3, 0x96F4,
  0x5CEC, 0x00A0, 0x0080, 0x43E9, 0x9F36, 0x0AA2, 0x0260, 0x1282, 0x11E3, 0x0040, 0x0040, 0x0020,
  0x0020, 0x0000, 0x0000, 0x0000, 0x0000, 0x0000, 0x0000, 0x0000, 0x0020, 0x0020, 0x0020, 0x0020,
  0x0020, 0x0020, 0x0020, 0x0000, 0x0000, 0x0000, 0x0000, 0x0000, 0x0000, 0x0000, 0x0000, 0x0000,
  0x0000, 0x0000, 0x0000, 0x0000, 0x0000, 0x0000, 0x0000, 0x0000, 0x0000, 0x0000, 0x0000, 0x0000,
  0x0000, 0x0000, 0x0000, 0x0000, 0x0000, 0x0000, 0x0000, 0x0000, 0x0000, 0x0000, 0x0000, 0x0000,
  0x0000, 0x0000, 0x0000, 0x0000, 0x0000, 0x0000, 0x0000, 0x0000, 0x0000, 0x0020, 0x0000, 0x0000,
  0x0000, 0x0000, 0x0020, 0x0020, 0x0040, 0x0080, 0x0060, 0x6D6F, 0x5D0C, 0x00A0, 0x0100, 0x00E0,
  0x0080, 0x00C0, 0x0080, 0x1223, 0xA7B8, 0x7631, 0x652F, 0x19C3, 0x0020, 0x654E, 0x6D6F, 0x00A0,
  0x00A0, 0x1203, 0x75F0, 0x656E, 0x6D8E, 0xA756, 0x2B46, 0x00A0, 0x00A0, 0x4C0A, 0x9F56, 0x658E,
  0x656E, 0xA756, 0x5D2D, 0x00E0, 0x0100, 0x2B46, 0x9F76, 0x6DCF, 0x654E, 0x9715, 0x4C4B, 0x0060,
  0x0060, 0x0040, 0x0040, 0x0060, 0x0080, 0x01A0, 0xA777, 0x7E72, 0x654E, 0x7E11, 0x9F15, 0x1202,
  0x00C0, 0x0100, 0x75D0, 0x8ED3, 0x5D2D, 0x7DF1, 0x8EB4, 0x09A1, 0x00E0, 0x0100, 0x8E73, 0x9715,
  0x6D90, 0x3327, 0x0020, 0x0040, 0x0040, 0x0040, 0x0040, 0x0080, 0x0040, 0x4C2A, 0x7631, 0x0AE1,
  0xA797, 0x1242, 0x00E0, 0x00E0, 0x0080, 0x6D90, 0x9756, 0x75B0, 0x43C9, 0x0060, 0x3367, 0xA736,
  0x9ED5, 0x6D6F, 0x2AE6, 0x00A0, 0x0180, 0x8EB4, 0x9EF5, 0x65AF, 0x75D0, 0x9F36, 0x1243, 0x00E0,
  0x00C0, 0x7E31, 0x442A, 0x0080, 0x00C0, 0x8E73, 0x3B48, 0x0040, 0x0080, 0x650E, 0x9F56, 0x6DB0,
  0x43E9, 0x0060, 0x0060, 0x0040, 0x0040, 0x0060, 0x0040, 0x1A43, 0x9715, 0x0160, 0x0080, 0x0080,
  0x0060, 0x0080, 0x0000, 0x652E, 0x5CED, 0x0040, 0x0060, 0x33A8, 0xB7DA, 0x7610, 0x652E, 0x0981,
  0x00C0, 0x3BE9, 0x75D0, 0x54CC, 0x7E11, 0x7E11, 0x0100, 0x0080, 0x0060, 0x0040, 0x0040, 0x0060,
  0x0080, 0x652E, 0x8EB4, 0x5D2D, 0x7E31, 0x8EB4, 0x09A1, 0x00E0, 0x1222, 0xB799, 0x7E51, 0x6D8F,
  0x9F57, 0x7E51, 0x6D8F, 0xAF98, 0x3BA8, 0x0040, 0x0080, 0x0040, 0x0040, 0x0040, 0x0080, 0x00A0,
  0x0160, 0x96F5, 0x22C4, 0x0080, 0x0080, 0x0140, 0x9715, 0x1AE3, 0x00E0, 0x00E0, 0x2B66, 0x96F4,
  0x0120, 0x00A0, 0x00A0, 0x00C0, 0x09A1, 0x9756, 0x22E5, 0x0080, 0x0060, 0x22A5, 0x8F13, 0x0160,
  0x0120, 0x00E0, 0x5D2C, 0x6D90, 0x0060, 0x00C0, 0x8673, 0x33C8, 0x0080, 0x00C0, 0x3C69, 0x8632,
  0x00A0, 0x00A0, 0x0080, 0x00A0, 0x0140, 0x9715, 0x2AC6, 0x0040, 0x0080, 0x00A0, 0x0080, 0x00E0,
  0x0120, 0x00C0, 0x6DF0, 0x5D2D, 0x0060, 0x00C0, 0x7E31, 0x44A9, 0x0100, 0x0120, 0x01C0, 0x9735,
  0x2264, 0x0040, 0x00C0, 0x00A0, 0x0120, 0x0140, 0x0100, 0x7671, 0x54AC, 0x0040, 0x0060, 0x5CCC,
  0x7630, 0x3BE8, 0x548B, 0x3BA8, 0x0160, 0x00C0, 0x0060, 0x0020, 0x0020, 0x0020, 0x0000, 0x0000,
  0x0000, 0x0000, 0x0000, 0x0000, 0x0000, 0x0000, 0x0000, 0x0000, 0x0000, 0x0000, 0x0000, 0x0000,
  0x0020, 0x0000, 0x0000, 0x0000, 0x0000, 0x0000, 0x0000, 0x0000, 0x0000, 0x0000, 0x0000, 0x0000,
  0x0000, 0x0000, 0x0000, 0x0000, 0x0000, 0x0000, 0x0000, 0x0000, 0x0000, 0x0000, 0x0000, 0x0000,
  0x0000, 0x0000, 0x0000, 0x0000, 0x0000, 0x0000, 0x0000, 0x0000, 0x0080, 0x2A85, 0x2AA6, 0x2AA6,
  0x2AC6, 0x2AE6, 0x2AA6, 0x2A86, 0x08C1, 0x0000, 0x0020, 0x0000, 0x0000, 0x0000, 0x0020, 0x0020,
  0x0040, 0x0080, 0x00A0, 0x6D8F, 0x654E, 0x0080, 0x00C0, 0x00C0, 0x00C0, 0x00C0, 0x00C0, 0x1283,
  0x9F36, 0x09C1, 0x0060, 0x00C0, 0x0040, 0x5D0D, 0x652E, 0x0060, 0x0120, 0x0160, 0x0A81, 0x1B44,
  0x0AE2, 0x7E52, 0x5CCC, 0x0040, 0x0080, 0x7E11, 0x54AB, 0x0100, 0x00E0, 0x5D2D, 0x652E, 0x0080,
  0x00A0, 0x656E, 0x7611, 0x0100, 0x00A0, 0x3BE8, 0x8E93, 0x0080, 0x0080, 0x0040, 0x0040, 0x0060,
  0x00A0, 0x01C0, 0x9F16, 0x1B04, 0x0100, 0x0140, 0x8EF4, 0x3327, 0x0020, 0x09A1, 0xA777, 0x12A2,
  0x00E0, 0x00E0, 0x8ED4, 0x3347, 0x0080, 0x00E0, 0x8652, 0x4409, 0x0060, 0x0080, 0x0060, 0x0020,
  0x0020, 0x0040, 0x0060, 0x00A0, 0x0140, 0x8ED3, 0x2BC6, 0x0100, 0x6E30, 0x54AC, 0x0060, 0x00E0,
  0x00A0, 0x75F0, 0x548C, 0x0020, 0x0080, 0x00E0, 0x00A0, 0x656E, 0x5D2C, 0x00A0, 0x00C0, 0x0100,
  0x0120, 0x8EB4, 0x3BE8, 0x0080, 0x00A0, 0x86B3, 0x3BA8, 0x00C0, 0x0100, 0x7611, 0x4429, 0x00A0,
  0x00E0, 0x8652, 0x3B68, 0x00A0, 0x00E0, 0x6D6F, 0x650D, 0x0020, 0x0060, 0x0060, 0x0040, 0x0040,
  0x0040, 0x0060, 0x0060, 0x1A64, 0x9715, 0x0140, 0x0080, 0x0080, 0x0060, 0x0080, 0x0080, 0x6D6F,
  0x654D, 0x00E0, 0x00E0, 0x3BE8, 0x96B4, 0x0100, 0x0080, 0x00E0, 0x00E0, 0x0160, 0x1283, 0x1283,
  0x2365, 0x9735, 0x09E2, 0x00A0, 0x0080, 0x0060, 0x0060, 0x0080, 0x0100, 0x96F5, 0x2BE6, 0x0240,
  0x0AC1, 0x9F77, 0x22C5, 0x00A0, 0x1262, 0xA736, 0x0A61, 0x00C0, 0x8693, 0x3C07, 0x00E0, 0x65AE,
  0x650E, 0x0020, 0x0080, 0x0040, 0x0040, 0x0060, 0x0080, 0x00A0, 0x01A0, 0x9715, 0x22C4, 0x0080,
  0x00C0, 0x01A0, 0x9F15, 0x2B25, 0x00C0, 0x00E0, 0x3BC8, 0x9EF5, 0x0180, 0x00C0, 0x00A0, 0x0060,
  0x54EC, 0x6DF0, 0x0080, 0x00C0, 0x0080, 0x22E5, 0x9F35, 0x01A0, 0x0100, 0x00E0, 0x656E, 0x75B0,
  0x0100, 0x0100, 0x656E, 0x96D4, 0x3BE8, 0x3C09, 0x9ED5, 0x7E11, 0x0120, 0x00E0, 0x00C0, 0x0040,
  0x4C6B, 0x6DF0, 0x0060, 0x00A0, 0x0080, 0x0080, 0x00A0, 0x00A0, 0x01C0, 0x7610, 0x8EB4, 0x0982,
  0x00C0, 0x0120, 0x7E31, 0x54CB, 0x00E0, 0x0100, 0x0A01, 0xA756, 0x22C4, 0x00A0, 0x00C0, 0x00E0,
  0x00C0, 0x01E1, 0x7E31, 0x8EB3, 0x0961, 0x00C0, 0x00C0, 0x54CC, 0xB7B8, 0x6DEF, 0x75AF, 0x9EF5,
  0x6DAF, 0x00E0, 0x0060, 0x0040, 0x0020, 0x0020, 0x0000, 0x0000, 0x0000, 0x0000, 0x0000, 0x0080,
  0x2A65, 0x2A85, 0x2AA6, 0x2AC6, 0x2AC6, 0x2AA6, 0x2AA7, 0x08E1, 0x0000, 0x0020, 0x0000, 0x0000,
  0x0000, 0x0000, 0x0000, 0x0000, 0x0000, 0x0000, 0x0000, 0x0000, 0x0000, 0x0000, 0x0000, 0x0000,
  0x0000, 0x0000, 0x0000, 0x0000, 0x0000, 0x0000, 0x0000, 0x0000, 0x0000, 0x0000, 0x0000, 0x0000,
  0x0000, 0x0000, 0x0000, 0x0000, 0x08E1, 0x544B, 0x548C, 0x54AC, 0x54AC, 0x548C, 0x546B, 0x546B,
  0x1162, 0x0000, 0x0020, 0x0000, 0x0000, 0x0000, 0x0020, 0x0020, 0x0040, 0x0080, 0x0080, 0x758F,
  0x650D, 0x00A0, 0x00C0, 0x00A0, 0x0020, 0x0060, 0x00C0, 0x1AC4, 0x96D4, 0x0140, 0x00C0, 0x00E0,
  0x00A0, 0x5D4E, 0x650E, 0x0040, 0x00E0, 0x33A7, 0x9F36, 0x7E11, 0x6DCF, 0xA736, 0x54AB, 0x0080,
  0x00E0, 0x75F0, 0x4C6B, 0x0120, 0x0100, 0x5D2D, 0x654E, 0x00A0, 0x0080, 0x550C, 0x656E, 0x00E0,
  0x0100, 0x3BE8, 0x8E73, 0x00E0, 0x0080, 0x0040, 0x0060, 0x0060, 0x0080, 0x01C0, 0x9F15, 0x1AC3,
  0x0120, 0x0160, 0x86B3, 0x3326, 0x0060, 0x09C1, 0x96F5, 0x1A63, 0x0140, 0x01A0, 0x8EB3, 0x3367,
  0x0060, 0x0080, 0x7E51, 0x3B87, 0x0080, 0x0080, 0x0040, 0x0040, 0x0020, 0x0040, 0x0060, 0x00C0,
  0x2345, 0xBFFA, 0x762F, 0x65AE, 0x86F3, 0x9715, 0x0120, 0x0100, 0x0100, 0x7611, 0x4C2A, 0x0060,
  0x00C0, 0x00E0, 0x0100, 0x6D8F, 0x5D0C, 0x00A0, 0x00E0, 0x00C0, 0x00C0, 0x8693, 0x2B66, 0x00A0,
  0x0140, 0x8693, 0x3BA8, 0x00C0, 0x00A0, 0x75D0, 0x3C09, 0x0060, 0x00A0, 0x7E31, 0x3B88, 0x00C0,
  0x0100, 0x75B0, 0x5CAB, 0x00A0, 0x0080, 0x0040, 0x0040, 0x0020, 0x0040, 0x0060, 0x0060, 0x1A64,
  0x9F36, 0x09C1, 0x00A0, 0x0080, 0x0080, 0x00C0, 0x00C0, 0x656E, 0x5CED, 0x00C0, 0x00E0, 0x3C08,
  0x8652, 0x0100, 0x0100, 0x00A0, 0x00A0, 0x6D6F, 0x96D5, 0x7611, 0x7E51, 0x9714, 0x09A1, 0x0080,
  0x0080, 0x0060, 0x0060, 0x0080, 0x0100, 0x8E94, 0x8ED3, 0x7E51, 0x7631, 0x7E51, 0x1242, 0x0100,
  0x1263, 0x96F5, 0x09E1, 0x0120, 0x8EB3, 0x3C28, 0x0100, 0x6DAF, 0x64ED, 0x0040, 0x0080, 0x0040,
  0x0040, 0x0060, 0x0080, 0x0080, 0x0140, 0x8EF4, 0x2284, 0x0080, 0x00E0, 0x01E0, 0x9F36, 0x22C4,
  0x00C0, 0x00C0, 0x3367, 0x96F5, 0x0140, 0x00C0, 0x0080, 0x09A2, 0x8F35, 0x1243, 0x00A0, 0x00C0,
  0x00C0, 0x2B25, 0x96F4, 0x0160, 0x00E0, 0x0080, 0x650D, 0x75D0, 0x00E0, 0x0140, 0x01C0, 0x54AB,
  0x65AF, 0x5D2D, 0x7E31, 0x7E11, 0x00E0, 0x00C0, 0x0080, 0x0961, 0x8F15, 0x1A83, 0x00A0, 0x00A0,
  0x0080, 0x00A0, 0x0040, 0x1A44, 0x9715, 0x6D8F, 0x0120, 0x00C0, 0x0100, 0x0100, 0x7630, 0x4C6A,
  0x00C0, 0x0100, 0x01E1, 0xA756, 0x22E5, 0x00C0, 0x0100, 0x0080, 0x1A64, 0x9F35, 0x6D8F, 0x0160,
  0x00C0, 0x0100, 0x00C0, 0x654E, 0x75CF, 0x0100, 0x00E0, 0x12C3, 0x9715, 0x0100, 0x0040, 0x0040,
  0x0020, 0x0020, 0x0000, 0x0000, 0x0000, 0x0000, 0x0000, 0x08E1, 0x544B, 0x546B, 0x548C, 0x5CCC,
  0x54AC, 0x546B, 0x5C8D, 0x1983, 0x0000, 0x0020, 0x0000, 0x0000, 0x0000, 0x0000, 0x0000, 0x0000,
  0x0000, 0x0000, 0x0000, 0x0000, 0x0000, 0x0000, 0x0000, 0x0000, 0x0000, 0x0000, 0x0000, 0x0000,
  0x0000, 0x0000, 0x0000, 0x0000, 0x0000, 0x0000, 0x0000, 0x0000, 0x0000, 0x0000, 0x0000, 0x0000,
  0x0020, 0x0000, 0x0000, 0x0020, 0x0020, 0x0000, 0x0000, 0x0000, 0x0020, 0x0020, 0x0000, 0x0000,
  0x0000, 0x0000, 0x0020, 0x0020, 0x0040, 0x0080, 0x0060, 0x6D4F, 0x8652, 0x0120, 0x00E0, 0x00C0,
  0x3347, 0x11C3, 0x0060, 0x1AA4, 0x9EF5, 0x0160, 0x0080, 0x00A0, 0x0080, 0x654E, 0x6D2E, 0x0080,
  0x00C0, 0x75D1, 0x6D8F, 0x00E0, 0x0140, 0x8632, 0x652D, 0x0100, 0x0100, 0x7611, 0x54AC, 0x0080,
  0x0100, 0x75B0, 0x6D8F, 0x0100, 0x0080, 0x5CED, 0x75F0, 0x00C0, 0x00C0, 0x4C4A, 0x8EB4, 0x00C0,
  0x0080, 0x0060, 0x0060, 0x0060, 0x0080, 0x0180, 0x9715, 0x2305, 0x00A0, 0x01A0, 0xA756, 0x3387,
  0x00C0, 0x09C1, 0xA757, 0x1AA4, 0x0120, 0x01C0, 0x9F56, 0x3347, 0x0060, 0x00A0, 0x7E52, 0x3B68,
  0x0020, 0x0060, 0x0040, 0x0040, 0x0040, 0x0040, 0x0080, 0x0080, 0x75D0, 0x7DD1, 0x43C9, 0x442A,
  0x3BE8, 0x9F35, 0x33A7, 0x00E0, 0x00C0, 0x75F0, 0x4C6B, 0x0080, 0x00C0, 0x00C0, 0x0060, 0x654E,
  0x5D2D, 0x0040, 0x00E0, 0x0100, 0x0100, 0x8693, 0x3367, 0x00A0, 0x0140, 0x8EB3, 0x3BA8, 0x0080,
  0x0060, 0x7E11, 0x4C8A, 0x0060, 0x0160, 0x96D5, 0x3BA8, 0x00C0, 0x00A0, 0x6D6F, 0x54AC, 0x0040,
  0x0060, 0x0040, 0x0020, 0x0020, 0x0040, 0x0040, 0x0060, 0x1A64, 0x9F36, 0x01E0, 0x00E0, 0x00C0,
  0x00A0, 0x00E0, 0x00A0, 0x654E, 0x5CED, 0x00A0, 0x0080, 0x3BA8, 0x7E31, 0x00A0, 0x00C0, 0x0060,
  0x0141, 0xAF97, 0x1343, 0x0180, 0x1B63, 0x9F35, 0x0962, 0x0040, 0x0060, 0x0040, 0x0060, 0x0080,
  0x0100, 0x96F5, 0x2BA6, 0x0160, 0x0180, 0x09E1, 0x0100, 0x00E0, 0x1242, 0x96F5, 0x09E1, 0x0100,
  0x8EB3, 0x3BC8, 0x0060, 0x6D6F, 0x650E, 0x0040, 0x0060, 0x0040, 0x0060, 0x0060, 0x0060, 0x00A0,
  0x01A0, 0x8EF4, 0x1A83, 0x00E0, 0x0100, 0x0140, 0x9F36, 0x3BE8, 0x0140, 0x0140, 0x4C6A, 0x96D4,
  0x00C0, 0x00E0, 0x0080, 0x656F, 0x5D0D, 0x0080, 0x00C0, 0x00A0, 0x00A0, 0x1A64, 0x9F76, 0x0A41,
  0x0100, 0x00E0, 0x7E11, 0x6D4F, 0x0040, 0x00E0, 0x0180, 0x0180, 0x0140, 0x00E0, 0x656E, 0x75D0,
  0x0040, 0x00A0, 0x0040, 0x652E, 0x658F, 0x00A0, 0x00C0, 0x0060, 0x0080, 0x0060, 0x2B06, 0x9F56,
  0x33E8, 0x0080, 0x0100, 0x0120, 0x0140, 0x00C0, 0x75F0, 0x656E, 0x0140, 0x0180, 0x12A2, 0xA797,
  0x1A23, 0x00A0, 0x0100, 0x2B46, 0x9F35, 0x3BE8, 0x00E0, 0x0140, 0x0100, 0x0100, 0x00A0, 0x5D0D,
  0x8E52, 0x0120, 0x0100, 0x2B66, 0x9F15, 0x0100, 0x0040, 0x0040, 0x0020, 0x0020, 0x0000, 0x0000,
  0x0000, 0x0000, 0x0020, 0x0020, 0x0000, 0x0000, 0x0020, 0x0020, 0x0020, 0x0000, 0x0000, 0x0020,
  0x0020, 0x0000, 0x0000, 0x0000, 0x0000, 0x0000, 0x0000, 0x0000, 0x0000, 0x0000, 0x0000, 0x0000,
  0x0000, 0x0000, 0x0000, 0x0000, 0x0000, 0x0000, 0x0000, 0x0000, 0x0000, 0x0000, 0x0000, 0x0000,
  0x0000, 0x0000, 0x0000, 0x0000, 0x0000, 0x0000, 0x0000, 0x0000, 0x0020, 0x0040, 0x0040, 0x0040,
  0x0040, 0x0040, 0x0040, 0x0040, 0x0020, 0x0000, 0x0000, 0x0000, 0x0000, 0x0000, 0x0000, 0x0020,
  0x0020, 0x0060, 0x0080, 0x1223, 0x96B4, 0x8EB3, 0x8652, 0x8693, 0x86D3, 0x11C3, 0x0020, 0x1A64,
  0x96F5, 0x0140, 0x0080, 0x0080, 0x0000, 0x5D0E, 0x654F, 0x0060, 0x00A0, 0x3347, 0x9735, 0x7E51,
  0x7651, 0xAF77, 0x54CC, 0x00E0, 0x00C0, 0x3347, 0x9F36, 0x7631, 0x6DCF, 0x9F16, 0x650D, 0x00C0,
  0x00C0, 0x1A84, 0x9735, 0x8E93, 0x7E52, 0x9735, 0x3BA9, 0x0060, 0x0080, 0x0060, 0x0060, 0x0060,
  0x00A0, 0x0180, 0x96F4, 0x8692, 0x7611, 0x7E92, 0x7E52, 0x09C1, 0x00E0, 0x00E0, 0x652E, 0xA736,
  0x7631, 0x8693, 0x8632, 0x0961, 0x00C0, 0x00C0, 0x8652, 0x3B48, 0x0000, 0x0040, 0x0020, 0x0020,
  0x0020, 0x0040, 0x0020, 0x11A2, 0x9736, 0x09E2, 0x0020, 0x0060, 0x0040, 0x4C6B, 0x7E31, 0x0080,
  0x0020, 0x6DB0, 0x444A, 0x0060, 0x00A0, 0x0080, 0x0040, 0x2AC6, 0x8F15, 0x6E10, 0x2B26, 0x0080,
  0x00E0, 0x8EB3, 0x3367, 0x00A0, 0x00E0, 0x7E72, 0x3B48, 0x0020, 0x00A0, 0x3BC8, 0x9F35, 0x7E31,
  0x7631, 0xAF77, 0x3367, 0x00A0, 0x0020, 0x5D2E, 0x4C2A, 0x0000, 0x0060, 0x0020, 0x0020, 0x0020,
  0x0020, 0x0040, 0x0040, 0x1203, 0xAF98, 0x8692, 0x8672, 0x8E93, 0x6D8F, 0x00E0, 0x0020, 0x656F,
  0x5CED, 0x0060, 0x0040, 0x3388, 0x7E32, 0x0040, 0x0080, 0x0080, 0x00C0, 0x7590, 0x96F5, 0x7651,
  0x86B3, 0x96F5, 0x0961, 0x0040, 0x0040, 0x0040, 0x0040, 0x0080, 0x00C0, 0x5CCC, 0x9F36, 0x6E10,
  0x7E72, 0x656F, 0x00A0, 0x0080, 0x1203, 0x9715, 0x0A22, 0x00E0, 0x7E52, 0x3307, 0x0000, 0x6D6F,
  0x650E, 0x0000, 0x0060, 0x0040, 0x0040, 0x0040, 0x0020, 0x3347, 0x8693, 0xA797, 0x8ED4, 0x3BE9,
  0x00A0, 0x0080, 0x43C9, 0xAF57, 0x9693, 0x8E93, 0x9F36, 0x3347, 0x0080, 0x0080, 0x22C5, 0x9715,
  0x0941, 0x0060, 0x0060, 0x0060, 0x0080, 0x0080, 0x64ED, 0x9F35, 0x8652, 0x8693, 0x86B4, 0x11E3,
  0x0080, 0x0060, 0x2AC6, 0x96F5, 0x8E93, 0x8ED4, 0x9715, 0x1A64, 0x0080, 0x0040, 0x11C3, 0x9715,
  0x1182, 0x0060, 0x0060, 0x0040, 0x0080, 0x00C0, 0x96B5, 0xB798, 0x6DEF, 0x7E52, 0x8E74, 0x54AC,
  0x0100, 0x00C0, 0x2285, 0x96F5, 0x8692, 0x8672, 0x9F35, 0x5D0D, 0x00C0, 0x00A0, 0x0100, 0x9EF6,
  0xBFB9, 0x7E31, 0x7E52, 0x8E94, 0x4C6B, 0x00C0, 0x00C0, 0x1243, 0x96D4, 0x8EB4, 0x7E52, 0x9735,
  0x546B, 0x0080, 0x0060, 0x0040, 0x0020, 0x0020, 0x0000, 0x0000, 0x0000, 0x0000, 0x0000, 0x0000,
  0x0020, 0x0040, 0x0040, 0x0040, 0x0040, 0x0040, 0x0040, 0x0020, 0x0000, 0x0000, 0x0000, 0x0000,
  0x0000, 0x0000, 0x0000, 0x0000, 0x0000, 0x0000, 0x0000, 0x0000, 0x0000, 0x0000, 0x0000, 0x0000,
  0x0000, 0x0000, 0x0000, 0x0000, 0x0000, 0x0000, 0x0000, 0x0000, 0x0000, 0x0000, 0x0000, 0x0000,
  0x0000, 0x0000, 0x0000, 0x0000, 0x0000, 0x0000, 0x0020, 0x0020, 0x0020, 0x0020, 0x0020, 0x0020,
  0x0000, 0x0000, 0x0000, 0x0000, 0x0000, 0x0000, 0x0000, 0x0020, 0x0020, 0x0040, 0x0060, 0x0060,
  0x0120, 0x22A5, 0x22C5, 0x2285, 0x0100, 0x0060, 0x0060, 0x00E0, 0x1A03, 0x00A0, 0x0060, 0x0040,
  0x0060, 0x1182, 0x11A2, 0x0060, 0x0080, 0x00A0, 0x1223, 0x2B06, 0x1A84, 0x09E2, 0x09C2, 0x00A0,
  0x00A0, 0x00A0, 0x1223, 0x2B06, 0x1A44, 0x09A1, 0x09A2, 0x00A0, 0x00C0, 0x00C0, 0x09E1, 0x2B06,
  0x2AE6, 0x11E2, 0x0060, 0x0060, 0x0040, 0x0040, 0x0040, 0x0060, 0x0060, 0x0180, 0x8ED4, 0x2365,
  0x22E5, 0x2285, 0x0100, 0x0080, 0x00A0, 0x00C0, 0x0100, 0x1A84, 0x2AC5, 0x2245, 0x00E0, 0x0060,
  0x0080, 0x00C0, 0x11E3, 0x0921, 0x0040, 0x0020, 0x0020, 0x0020, 0x0020, 0x0020, 0x0020, 0x0921,
  0x1203, 0x00C0, 0x00A0, 0x0080, 0x00A0, 0x0100, 0x1A03, 0x0080, 0x0040, 0x11A2, 0x0941, 0x0060,
  0x0060, 0x0040, 0x0060, 0x0080, 0x11C2, 0x2285, 0x0942, 0x0040, 0x0080, 0x1A03, 0x0961, 0x00A0,
  0x00A0, 0x11C3, 0x0901, 0x0040, 0x00A0, 0x00C0, 0x1243, 0x2B06, 0x11E2, 0x09E2, 0x0961, 0x0080,
  0x0040, 0x1142, 0x0921, 0x0040, 0x0020, 0x0020, 0x0020, 0x0020, 0x0020, 0x0040, 0x0040, 0x00C0,
  0x1A24, 0x2AA5, 0x22C5, 0x2AC5, 0x1A44, 0x00A0, 0x0060, 0x11A2, 0x0982, 0x0060, 0x0060, 0x0941,
  0x11C3, 0x0080, 0x0060, 0x0080, 0x0080, 0x0100, 0x2285, 0x2AA6, 0x09A2, 0x09C2, 0x00E0, 0x0060,
  0x0040, 0x0040, 0x0040, 0x0060, 0x0080, 0x00E0, 0x1A64, 0x2AC6, 0x22A5, 0x0141, 0x0080, 0x0060,
  0x00E0, 0x1A23, 0x0120, 0x00A0, 0x11A2, 0x0101, 0x0060, 0x11C2, 0x1182, 0x0040, 0x0040, 0x0020,
  0x0020, 0x0040, 0x0040, 0x0962, 0x2AA6, 0x1A64, 0x22A5, 0x11C2, 0x0080, 0x0080, 0x00A0, 0x1202,
  0x2AE6, 0x22C5, 0x09A2, 0x0080, 0x00A0, 0x0060, 0x11A2, 0x11E3, 0x0040, 0x0040, 0x0040, 0x0040,
  0x0060, 0x0060, 0x00A0, 0x1A64, 0x2AE5, 0x22A5, 0x0100, 0x0060, 0x0080, 0x0080, 0x00E0, 0x1A44,
  0x2AC5, 0x2285, 0x0181, 0x00A0, 0x0080, 0x0040, 0x0942, 0x11C3, 0x0040, 0x0040, 0x0040, 0x0040,
  0x0060, 0x00C0, 0x1203, 0x2285, 0x22A5, 0x22C5, 0x2AC6, 0x1A03, 0x00A0, 0x0080, 0x0080, 0x0181,
  0x22C5, 0x2AE5, 0x1A64, 0x00E0, 0x00A0, 0x0080, 0x00A0, 0x1A23, 0x2AE5, 0x2B06, 0x22A5, 0x22A5,
  0x1203, 0x00A0, 0x0080, 0x0080, 0x0181, 0x2AE5, 0x22E5, 0x1203, 0x0080, 0x0060, 0x0040, 0x0020,
  0x0020, 0x0000, 0x0000, 0x0000, 0x0000, 0x0000, 0x0000, 0x0000, 0x0000, 0x0020, 0x0020, 0x0020,
  0x0020, 0x0020, 0x0020, 0x0000, 0x0000, 0x0000, 0x0000, 0x0000, 0x0000, 0x0000, 0x0000, 0x0000,
  0x0000, 0x0000, 0x0000, 0x0000, 0x0000, 0x0000, 0x0000, 0x0000, 0x0000, 0x0000, 0x0000, 0x0000,
  0x0000, 0x0000, 0x0000, 0x0000, 0x0000, 0x0000, 0x0000, 0x0000, 0x0000, 0x0000, 0x0000, 0x0000,
  0x0000, 0x0000, 0x0000, 0x0000, 0x0000, 0x0000, 0x0000, 0x0000, 0x0000, 0x0000, 0x0000, 0x0000,
  0x0000, 0x0000, 0x0000, 0x0000, 0x0020, 0x0020, 0x0040, 0x0060, 0x0060, 0x0040, 0x0040, 0x0040,
  0x0060, 0x0060, 0x0040, 0x0040, 0x0020, 0x0040, 0x0040, 0x0040, 0x0040, 0x0020, 0x0020, 0x0060,
  0x0060, 0x0080, 0x0060, 0x0040, 0x0060, 0x0060, 0x0060, 0x0060, 0x0060, 0x0080, 0x0060, 0x0040,
  0x0060, 0x0060, 0x0040, 0x0060, 0x0060, 0x0080, 0x0080, 0x0060, 0x0040, 0x0060, 0x0060, 0x0040,
  0x0040, 0x0040, 0x0040, 0x0040, 0x0040, 0x0140, 0x9735, 0x1A83, 0x0060, 0x0040, 0x0060, 0x0060,
  0x0060, 0x0060, 0x0080, 0x0040, 0x0040, 0x0040, 0x0060, 0x0060, 0x0040, 0x0060, 0x0020, 0x0020,
  0x0020, 0x0020, 0x0020, 0x0020, 0x0020, 0x0020, 0x0020, 0x0020, 0x0020, 0x0060, 0x0040, 0x0040,
  0x0060, 0x0060, 0x0020, 0x0060, 0x0060, 0x0020, 0x0020, 0x0040, 0x0040, 0x0040, 0x0040, 0x0060,
  0x0040, 0x0020, 0x0040, 0x0040, 0x0060, 0x0020, 0x0040, 0x0060, 0x0060, 0x0020, 0x0040, 0x0040,
  0x0040, 0x0080, 0x0060, 0x0060, 0x0080, 0x0060, 0x0040, 0x0040, 0x0040, 0x0020, 0x0020, 0x0040,
  0x0020, 0x0020, 0x0020, 0x0020, 0x0020, 0x0020, 0x0020, 0x0040, 0x0020, 0x0020, 0x0040, 0x0020,
  0x0020, 0x0060, 0x0040, 0x0020, 0x0020, 0x0040, 0x0040, 0x0040, 0x0020, 0x0040, 0x0040, 0x0040,
  0x0060, 0x0060, 0x0040, 0x0020, 0x0060, 0x0040, 0x0040, 0x0040, 0x0020, 0x0020, 0x0020, 0x0040,
  0x0040, 0x0060, 0x0040, 0x0020, 0x0040, 0x0060, 0x0060, 0x0040, 0x0040, 0x0040, 0x0060, 0x0060,
  0x0040, 0x0040, 0x0060, 0x0020, 0x0020, 0x0040, 0x0020, 0x0020, 0x0020, 0x0020, 0x0040, 0x0020,
  0x0020, 0x0040, 0x0040, 0x0040, 0x0060, 0x0060, 0x0080, 0x0060, 0x0040, 0x0040, 0x0060, 0x0080,
  0x0040, 0x0060, 0x0020, 0x0020, 0x0040, 0x0020, 0x0020, 0x0040, 0x0040, 0x0040, 0x0080, 0x0040,
  0x0040, 0x0040, 0x0060, 0x0060, 0x0060, 0x0060, 0x0060, 0x0040, 0x0040, 0x0040, 0x0060, 0x0060,
  0x0040, 0x0040, 0x0020, 0x0000, 0x0040, 0x0020, 0x0020, 0x0040, 0x0040, 0x0040, 0x0040, 0x0040,
  0x0060, 0x0060, 0x0040, 0x0040, 0x0060, 0x0040, 0x0080, 0x0080, 0x0040, 0x0060, 0x0060, 0x0080,
  0x0060, 0x0060, 0x0060, 0x0040, 0x0060, 0x0060, 0x0040, 0x0040, 0x0040, 0x0060, 0x0060, 0x0060,
  0x0060, 0x0040, 0x0060, 0x0040, 0x0060, 0x0040, 0x0020, 0x0020, 0x0020, 0x0000, 0x0000, 0x0000,
  0x0000, 0x0000, 0x0000, 0x0000, 0x0000, 0x0000, 0x0000, 0x0000, 0x0000, 0x0000, 0x0000, 0x0000,
  0x0000, 0x0000, 0x0000, 0x0000, 0x0000, 0x0000, 0x0000, 0x0000, 0x0000, 0x0000, 0x0000, 0x0000,
  0x0000, 0x0000, 0x0000, 0x0000, 0x0000, 0x0000, 0x0000, 0x0000, 0x0000, 0x0000, 0x0000, 0x0000,
  0x0000, 0x0000, 0x0000, 0x0000, 0x0000, 0x0000, 0x0000, 0x0000, 0x0000, 0x0000, 0x0000, 0x0000,
  0x0000, 0x0000, 0x0000, 0x0000, 0x0000, 0x0000, 0x0000, 0x0000, 0x0000, 0x0000, 0x0000, 0x0000,
  0x0000, 0x0020, 0x0020, 0x0040, 0x0040, 0x0040, 0x0040, 0x0040, 0x0040, 0x0040, 0x0020, 0x0020,
  0x0040, 0x0020, 0x0020, 0x0020, 0x0020, 0x0040, 0x0040, 0x0040, 0x0040, 0x0040, 0x0040, 0x0060,
  0x0060, 0x0040, 0x0040, 0x0040, 0x0040, 0x0040, 0x0040, 0x0060, 0x0060, 0x0060, 0x0060, 0x0040,
  0x0040, 0x0040, 0x0040, 0x0040, 0x0040, 0x0040, 0x0040, 0x0020, 0x0020, 0x0020, 0x0020, 0x0040,
  0x0040, 0x00C0, 0x2285, 0x0121, 0x0060, 0x0060, 0x0060, 0x0040, 0x0040, 0x0040, 0x0040, 0x0040,
  0x0040, 0x0040, 0x0040, 0x0040, 0x0040, 0x0020, 0x0020, 0x0020, 0x0020, 0x0020, 0x0000, 0x0000,
  0x0000, 0x0000, 0x0020, 0x0020, 0x0020, 0x0020, 0x0020, 0x0020, 0x0020, 0x0020, 0x0040, 0x0020,
  0x0020, 0x0020, 0x0020, 0x0020, 0x0020, 0x0020, 0x0040, 0x0020, 0x0040, 0x0040, 0x0040, 0x0040,
  0x0020, 0x0040, 0x0040, 0x0020, 0x0040, 0x0040, 0x0040, 0x0040, 0x0040, 0x0040, 0x0040, 0x0040,
  0x0040, 0x0040, 0x0040, 0x0040, 0x0020, 0x0040, 0x0020, 0x0020, 0x0000, 0x0000, 0x0000, 0x0000,
  0x0000, 0x0020, 0x0020, 0x0020, 0x0040, 0x0040, 0x0040, 0x0040, 0x0040, 0x0040, 0x0020, 0x0040,
  0x0020, 0x0020, 0x0020, 0x0020, 0x0040, 0x0020, 0x0020, 0x0020, 0x0040, 0x0040, 0x0040, 0x0040,
  0x0040, 0x0040, 0x0020, 0x0020, 0x0020, 0x0020, 0x0020, 0x0020, 0x0020, 0x0040, 0x0040, 0x0040,
  0x0040, 0x0040, 0x0020, 0x0040, 0x0040, 0x0040, 0x0040, 0x0040, 0x0040, 0x0040, 0x0020, 0x0020,
  0x0020, 0x0020, 0x0020, 0x0020, 0x0020, 0x0020, 0x0020, 0x0020, 0x0040, 0x0040, 0x0040, 0x0040,
  0x0040, 0x0040, 0x0040, 0x0040, 0x0060, 0x0060, 0x0040, 0x0040, 0x0040, 0x0040, 0x0040, 0x0040,
  0x0020, 0x0020, 0x0020, 0x0020, 0x0020, 0x0040, 0x0040, 0x0040, 0x0040, 0x0040, 0x0040, 0x0040,
  0x0040, 0x0040, 0x0040, 0x0040, 0x0040, 0x0040, 0x0040, 0x0040, 0x0020, 0x0020, 0x0020, 0x0020,
  0x0020, 0x0020, 0x0020, 0x0020, 0x0020, 0x0020, 0x0040, 0x0040, 0x0040, 0x0040, 0x0040, 0x0040,
  0x0040, 0x0040, 0x0040, 0x0040, 0x0060, 0x0060, 0x0060, 0x0040, 0x0040, 0x0040, 0x0040, 0x0040,
  0x0060, 0x0060, 0x0060, 0x0040, 0x0040, 0x0040, 0x0040, 0x0040, 0x0040, 0x0040, 0x0040, 0x0040,
  0x0040, 0x0020, 0x0020, 0x0020, 0x0000, 0x0000, 0x0000, 0x0000, 0x0000, 0x0000, 0x0000, 0x0000,
  0x0000, 0x0000, 0x0000, 0x0000, 0x0000, 0x0000, 0x0000, 0x0000, 0x0000, 0x0000, 0x0000, 0x0000,
  0x0000, 0x0000, 0x0000, 0x0000, 0x0000, 0x0000, 0x0000, 0x0000, 0x0000, 0x0000, 0x0000, 0x0000,
  0x0000, 0x0000, 0x0000, 0x0000, 0x0000, 0x0000, 0x0000, 0x0000, 0x0000, 0x0000, 0x0000, 0x0000,
  0x0000, 0x0000, 0x0000, 0x0000, 0x0000, 0x0000, 0x0000, 0x0000, 0x0000, 0x0000, 0x0000, 0x0000,
  0x0000, 0x0000, 0x0000, 0x0000, 0x0000, 0x0000, 0x0000, 0x0000, 0x0000, 0x0000, 0x0020, 0x0020,
  0x0020, 0x0020, 0x0020, 0x0020, 0x0020, 0x0020, 0x0020, 0x0020, 0x0020, 0x0020, 0x0020, 0x0020,
  0x0020, 0x0020, 0x0020, 0x0020, 0x0020, 0x0020, 0x0020, 0x0040, 0x0040, 0x0020, 0x0040, 0x0040,
  0x0020, 0x0020, 0x0040, 0x0040, 0x0040, 0x0040, 0x0020, 0x0020, 0x0020, 0x0020, 0x0020, 0x0020,
  0x0020, 0x0020, 0x0020, 0x0020, 0x0020, 0x0020, 0x0020, 0x0020, 0x0020, 0x0040, 0x0000, 0x0040,
  0x0040, 0x0040, 0x0040, 0x0020, 0x0020, 0x0020, 0x0020, 0x0020, 0x0020, 0x0020, 0x0020, 0x0020,
  0x0020, 0x0020, 0x0020, 0x0020, 0x0000, 0x0000, 0x0000, 0x0000, 0x0000, 0x0000, 0x0000, 0x0020,
  0x0020, 0x0020, 0x0020, 0x0020, 0x0020, 0x0020, 0x0020, 0x0020, 0x0020, 0x0020, 0x0020, 0x0020,
  0x0020, 0x0020, 0x0020, 0x0020, 0x0020, 0x0020, 0x0020, 0x0020, 0x0020, 0x0020, 0x0020, 0x0020,
  0x0020, 0x0020, 0x0020, 0x0020, 0x0020, 0x0020, 0x0020, 0x0040, 0x0020, 0x0020, 0x0020, 0x0020,
  0x0020, 0x0020, 0x0020, 0x0000, 0x0000, 0x0000, 0x0000, 0x0000, 0x0000, 0x0000, 0x0020, 0x0020,
  0x0020, 0x0020, 0x0020, 0x0020, 0x0020, 0x0020, 0x0020, 0x0020, 0x0020, 0x0020, 0x0020, 0x0020,
  0x0020, 0x0020, 0x0020, 0x0020, 0x0020, 0x0020, 0x0020, 0x0020, 0x0020, 0x0020, 0x0020, 0x0020,
  0x0020, 0x0000, 0x0020, 0x0020, 0x0020, 0x0020, 0x0020, 0x0020, 0x0020, 0x0020, 0x0020, 0x0020,
  0x0020, 0x0020, 0x0020, 0x0020, 0x0020, 0x0020, 0x0020, 0x0020, 0x0020, 0x0020, 0x0000, 0x0000,
  0x0000, 0x0000, 0x0020, 0x0020, 0x0020, 0x0020, 0x0020, 0x0020, 0x0020, 0x0020, 0x0020, 0x0020,
  0x0020, 0x0020, 0x0020, 0x0020, 0x0020, 0x0020, 0x0020, 0x0020, 0x0020, 0x0020, 0x0020, 0x0020,
  0x0020, 0x0020, 0x0020, 0x0020, 0x0020, 0x0020, 0x0020, 0x0020, 0x0020, 0x0020, 0x0020, 0x0020,
  0x0020, 0x0020, 0x0020, 0x0020, 0x0020, 0x0020, 0x0020, 0x0020, 0x0020, 0x0020, 0x0020, 0x0020,
  0x0020, 0x0020, 0x0020, 0x0020, 0x0020, 0x0020, 0x0020, 0x0020, 0x0020, 0x0020, 0x0020, 0x0040,
  0x0040, 0x0040, 0x0040, 0x0020, 0x0020, 0x0020, 0x0020, 0x0020, 0x0020, 0x0020, 0x0020, 0x0020,
  0x0020, 0x0020, 0x0020, 0x0020, 0x0020, 0x0020, 0x0020, 0x0020, 0x0020, 0x0020, 0x0020, 0x0000,
  0x0000, 0x0000, 0x0000, 0x0000, 0x0000, 0x0000, 0x0000, 0x0000, 0x0000, 0x0000, 0x0000, 0x0000,
  0x0000, 0x0000, 0x0000, 0x0000, 0x0000, 0x0000, 0x0000, 0x0000, 0x0000, 0x0000, 0x0000, 0x0000,
  0x0000, 0x0000, 0x0000, 0x0000, 0x0000, 0x0000, 0x0000, 0x0000, 0x0000, 0x0000, 0x0000, 0x0000,
  0x0000, 0x0000, 0x0000, 0x0000, 0x0000, 0x0000, 0x0000, 0x0000, 0x0000, 0x0000, 0x0000, 0x0000,
  0x0000, 0x0000, 0x0000, 0x0000, 0x0000, 0x0000, 0x0000, 0x0000, 0x0000, 0x0000, 0x0000, 0x0000,
  0x0000, 0x0000, 0x0000, 0x0000, 0x0000, 0x0000, 0x0000, 0x0020, 0x0020, 0x0020, 0x0020, 0x0020,
  0x0020, 0x0020, 0x0000, 0x0000, 0x0020, 0x0000, 0x0000, 0x0000, 0x0000, 0x0000, 0x0000, 0x0020,
  0x0020, 0x0020, 0x0020, 0x0020, 0x0020, 0x0020, 0x0020, 0x0020, 0x0020, 0x0020, 0x0020, 0x0020,
  0x0020, 0x0020, 0x0020, 0x0020, 0x0020, 0x0020, 0x0020, 0x0020, 0x0020, 0x0020, 0x0020, 0x0000,
  0x0000, 0x0000, 0x0000, 0x0020, 0x0020, 0x0020, 0x0040, 0x0020, 0x0020, 0x0020, 0x0020, 0x0020,
  0x0020, 0x0020, 0x0020, 0x0020, 0x0020, 0x0020, 0x0020, 0x0000, 0x0000, 0x0000, 0x0000, 0x0000,
  0x0000, 0x0000, 0x0000, 0x0000, 0x0000, 0x0000, 0x0000, 0x0000, 0x0000, 0x0000, 0x0000, 0x0000,
  0x0000, 0x0020, 0x0020, 0x0000, 0x0000, 0x0000, 0x0000, 0x0000, 0x0000, 0x0000, 0x0000, 0x0020,
  0x0020, 0x0000, 0x0000, 0x0000, 0x0000, 0x0000, 0x0000, 0x0000, 0x0000, 0x0020, 0x0020, 0x0020,
  0x0020, 0x0020, 0x0020, 0x0020, 0x0020, 0x0020, 0x0020, 0x0000, 0x0000, 0x0000, 0x0000, 0x0000,
  0x0000, 0x0000, 0x0000, 0x0000, 0x0000, 0x0000, 0x0000, 0x0020, 0x0020, 0x0020, 0x0020, 0x0020,
  0x0020, 0x0020, 0x0020, 0x0020, 0x0000, 0x0020, 0x0000, 0x0000, 0x0000, 0x0000, 0x0000, 0x0000,
  0x0020, 0x0020, 0x0020, 0x0020, 0x0020, 0x0020, 0x0020, 0x0000, 0x0000, 0x0000, 0x0000, 0x0000,
  0x0000, 0x0020, 0x0020, 0x0020, 0x0020, 0x0020, 0x0020, 0x0020, 0x0020, 0x0020, 0x0020, 0x0020,
  0x0020, 0x0020, 0x0000, 0x0000, 0x0000, 0x0000, 0x0000, 0x0000, 0x0000, 0x0000, 0x0000, 0x0000,
  0x0000, 0x0020, 0x0000, 0x0020, 0x0020, 0x0020, 0x0020, 0x0020, 0x0020, 0x0020, 0x0020, 0x0020,
  0x0020, 0x0020, 0x0000, 0x0000, 0x0000, 0x0000, 0x0000, 0x0000, 0x0000, 0x0000, 0x0020, 0x0020,
  0x0020, 0x0020, 0x0020, 0x0020, 0x0020, 0x0020, 0x0020, 0x0020, 0x0020, 0x0020, 0x0020, 0x0020,
  0x0000, 0x0020, 0x0000, 0x0000, 0x0000, 0x0000, 0x0000, 0x0000, 0x0000, 0x0000, 0x0020, 0x0020,
  0x0020, 0x0020, 0x0020, 0x0020, 0x0020, 0x0020, 0x0020, 0x0020, 0x0020, 0x0020, 0x0020, 0x0020,
  0x0020, 0x0020, 0x0020, 0x0020, 0x0020, 0x0020, 0x0020, 0x0020, 0x0020, 0x0020, 0x0020, 0x0020,
  0x0020, 0x0020, 0x0020, 0x0020, 0x0020, 0x0020, 0x0000, 0x0000, 0x0000, 0x0000, 0x0000, 0x0000,
  0x0000, 0x0000, 0x0000, 0x0000, 0x0000, 0x0000, 0x0000, 0x0000, 0x0000, 0x0000, 0x0000, 0x0000,
  0x0000, 0x0000, 0x0000, 0x0000, 0x0000, 0x0000, 0x0000, 0x0000, 0x0000, 0x0000, 0x0000, 0x0000,
  0x0000, 0x0000, 0x0000, 0x0000, 0x0000, 0x0000, 0x0000, 0x0000, 0x0000, 0x0000, 0x0000, 0x0000,
  0x0000, 0x0000, 0x0000, 0x0000, 0x0000, 0x0000, 0x0000, 0x0000, 0x0000, 0x0000, 0x0000, 0x0000,
  0x0000, 0x0000, 0x0000, 0x0000, 0x0000, 0x0000, 0x0000, 0x0000, 0x0000, 0x0000, 0x0000, 0x0000,
  0x0000, 0x0000, 0x0000, 0x0000, 0x0000, 0x0000, 0x0000, 0x0000, 0x0000, 0x0000, 0x0000, 0x0000,
  0x0000, 0x0000, 0x0000, 0x0000, 0x0000, 0x0000, 0x0000, 0x0000, 0x0000, 0x0000, 0x0000, 0x0000,
  0x0000, 0x0000, 0x0000, 0x0000, 0x0000, 0x0000, 0x0020, 0x0000, 0x0000, 0x0000, 0x0000, 0x0020,
  0x0000, 0x0000, 0x0020, 0x0020, 0x0000, 0x0000, 0x0000, 0x0000, 0x0000, 0x0000, 0x0000, 0x0000,
  0x0000, 0x0020, 0x0020, 0x0020, 0x0020, 0x0020, 0x0020, 0x0020, 0x0000, 0x0000, 0x0000, 0x0000,
  0x0000, 0x0000, 0x0000, 0x0000, 0x0000, 0x0000, 0x0000, 0x0000, 0x0000, 0x0000, 0x0000, 0x0000,
  0x0000, 0x0000, 0x0000, 0x0000, 0x0000, 0x0000, 0x0000, 0x0000, 0x0000, 0x0000, 0x0000, 0x0000,
  0x0000, 0x0000, 0x0000, 0x0000, 0x0000, 0x0000, 0x0000, 0x0000, 0x0000, 0x0000, 0x0000, 0x0000,
  0x0000, 0x0000, 0x0000, 0x0000, 0x0000, 0x0000, 0x0000, 0x0000, 0x0000, 0x0000, 0x0000, 0x0000,
  0x0000, 0x0000, 0x0000, 0x0000, 0x0000, 0x0000, 0x0000, 0x0000, 0x0000, 0x0000, 0x0000, 0x0000,
  0x0000, 0x0000, 0x0000, 0x0000, 0x0000, 0x0000, 0x0000, 0x0000, 0x0000, 0x0000, 0x0000, 0x0000,
  0x0000, 0x0000, 0x0000, 0x0000, 0x0000, 0x0000, 0x0000, 0x0000, 0x0000, 0x0000, 0x0000, 0x0000,
  0x0000, 0x0000, 0x0000, 0x0000, 0x0000, 0x0000, 0x0000, 0x0000, 0x0000, 0x0000, 0x0000, 0x0000,
  0x0000, 0x0000, 0x0000, 0x0000, 0x0000, 0x0000, 0x0000, 0x0000, 0x0000, 0x0000, 0x0000, 0x0000,
  0x0000, 0x0000, 0x0000, 0x0000, 0x0000, 0x0000, 0x0000, 0x0000, 0x0000, 0x0000, 0x0000, 0x0000,
  0x0000, 0x0000, 0x0000, 0x0000, 0x0000, 0x0000, 0x0000, 0x0000, 0x0000, 0x0000, 0x0000, 0x0000,
  0x0000, 0x0000, 0x0000, 0x0000, 0x0000, 0x0000, 0x0000, 0x0000, 0x0000, 0x0000, 0x0000, 0x0000,
  0x0000, 0x0000, 0x0000, 0x0000, 0x0020, 0x0000, 0x0000, 0x0000, 0x0000, 0x0000, 0x0000, 0x0000,
  0x0000, 0x0000, 0x0000, 0x0000, 0x0000, 0x0000, 0x0000, 0x0000, 0x0000, 0x0000, 0x0000, 0x0000,
  0x0000, 0x0000, 0x0000, 0x0000, 0x0000, 0x0000, 0x0000, 0x0000, 0x0000, 0x0000, 0x0000, 0x0000,
  0x0000, 0x0000, 0x0000, 0x0000, 0x0000, 0x0000, 0x0000, 0x0000, 0x0000, 0x0000, 0x0000, 0x0000,
  0x0000, 0x0000, 0x0000, 0x0000, 0x0000, 0x0000, 0x0000, 0x0000, 0x0000, 0x0000, 0x0000, 0x0000,
  0x0000, 0x0000, 0x0000, 0x0000, 0x0000, 0x0000, 0x0000, 0x0000, 0x0000, 0x0000, 0x0000, 0x0000,
  0x0000, 0x0000, 0x0000, 0x0000, 0x0000, 0x0000, 0x0000, 0x0000, 0x0000, 0x0000, 0x0000, 0x0000,
  0x0000, 0x0000, 0x0000, 0x0000, 0x0000, 0x0000, 0x0000, 0x0000, 0x0000, 0x0000, 0x0000, 0x0000,
  0x0000, 0x0000, 0x0000, 0x0000, 0x0000, 0x0000, 0x0000, 0x0000, 0x0000, 0x0000, 0x0000, 0x0000,
  0x0000, 0x0000, 0x0000, 0x0000, 0x0000, 0x0000, 0x0000, 0x0000, 0x0000, 0x0000, 0x0000, 0x0000,
  0x0000, 0x0000, 0x0000, 0x0000, 0x0000, 0x0000, 0x0000, 0x0000, 0x0000, 0x0000, 0x0000, 0x0000,
  0x0000, 0x0000, 0x0000, 0x0000, 0x0000, 0x0000, 0x0000, 0x0000, 0x0000, 0x0000, 0x0000, 0x0000,
  0x0000, 0x0000, 0x0000, 0x0000, 0x0000, 0x0000, 0x0000, 0x0000, 0x0000, 0x0000, 0x0000, 0x0000,
  0x0000, 0x0000, 0x0000, 0x0000, 0x0000, 0x0000, 0x0000, 0x0000, 0x0000, 0x0000, 0x0000, 0x0000,
  0x0000, 0x0000, 0x0000, 0x0000, 0x0000, 0x0000, 0x0000, 0x0000, 0x0000, 0x0000, 0x0000, 0x0000,
  0x0000, 0x0000, 0x0000, 0x0000, 0x0000, 0x0000, 0x0000, 0x0000, 0x0000, 0x0000, 0x0000, 0x0000,
  0x0000, 0x0000, 0x0000, 0x0000, 0x0000, 0x0000, 0x0000, 0x0000, 0x0000, 0x0000, 0x0000, 0x0000,
  0x0000, 0x0000, 0x0000, 0x0000, 0x0000, 0x0000, 0x0000, 0x0000, 0x0000, 0x0000, 0x0000, 0x0000,
  0x0000, 0x0000, 0x0000, 0x0000, 0x0000, 0x0000, 0x0000, 0x0000, 0x0000, 0x0000, 0x0000, 0x0000,
  0x0000, 0x0000, 0x0000, 0x0000, 0x0000, 0x0000, 0x0000, 0x0000, 0x0000, 0x0000, 0x0000, 0x0000,
  0x0000, 0x0000, 0x0000, 0x0000, 0x0000, 0x0000, 0x0000, 0x0000, 0x0000, 0x0000, 0x0000, 0x0000,
  0x0000, 0x0000, 0x0000, 0x0000, 0x0000, 0x0000, 0x0000, 0x0000, 0x0000, 0x0000, 0x0000, 0x0000,
  0x0000, 0x0000, 0x0000, 0x0000, 0x0000, 0x0000, 0x0000, 0x0000, 0x0000, 0x0000, 0x0000, 0x0000,
  0x0000, 0x0000, 0x0000, 0x0000, 0x0000, 0x0000, 0x0000, 0x0000, 0x0000, 0x0000, 0x0000, 0x0000,
  0x0000, 0x0000, 0x0000, 0x0000, 0x0000, 0x0000, 0x0000, 0x0000, 0x0000, 0x0000, 0x0000, 0x0000,
  0x0000, 0x0000, 0x0000, 0x0000, 0x0000, 0x0000, 0x0000, 0x0000, 0x0000, 0x0000, 0x0000, 0x0000,
  0x0000, 0x0000, 0x0000, 0x0000, 0x0000, 0x0000, 0x0000, 0x0000, 0x0000, 0x0000, 0x0000, 0x0000,
  0x0000, 0x0000, 0x0000, 0x0000, 0x0000, 0x0000, 0x0000, 0x0000, 0x0000, 0x0000, 0x0000, 0x0000,
  0x0000, 0x0000, 0x0000, 0x0000, 0x0000, 0x0000, 0x0000, 0x0000, 0x0000, 0x0000, 0x0000, 0x0000,
  0x0000, 0x0000, 0x0000, 0x0000, 0x0000, 0x0000, 0x0000, 0x0000, 0x0000, 0x0000, 0x0000, 0x0000,
  0x0000, 0x0000, 0x0000, 0x0000, 0x0000, 0x0000, 0x0000, 0x0000, 0x0000, 0x0000, 0x0000, 0x0000,
  0x0000, 0x0000, 0x0000, 0x0000, 0x0000, 0x0000, 0x0000, 0x0000, 0x0000, 0x0000, 0x0000, 0x0000,
  0x0000, 0x0000, 0x0000, 0x0000, 0x0000, 0x0000, 0x0000, 0x0000, 0x0000, 0x0000, 0x0000, 0x0000,
  0x0000, 0x0000, 0x0000, 0x0000, 0x0000, 0x0000, 0x0000, 0x0000, 0x0000, 0x0000, 0x0000, 0x0000,
  0x0000, 0x0000, 0x0000, 0x0000, 0x0000, 0x0000, 0x0000, 0x0000, 0x0000, 0x0000, 0x0000, 0x0000,
  0x0000, 0x0000, 0x0000, 0x0000, 0x0000, 0x0000, 0x0000, 0x0000, 0x0000, 0x0000, 0x0000, 0x0000,
  0x0000, 0x0000, 0x0000, 0x0000, 0x0000, 0x0000, 0x0000, 0x0000, 0x0000, 0x0000, 0x0000, 0x0000,
  0x0000, 0x0000, 0x0000, 0x0000, 0x0000, 0x0000, 0x0000, 0x0000, 0x0000, 0x0000, 0x0000, 0x0000,
  0x0000, 0x0000, 0x0000, 0x0000, 0x0000, 0x0000, 0x0000, 0x0000, 0x0000, 0x0000, 0x0000, 0x0000,
  0x0000, 0x0000, 0x0000, 0x0000, 0x0000, 0x0000, 0x0000, 0x0000, 0x0000, 0x0000, 0x0000, 0x0000,
  0x0000, 0x0000, 0x0000, 0x0000, 0x0000, 0x0000, 0x0000, 0x0000, 0x0000, 0x0000, 0x0000, 0x0000,
  0x0000, 0x0000, 0x0000, 0x0000, 0x0000, 0x0000, 0x0000, 0x0000, 0x0000, 0x0000, 0x0000, 0x0000,
  0x0000, 0x0000, 0x0000, 0x0000, 0x0000, 0x0000, 0x0000, 0x0000, 0x0000, 0x0000, 0x0000, 0x0000,
  0x0000, 0x0000, 0x0000, 0x0000, 0x0000, 0x0000, 0x0000, 0x0000, 0x0000, 0x0000, 0x0000, 0x0000,
  0x0000, 0x0000, 0x0000, 0x0000, 0x0000, 0x0000, 0x0000, 0x0000, 0x0000, 0x0000, 0x0000, 0x0000,
  0x0000, 0x0000, 0x0000, 0x0000, 0x0000, 0x0000, 0x0000, 0x0000, 0x0000, 0x0000, 0x0000, 0x0000,
  0x0000, 0x0000, 0x0000, 0x0000, 0x0000, 0x0000, 0x0000, 0x0000, 0x0000, 0x0000, 0x0000, 0x0000,
  0x0000, 0x0000, 0x0000, 0x0000, 0x0000, 0x0000, 0x0000, 0x0000, 0x0000, 0x0000, 0x0000, 0x0000,
  0x0000, 0x0000, 0x0000, 0x0000, 0x0000, 0x0000, 0x0000, 0x0000, 0x0000, 0x0000, 0x0000, 0x0000,
  0x0000, 0x0000, 0x0000, 0x0000, 0x0000, 0x0000, 0x0000, 0x0000, 0x0000, 0x0000, 0x0000, 0x0000,
  0x0000, 0x0000, 0x0000, 0x0000, 0x0000, 0x0000, 0x0000, 0x0000, 0x0000, 0x0000, 0x0000, 0x0000,
  0x0000, 0x0000, 0x0000, 0x0000, 0x0000, 0x0000, 0x0000, 0x0000, 0x0000, 0x0000, 0x0000, 0x0000,
  0x0000, 0x0000, 0x0000, 0x0000, 0x0000, 0x0000, 0x0000, 0x0000, 0x0000, 0x0000, 0x0000, 0x0000,
  0x0000, 0x0000, 0x0000, 0x0000, 0x0000, 0x0000, 0x0000, 0x0000, 0x0000, 0x0000, 0x0000, 0x0000,
  0x0000, 0x0000, 0x0000, 0x0000, 0x0000, 0x0000, 0x0000, 0x0000, 0x0000, 0x0000, 0x0000, 0x0000,
  0x0000, 0x0000, 0x0000, 0x0000, 0x0000, 0x0000, 0x0000, 0x0000, 0x0000, 0x0000, 0x0000, 0x0000,
  0x0000, 0x0000, 0x0000, 0x0000, 0x0000, 0x0000, 0x0000, 0x0000, 0x0000, 0x0000, 0x0000, 0x0000,
  0x0000, 0x0000, 0x0000, 0x0000, 0x0000, 0x0000, 0x0000, 0x0000, 0x0000, 0x0000, 0x0000, 0x0000,
  0x0000, 0x0000, 0x0000, 0x0000, 0x0000, 0x0000, 0x0000, 0x0000, 0x0000, 0x0000, 0x0000, 0x0000,
  0x0000, 0x0000, 0x0000, 0x0000, 0x0000, 0x0000, 0x0000, 0x0000, 0x0000, 0x0000, 0x0000, 0x0000,
  0x0000, 0x0000, 0x0000, 0x0000, 0x0000, 0x0000, 0x0000, 0x0000, 0x0000, 0x0000, 0x0000, 0x0000,
  0x0000, 0x0000, 0x0000, 0x0000, 0x0000, 0x0000, 0x0000, 0x0000, 0x0000, 0x0000, 0x0000, 0x0000,
  0x0000, 0x0000, 0x0000, 0x0000, 0x0000, 0x0000, 0x0000, 0x0000, 0x0000, 0x0000, 0x0000, 0x0000,
  0x0000, 0x0000, 0x0000, 0x0000, 0x0000, 0x0000, 0x0000, 0x0000, 0x0000, 0x0000, 0x0000, 0x0000,
  0x0000, 0x0000, 0x0000, 0x0000, 0x0000, 0x0000, 0x0000, 0x0000, 0x0000, 0x0000, 0x0000, 0x0000,
  0x0000, 0x0000, 0x0000, 0x0000, 0x0000, 0x0000, 0x0000, 0x0000, 0x0000, 0x0000, 0x0000, 0x0000,
  0x0000, 0x0000, 0x0000, 0x0000, 0x0000, 0x0000, 0x0000, 0x0000, 0x0000, 0x0000, 0x0000, 0x0000,
  0x0000, 0x0000, 0x0000, 0x0000, 0x0000, 0x0000, 0x0000, 0x0000, 0x0000, 0x0000, 0x0000, 0x0000,
  0x0000, 0x0000, 0x0000, 0x0000, 0x0000, 0x0000, 0x0000, 0x0000, 0x0000, 0x0000, 0x0000, 0x0000,
  0x0000, 0x0000, 0x0000, 0x0000, 0x0000, 0x0000, 0x0000, 0x0000, 0x0000, 0x0000, 0x0000, 0x0000,
  0x0000, 0x0000, 0x0000, 0x0000, 0x0000, 0x0000, 0x0000, 0x0000, 0x0000, 0x0000, 0x0000, 0x0000,
  0x0000, 0x0000, 0x0000, 0x0000, 0x0000, 0x0000, 0x0000, 0x0000, 0x0000, 0x0000, 0x0000, 0x0000,
  0x0000, 0x0000, 0x0000, 0x0000, 0x0000, 0x0000, 0x0000, 0x0000, 0x0000, 0x0000, 0x0000, 0x0000,
  0x0000, 0x0000, 0x0000, 0x0000, 0x0000, 0x0000, 0x0000, 0x0000, 0x0000, 0x0000, 0x0000, 0x0000,
  0x0000, 0x0000, 0x0000, 0x0000, 0x0000, 0x0000, 0x0000, 0x0000, 0x0000, 0x0000, 0x0000, 0x0000,
  0x0000, 0x0000, 0x0000, 0x0000, 0x0000, 0x0000, 0x0000, 0x0000, 0x0000, 0x0000, 0x0000, 0x0000,
  0x0000, 0x0000, 0x0000, 0x0000, 0x0000, 0x0000, 0x0000, 0x0000, 0x0000, 0x0000, 0x0000, 0x0000,
  0x0000, 0x0000, 0x0000, 0x0000, 0x0000, 0x0000, 0x0000, 0x0000, 0x0000, 0x0000, 0x0000, 0x0000,
  0x0000, 0x0000, 0x0000, 0x0000, 0x0000, 0x0000, 0x0000, 0x0000, 0x0000, 0x0000, 0x0000, 0x0000,
  0x0000, 0x0000, 0x0000, 0x0000, 0x0000, 0x0000, 0x0000, 0x0000, 0x0000, 0x0000, 0x0000, 0x0000,
  0x0000, 0x0000, 0x0000, 0x0000, 0x0000, 0x0000, 0x0000, 0x0000, 0x0000, 0x0000, 0x0000, 0x0000,
  0x0000, 0x0000, 0x0000, 0x0000, 0x0000, 0x0000, 0x0000, 0x0000, 0x0000, 0x0000, 0x0000, 0x0000,
  0x0000, 0x0000, 0x0000, 0x0000, 0x0000, 0x0000, 0x0000, 0x0000, 0x0000, 0x0000, 0x0000, 0x0000,
  0x0000, 0x0000, 0x0000, 0x0000, 0x0000, 0x0000, 0x0000, 0x0000, 0x0000, 0x0000, 0x0000, 0x0000,
  0x0000, 0x0000, 0x0000, 0x0000, 0x0000, 0x0000, 0x0000, 0x0000, 0x0000, 0x0000, 0x0000, 0x0000,
  0x0000, 0x0000, 0x0000, 0x0000, 0x0000, 0x0000, 0x0000, 0x0000, 0x0000, 0x0000, 0x0000, 0x0000,
  0x0000, 0x0000, 0x0000, 0x0000, 0x0000, 0x0000, 0x0000, 0x0000, 0x0000, 0x0000, 0x0000, 0x0000,
  0x0000, 0x0000, 0x0000, 0x0000, 0x0000, 0x0000, 0x0000, 0x0000, 0x0000, 0x0000, 0x0000, 0x0000,
  0x0000, 0x0000, 0x0000, 0x0000, 0x0000, 0x0000, 0x0000, 0x0000, 0x0000, 0x0000, 0x0000, 0x0000,
  0x0000, 0x0000, 0x0000, 0x0000, 0x0000, 0x0000, 0x0000, 0x0000, 0x0000, 0x0000, 0x0000, 0x0000,
  0x0000, 0x0000, 0x0000, 0x0000, 0x0000, 0x0000, 0x0000, 0x0000, 0x0000, 0x0000, 0x0000, 0x0000,
  0x0000, 0x0000, 0x0000, 0x0000, 0x0000, 0x0000, 0x0000, 0x0000, 0x0000, 0x0000, 0x0000, 0x0000,
  0x0000, 0x0000, 0x0000, 0x0000, 0x0000, 0x0000, 0x0000, 0x0000, 0x0000, 0x0000, 0x0000, 0x0000,
  0x0000, 0x0000, 0x0000, 0x0000, 0x0000, 0x0000, 0x0000, 0x0000, 0x0000, 0x0000, 0x0000, 0x0000,
  0x0000, 0x0000, 0x0000, 0x0000, 0x0000, 0x0000, 0x0000, 0x0000, 0x0000, 0x0000, 0x0000, 0x0000,
  0x0000, 0x0000, 0x0000, 0x0000, 0x0000, 0x0000, 0x0000, 0x0000, 0x0000, 0x0000, 0x0000, 0x0000,
  0x0000, 0x0000, 0x0000, 0x0000, 0x0000, 0x0000, 0x0000, 0x0000, 0x0000, 0x0000, 0x0000, 0x0000,
  0x0000, 0x0000, 0x0000, 0x0000, 0x0000, 0x0000, 0x0000, 0x0000, 0x0000, 0x0000, 0x0000, 0x0000,
  0x0000, 0x0000, 0x0000, 0x0000, 0x0000, 0x0000, 0x0000, 0x0000, 0x0000, 0x0000, 0x0000, 0x0000,
  0x0000, 0x0000, 0x0000, 0x0000, 0x0000, 0x0000, 0x0000, 0x0000, 0x0000, 0x0000, 0x0000, 0x0000,
  0x0000, 0x0000, 0x0000, 0x0000, 0x0000, 0x0000, 0x0000, 0x0000, 0x0000, 0x0000, 0x0000, 0x0000,
  0x0000, 0x0000, 0x0000, 0x0000, 0x0000, 0x0000, 0x0000, 0x0000, 0x0000, 0x0000, 0x0000, 0x0000,
  0x0000, 0x0000, 0x0000, 0x0000, 0x0000, 0x0000, 0x0000, 0x0000, 0x0000, 0x0000, 0x0000, 0x0000,
  0x0000, 0x0000, 0x0000, 0x0000, 0x0000, 0x0000, 0x0000, 0x0000, 0x0000, 0x0000, 0x0000, 0x0000,
  0x0000, 0x0000, 0x0000, 0x0000, 0x0000, 0x0000, 0x0000, 0x0000, 0x0000, 0x0000, 0x0000, 0x0000,
  0x0000, 0x0000, 0x0000, 0x0000, 0x0000, 0x0000, 0x0000, 0x0000, 0x0000, 0x0000, 0x0000, 0x0000,
  0x0000, 0x0000, 0x0000, 0x0000, 0x0000, 0x0000, 0x0000, 0x0000, 0x0000, 0x0000, 0x0000, 0x0000,
  0x0000, 0x0000, 0x0000, 0x0000, 0x0000, 0x0000, 0x0000, 0x0000, 0x0000, 0x0000, 0x0000, 0x0000,
  0x0000, 0x0000, 0x0000, 0x0000, 0x0000, 0x0000, 0x0000, 0x0000, 0x0000, 0x0000, 0x0000, 0x0000,
  0x0000, 0x0000, 0x0000, 0x0000, 0x0000, 0x0000, 0x0000, 0x0000, 0x0000, 0x0000, 0x0000, 0x0000,
  0x0000, 0x0000, 0x0000, 0x0000, 0x0000, 0x0000, 0x0000, 0x0000, 0x0000, 0x0000, 0x0000, 0x0000,
  0x0000, 0x0000, 0x0000, 0x0000, 0x0000, 0x0000, 0x0000, 0x0000, 0x0000, 0x0000, 0x0000, 0x0000,
  0x0000, 0x0000, 0x0000, 0x0000, 0x0000, 0x0000, 0x0000, 0x0000, 0x0000, 0x0000, 0x0000, 0x0000,
  0x0000, 0x0000, 0x0000, 0x0000, 0x0000, 0x0000, 0x0000, 0x0000, 0x0000, 0x0000, 0x0000, 0x0000,
  0x0000, 0x0000, 0x0000, 0x0000, 0x0000, 0x0000, 0x0000, 0x0000, 0x0000, 0x0000, 0x0000, 0x0000,
  0x0000, 0x0000, 0x0000, 0x0000, 0x0000, 0x0000, 0x0000, 0x0000, 0x0000, 0x0000, 0x0000, 0x0000,
  0x0000, 0x0000, 0x0000, 0x0000, 0x0000, 0x0000, 0x0000, 0x0000, 0x0000, 0x0000, 0x0000, 0x0000,
  0x0000, 0x0000, 0x0000, 0x0000, 0x0000, 0x0000, 0x0000, 0x0000, 0x0000, 0x0000, 0x0000, 0x0000,
  0x0000, 0x0000, 0x0000, 0x0000, 0x0000, 0x0000, 0x0000, 0x0000, 0x0000, 0x0000, 0x0000, 0x0000,
  0x0000, 0x0000, 0x0000, 0x0000, 0x0000, 0x0000, 0x0000, 0x0000, 0x0000, 0x0000, 0x0000, 0x0000,
  0x0000, 0x0000, 0x0000, 0x0000, 0x0000, 0x0000, 0x0000, 0x0000, 0x0000, 0x0000, 0x0000, 0x0000,
  0x0000, 0x0000, 0x0000, 0x0000, 0x0000, 0x0000, 0x0000, 0x0000, 0x0000, 0x0000, 0x0000, 0x0000,
  0x0000, 0x0000, 0x0000, 0x0000, 0x0000, 0x0000, 0x0000, 0x0000, 0x0000, 0x0000, 0x0000, 0x0000,
  0x0000, 0x0000, 0x0000, 0x0000, 0x0000, 0x0000, 0x0000, 0x0000, 0x0000, 0x0000, 0x0000, 0x0000,
  0x0000, 0x0000, 0x0000, 0x0000, 0x0000, 0x0000, 0x0000, 0x0000, 0x0000, 0x0000, 0x0000, 0x0000,
  0x0000, 0x0000, 0x0000, 0x0000, 0x0000, 0x0000, 0x0000, 0x0000, 0x0000, 0x0000, 0x0000, 0x0000,
  0x0000, 0x0000, 0x0000, 0x0000, 0x0000, 0x0000, 0x0000, 0x0000, 0x0000, 0x0000, 0x0000, 0x0000,
  0x0000, 0x0000, 0x0000, 0x0000, 0x0000, 0x0000, 0x0000, 0x0000, 0x0000, 0x0000, 0x0000, 0x0000,
  0x0000, 0x0000, 0x0000, 0x0000, 0x0000, 0x0000, 0x0000, 0x0000, 0x0000, 0x0000, 0x0000, 0x0000,
  0x0000, 0x0000, 0x0000, 0x0000, 0x0000, 0x0000, 0x0000, 0x0000, 0x0000, 0x0000, 0x0000, 0x0000,
  0x0000, 0x0000, 0x0000, 0x0000, 0x0000, 0x0000, 0x0000, 0x0000, 0x0000, 0x0000, 0x0000, 0x0000,
  0x0000, 0x0000, 0x0000, 0x0000, 0x0000, 0x0000, 0x0000, 0x0000, 0x0000, 0x0000, 0x0000, 0x0000,
  0x0000, 0x0000, 0x0000, 0x0000, 0x0000, 0x0000, 0x0000, 0x0000, 0x0000, 0x0000, 0x0000, 0x0000,
  0x0000, 0x0000, 0x0000, 0x0000, 0x0000, 0x0000, 0x0000, 0x0000, 0x0000, 0x0000, 0x0000, 0x0000,
  0x0000, 0x0000, 0x0000, 0x0000, 0x0000, 0x0000, 0x0000, 0x0000, 0x0000, 0x0000, 0x0000, 0x0000,
  0x0000, 0x0000, 0x0000, 0x0000, 0x0000, 0x0000, 0x0000, 0x0000, 0x0000, 0x0000, 0x0000, 0x0000,
  0x0000, 0x0000, 0x0000, 0x0000, 0x0000, 0x0000, 0x0000, 0x0000, 0x0000, 0x0000, 0x0000, 0x0000,
  0x0000, 0x0000, 0x0000, 0x0000, 0x0000, 0x0000, 0x0000, 0x0000, 0x0000, 0x0000, 0x0000, 0x0000,
  0x0000, 0x0000, 0x0000, 0x0000, 0x0000, 0x0000, 0x0000, 0x0000, 0x0000, 0x0000, 0x0000, 0x0000,
  0x0000, 0x0000, 0x0000, 0x0000, 0x0000, 0x0000, 0x0000, 0x0000, 0x0000, 0x0000, 0x0000, 0x0000,
  0x0000, 0x0000, 0x0000, 0x0000, 0x0000, 0x0000, 0x0000, 0x0000, 0x0000, 0x0000, 0x0000, 0x0000,
  0x0000, 0x0000, 0x0000, 0x0000, 0x0000, 0x0000, 0x0000, 0x0000, 0x0000, 0x0000, 0x0000, 0x0000,
  0x0000, 0x0000, 0x0000, 0x0000, 0x0000, 0x0000, 0x0000, 0x0000, 0x0000, 0x0000, 0x0000, 0x0000,
  0x0000, 0x0000, 0x0000, 0x0000, 0x0000, 0x0000, 0x0000, 0x0000, 0x0000, 0x0000, 0x0000, 0x0000,
  0x0000, 0x0000, 0x0000, 0x0000, 0x0000, 0x0000, 0x0000, 0x0000, 0x0000, 0x0000, 0x0000, 0x0000,
  0x0000, 0x0000, 0x0000, 0x0000, 0x0000, 0x0000, 0x0000, 0x0000, 0x0000, 0x0000, 0x0000, 0x0000,
  0x0000, 0x0000, 0x0000, 0x0000, 0x0000, 0x0000, 0x0000, 0x0000, 0x0000, 0x0000, 0x0000, 0x0000,
  0x0000, 0x0000, 0x0000, 0x0000, 0x0000, 0x0000, 0x0000, 0x0000, 0x0000, 0x0000, 0x0000, 0x0000,
  0x0000, 0x0000, 0x0000, 0x0000, 0x0000, 0x0000, 0x0000, 0x0000, 0x0000, 0x0000, 0x0000, 0x0000,
  0x0000, 0x0000, 0x0000, 0x0000, 0x0000, 0x0000, 0x0000, 0x0000, 0x0000, 0x0000, 0x0000, 0x0000,
  0x0000, 0x0000, 0x0000, 0x0000, 0x0000, 0x0000, 0x0000, 0x0000, 0x0000, 0x0000, 0x0000, 0x0000,
  0x0000, 0x0000, 0x0000, 0x0000, 0x0000, 0x0000, 0x0000, 0x0000, 0x0000, 0x0000, 0x0000, 0x0000,
  0x0000, 0x0000, 0x0000, 0x0000, 0x0000, 0x0000, 0x0000, 0x0000, 0x0000, 0x0000, 0x0000, 0x0000,
  0x0000, 0x0000, 0x0000, 0x0000, 0x0000, 0x0000, 0x0000, 0x0000, 0x0000, 0x0000, 0x0000, 0x0000,
  0x0000, 0x0000, 0x0000, 0x0000, 0x0000, 0x0000, 0x0000, 0x0000, 0x0000, 0x0000, 0x0000, 0x0000,
  0x0000, 0x0000, 0x0000, 0x0000, 0x0000, 0x0000, 0x0000, 0x0000, 0x0000, 0x0000, 0x0000, 0x0000,
  0x0000, 0x0000, 0x0000, 0x0000, 0x0000, 0x0000, 0x0000, 0x0000, 0x0000, 0x0000, 0x0000, 0x0000,
  0x0000, 0x0000, 0x0000, 0x0000, 0x0000, 0x0000, 0x0000, 0x0000, 0x0000, 0x0000, 0x0000, 0x0000,
  0x0000, 0x0000, 0x0000, 0x0000, 0x0000, 0x0000, 0x0000, 0x0000, 0x0000, 0x0000, 0x0000, 0x0000,
  0x0000, 0x0000, 0x0000, 0x0000, 0x0000, 0x0000, 0x0000, 0x0000, 0x0000, 0x0000, 0x0000, 0x0000,
  0x0000, 0x0000, 0x0000, 0x0000, 0x0000, 0x0000, 0x0000, 0x0000, 0x0000, 0x0000, 0x0000, 0x0000,
  0x0000, 0x0000, 0x0000, 0x0000, 0x0000, 0x0000, 0x0000, 0x0000, 0x0000, 0x0000, 0x0000, 0x0000,
  0x0000, 0x0000, 0x0000, 0x0000, 0x0000, 0x0000, 0x0000, 0x0000, 0x0000, 0x0000, 0x0000, 0x0000,
  0x0000, 0x0000, 0x0000, 0x0000, 0x0000, 0x0000, 0x0000, 0x0000, 0x0000, 0x0000, 0x0000, 0x0000,
  0x0000, 0x0000, 0x0000, 0x0000, 0x0000, 0x0000, 0x0000, 0x0000, 0x0000, 0x0000, 0x0000, 0x0000,
  0x0000, 0x0000, 0x0000, 0x0000, 0x0000, 0x0000, 0x0000, 0x0000, 0x0000, 0x0000, 0x0000, 0x0000,
  0x0000, 0x0000, 0x0000, 0x0000, 0x0000, 0x0000, 0x0000, 0x0000, 0x0000, 0x0000, 0x0000, 0x0000,
  0x0000, 0x0000, 0x0000, 0x0000, 0x0000, 0x0000, 0x0000, 0x0000, 0x0000, 0x0000, 0x0000, 0x0000,
  0x0000, 0x0000, 0x0000, 0x0000, 0x0000, 0x0000, 0x0000, 0x0000, 0x0000, 0x0000, 0x0000, 0x0000,
  0x0000, 0x0000, 0x0000, 0x0000, 0x0000, 0x0000, 0x0000, 0x0000, 0x0000, 0x0000, 0x0000, 0x0000,
  0x0000, 0x0000, 0x0000, 0x0000, 0x0000, 0x0000, 0x0000, 0x0000, 0x0000, 0x0000, 0x0000, 0x0000,
  0x0000, 0x0000, 0x0000, 0x0000, 0x0000, 0x0000, 0x0000, 0x0000, 0x0000, 0x0000, 0x0000, 0x0000,
  0x0000, 0x0000, 0x0000, 0x0000, 0x0000, 0x0000, 0x0000, 0x0000, 0x0000, 0x0000, 0x0000, 0x0000,
  0x0000, 0x0000, 0x0000, 0x0000, 0x0000, 0x0000, 0x0000, 0x0000, 0x0000, 0x0000, 0x0000, 0x0000,
  0x0000, 0x0000, 0x0000, 0x0000, 0x0000, 0x0000, 0x0000, 0x0000, 0x0000, 0x0000, 0x0000, 0x0000,
  0x0000, 0x0000, 0x0000, 0x0000, 0x0000, 0x0000, 0x0000, 0x0000, 0x0000, 0x0000, 0x0000, 0x0000,
  0x0000, 0x0000, 0x0000, 0x0000, 0x0000, 0x0000, 0x0000, 0x0000, 0x0000, 0x0000, 0x0000, 0x0000,
  0x0000, 0x0000, 0x0000, 0x0000, 0x0000, 0x0000, 0x0000, 0x0000, 0x0000, 0x0000, 0x0000, 0x0000,
  0x0000, 0x0000, 0x0000, 0x0000, 0x0000, 0x0000, 0x0000, 0x0000, 0x0000, 0x0000, 0x0000, 0x0000,
  0x0000, 0x0000, 0x0000, 0x0000, 0x0000, 0x0000, 0x0000, 0x0000, 0x0000, 0x0000, 0x0000, 0x0000,
  0x0000, 0x0000, 0x0000, 0x0000, 0x0000, 0x0000, 0x0000, 0x0000, 0x0000, 0x0000, 0x0000, 0x0000,
  0x0000, 0x0000, 0x0000, 0x0000, 0x0000, 0x0000, 0x0000, 0x0000, 0x0000, 0x0000, 0x0000, 0x0000,
  0x0000, 0x0000, 0x0000, 0x0000, 0x0000, 0x0000, 0x0000, 0x0000, 0x0000, 0x0000, 0x0000, 0x0000,
  0x0000, 0x0000, 0x0000, 0x0000, 0x0000, 0x0000, 0x0000, 0x0000, 0x0000, 0x0000, 0x0000, 0x0000,
  0x0000, 0x0000, 0x0000, 0x0000, 0x0000, 0x0000, 0x0000, 0x0000, 0x0000, 0x0000, 0x0000, 0x0000,
  0x0000, 0x0000, 0x0000, 0x0000, 0x0000, 0x0000, 0x0000, 0x0000, 0x0000, 0x0000, 0x0000, 0x0000,
  0x0000, 0x0000, 0x0000, 0x0000, 0x0000, 0x0000, 0x0000, 0x0000, 0x0000, 0x0000, 0x0000, 0x0000,
  0x0000, 0x0000, 0x0000, 0x0000, 0x0000, 0x0000, 0x0000, 0x0000, 0x0000, 0x0000, 0x0000, 0x0000,
  0x0000, 0x0000, 0x0000, 0x0000, 0x0000, 0x0000, 0x0000, 0x0000, 0x0000, 0x0000, 0x0000, 0x0000,
  0x0000, 0x0000, 0x0000, 0x0000, 0x0000, 0x0000, 0x0000, 0x0000, 0x0000, 0x0000, 0x0000, 0x0000,
  0x0000, 0x0000, 0x0000, 0x0000, 0x0000, 0x0000, 0x0000, 0x0000, 0x0000, 0x0000, 0x0000, 0x0000,
  0x0000, 0x0000, 0x0000, 0x0000, 0x0000, 0x0000, 0x0000, 0x0000, 0x0000, 0x0000, 0x0000, 0x0000,
  0x0000, 0x0000, 0x0000, 0x0000, 0x0000, 0x0000, 0x0000, 0x0000, 0x0000, 0x0000, 0x0000, 0x0000,
  0x0000, 0x0000, 0x0000, 0x0000, 0x0000, 0x0000, 0x0000, 0x0000, 0x0000, 0x0000, 0x0000, 0x0000,
  0x0000, 0x0000, 0x0000, 0x0000, 0x0000, 0x0000, 0x0000, 0x0000, 0x0000, 0x0000, 0x0000, 0x0000,
  0x0000, 0x0000, 0x0000, 0x0000, 0x0000, 0x0000, 0x0000, 0x0000, 0x0000, 0x0000, 0x0000, 0x0000,
  0x0000, 0x0000, 0x0000, 0x0000, 0x0000, 0x0000, 0x0000, 0x0000, 0x0000, 0x0000, 0x0000, 0x0000,
  0x0000, 0x0000, 0x0000, 0x0000, 0x0000, 0x0000, 0x0000, 0x0000, 0x0000, 0x0000, 0x0000, 0x0000,
  0x0000, 0x0000, 0x0000, 0x0000, 0x0000, 0x0000, 0x0000, 0x0000, 0x0000, 0x0000, 0x0000, 0x0000,
  0x0000, 0x0000, 0x0000, 0x0000, 0x0000, 0x0000, 0x0000, 0x0000, 0x0000, 0x0000, 0x0000, 0x0000,
  0x0000, 0x0000, 0x0000, 0x0000, 0x0000, 0x0000, 0x0000, 0x0000, 0x0000, 0x0000, 0x0000, 0x0000,
  0x0000, 0x0000, 0x0000, 0x0000, 0x0000, 0x0000, 0x0000, 0x0000, 0x0000, 0x0000, 0x0000, 0x0000,
  0x0000, 0x0000, 0x0000, 0x0000, 0x0000, 0x0000, 0x0000, 0x0000, 0x0000, 0x0000, 0x0000, 0x0000,
  0x0000, 0x0000, 0x0000, 0x0000, 0x0000, 0x0000, 0x0000, 0x0000, 0x0000, 0x0000, 0x0000, 0x0000,
  0x0000, 0x0000, 0x0000, 0x0000, 0x0000, 0x0000, 0x0000, 0x0000, 0x0000, 0x0000, 0x0000, 0x0000,
  0x0000, 0x0000, 0x0000, 0x0000, 0x0000, 0x0000, 0x0000, 0x0000, 0x0000, 0x0000, 0x0000, 0x0000,
  0x0000, 0x0000, 0x0000, 0x0000, 0x0000, 0x0000, 0x0000, 0x0000, 0x0000, 0x0000, 0x0000, 0x0000,
  0x0000, 0x0000, 0x0000, 0x0000, 0x0000, 0x0000, 0x0000, 0x0000, 0x0000, 0x0000, 0x0000, 0x0000,
  0x0000, 0x0000, 0x0000, 0x0000, 0x0000, 0x0000, 0x0000, 0x0000, 0x0000, 0x0000, 0x0000, 0x0000,
  0x0000, 0x0000, 0x0000, 0x0000, 0x0000, 0x0000, 0x0000, 0x0000, 0x0000, 0x0000, 0x0000, 0x0000,
  0x0000, 0x0000, 0x0000, 0x0000, 0x0000, 0x0000, 0x0000, 0x0000, 0x0000, 0x0000, 0x0000, 0x0000,
  0x0000, 0x0000, 0x0000, 0x0000, 0x0000, 0x0000, 0x0000, 0x0000, 0x0000, 0x0000, 0x0000, 0x0000,
  0x0000, 0x0000, 0x0000, 0x0000, 0x0000, 0x0000, 0x0000, 0x0000, 0x0000, 0x0000, 0x0000, 0x0000,
  0x0000, 0x0000, 0x0000, 0x0000, 0x0000, 0x0000, 0x0000, 0x0000, 0x0000, 0x0000, 0x0000, 0x0000,
  0x0000, 0x0000, 0x0000, 0x0000, 0x0000, 0x0000, 0x0000, 0x0000, 0x0000, 0x0000, 0x0000, 0x0000,
  0x0000, 0x0000, 0x0000, 0x0000, 0x0000, 0x0000, 0x0000, 0x0000, 0x0000, 0x0000, 0x0000, 0x0000,
  0x0000, 0x0000, 0x0000, 0x0000, 0x0000, 0x0000, 0x0000, 0x0000, 0x0000, 0x0000, 0x0000, 0x0000,
  0x0000, 0x0000, 0x0000, 0x0000, 0x0000, 0x0000, 0x0000, 0x0000, 0x0000, 0x0000, 0x0000, 0x0000,
  0x0000, 0x0000, 0x0000, 0x0000, 0x0000, 0x0000, 0x0000, 0x0000, 0x0000, 0x0000, 0x0000, 0x0000,
  0x0000, 0x0000, 0x0000, 0x0000, 0x0000, 0x0000, 0x0000, 0x0000, 0x0000, 0x0000, 0x0000, 0x0000,
  0x0000, 0x0000, 0x0000, 0x0000, 0x0000, 0x0000, 0x0000, 0x0000, 0x0000, 0x0000, 0x0000, 0x0000,
  0x0000, 0x0000, 0x0000, 0x0000, 0x0000, 0x0000, 0x0000, 0x0000, 0x0000, 0x0000, 0x0000, 0x0000,
  0x0000, 0x0000, 0x0000, 0x0000, 0x0000, 0x0000, 0x0000, 0x0000, 0x0000, 0x0000, 0x0000, 0x0000,
  0x0000, 0x0000, 0x0000, 0x0000, 0x0000, 0x0000, 0x0000, 0x0000, 0x0000, 0x0000, 0x0000, 0x0000,
  0x0000, 0x0000, 0x0000, 0x0000, 0x0000, 0x0000, 0x0000, 0x0000, 0x0000, 0x0000, 0x0000, 0x0000,
  0x0000, 0x0000, 0x0000, 0x0000, 0x0000, 0x0000, 0x0000, 0x0000, 0x0000, 0x0000, 0x0000, 0x0000,
  0x0000, 0x0000, 0x0000, 0x0000, 0x0000, 0x0000, 0x0000, 0x0000, 0x0000, 0x0000, 0x0000, 0x0000,
  0x0000, 0x0000, 0x0000, 0x0000, 0x0000, 0x0000, 0x0000, 0x0000, 0x0000, 0x0000, 0x0000, 0x0000,
  0x0000, 0x0000, 0x0000, 0x0000, 0x0000, 0x0000, 0x0000, 0x0000, 0x0000, 0x0000, 0x0000, 0x0000,
  0x0000, 0x0000, 0x0000, 0x0000, 0x0000, 0x0000, 0x0000, 0x0000, 0x0000, 0x0000, 0x0000, 0x0000,
  0x0000, 0x0000, 0x0000, 0x0000, 0x0000, 0x0000, 0x0000, 0x0000, 0x0000, 0x0000, 0x0000, 0x0000,
  0x0000, 0x0000, 0x0000, 0x0000, 0x0000, 0x0000, 0x0000, 0x0000, 0x0000, 0x0000, 0x0000, 0x0000,
  0x0000, 0x0000, 0x0000, 0x0000, 0x0000, 0x0000, 0x0000, 0x0000, 0x0000, 0x0000, 0x0000, 0x0000,
  0x0000, 0x0000, 0x0000, 0x0000, 0x0000, 0x0000, 0x0000, 0x0000, 0x0000, 0x0000, 0x0000, 0x0000,
  0x0000, 0x0000, 0x0000, 0x0000, 0x0000, 0x0000, 0x0000, 0x0000, 0x0000, 0x0000, 0x0000, 0x0000,
  0x0000, 0x0000, 0x0000, 0x0000, 0x0000, 0x0000, 0x0000, 0x0000, 0x0000, 0x0000, 0x0000, 0x0000,
  0x0000, 0x0000, 0x0000, 0x0000, 0x0000, 0x0000, 0x0000, 0x0000, 0x0000, 0x0000, 0x0000, 0x0000,
  0x0000, 0x0000, 0x0000, 0x0000, 0x0000, 0x0000, 0x0000, 0x0000, 0x0000, 0x0000, 0x0000, 0x0000,
  0x0000, 0x0000, 0x0000, 0x0000, 0x0000, 0x0000, 0x0000, 0x0000, 0x0000, 0x0000, 0x0000, 0x0000,
  0x0000, 0x0000, 0x0000, 0x0000, 0x0000, 0x0000, 0x0000, 0x0000, 0x0000, 0x0000, 0x0000, 0x0000,
  0x0000, 0x0000, 0x0000, 0x0000, 0x0000, 0x0000, 0x0000, 0x0000, 0x0000, 0x0000, 0x0000, 0x0000,
  0x0000, 0x0000, 0x0000, 0x0000, 0x0000, 0x0000, 0x0000, 0x0000, 0x0000, 0x0000, 0x0000, 0x0000,
  0x0000, 0x0000, 0x0000, 0x0000, 0x0000, 0x0000, 0x0000, 0x0000, 0x0000, 0x0000, 0x0000, 0x0000,
  0x0000, 0x0000, 0x0000, 0x0000, 0x0000, 0x0000, 0x0000, 0x0000, 0x0000, 0x0000, 0x0000, 0x0000,
  0x0000, 0x0000, 0x0000, 0x0000, 0x0000, 0x0000, 0x0000, 0x0000, 0x0000, 0x0000, 0x0000, 0x0000,
  0x0000, 0x0000, 0x0000, 0x0000, 0x0000, 0x0000, 0x0000, 0x0000, 0x0000, 0x0000, 0x0000, 0x0000,
  0x0000, 0x0000, 0x0000, 0x0000, 0x0000, 0x0000, 0x0000, 0x0000, 0x0000, 0x0000, 0x0000, 0x0000
};

#endif
